Solver,,,Solvers/RandomForest,Solvers/RandomForest,Solvers/RandomForest
Meta,,,Value,Seed,Configuration
Objective,Instance,Run,,,
PAR10,Instances/Iris/Iris.csv,1,,,
PAR10,Instances/Iris/Iris.csv,2,,,
PAR10,Instances/Iris/Iris.csv,3,,,
PAR10,Instances/Iris/Iris.csv,4,,,
PAR10,Instances/Iris/Iris.csv,5,,,
PAR10,Instances/Iris/Iris.csv,6,,,
PAR10,Instances/Iris/Iris.csv,7,,,
PAR10,Instances/Iris/Iris.csv,8,,,
PAR10,Instances/Iris/Iris.csv,9,,,
PAR10,Instances/Iris/Iris.csv,10,,,
PAR10,Instances/Iris/Iris.csv,11,,,
PAR10,Instances/Iris/Iris.csv,12,,,
PAR10,Instances/Iris/Iris.csv,13,,,
PAR10,Instances/Iris/Iris.csv,14,,,
PAR10,Instances/Iris/Iris.csv,15,,,
PAR10,Instances/Iris/Iris.csv,16,,,
PAR10,Instances/Iris/Iris.csv,17,,,
PAR10,Instances/Iris/Iris.csv,18,,,
PAR10,Instances/Iris/Iris.csv,19,,,
PAR10,Instances/Iris/Iris.csv,20,,,
PAR10,Instances/Iris/Iris.csv,21,,,
PAR10,Instances/Iris/Iris.csv,22,,,
PAR10,Instances/Iris/Iris.csv,23,,,
PAR10,Instances/Iris/Iris.csv,24,,,
PAR10,Instances/Iris/Iris.csv,25,,,
PAR10,Instances/Iris/Iris.csv,26,,,
PAR10,Instances/Iris/Iris.csv,27,,,
PAR10,Instances/Iris/Iris.csv,28,,,
PAR10,Instances/Iris/Iris.csv,29,,,
PAR10,Instances/Iris/Iris.csv,30,,,
PAR10,Instances/Iris/Iris.csv,31,,,
PAR10,Instances/Iris/Iris.csv,32,,,
PAR10,Instances/Iris/Iris.csv,33,,,
PAR10,Instances/Iris/Iris.csv,34,,,
PAR10,Instances/Iris/Iris.csv,35,,,
PAR10,Instances/Iris/Iris.csv,36,,,
PAR10,Instances/Iris/Iris.csv,37,,,
PAR10,Instances/Iris/Iris.csv,38,,,
PAR10,Instances/Iris/Iris.csv,39,,,
PAR10,Instances/Iris/Iris.csv,40,,,
PAR10,Instances/Iris/Iris.csv,41,,,
PAR10,Instances/Iris/Iris.csv,42,,,
PAR10,Instances/Iris/Iris.csv,43,,,
PAR10,Instances/Iris/Iris.csv,44,,,
PAR10,Instances/Iris/Iris.csv,45,,,
PAR10,Instances/Iris/Iris.csv,46,,,
PAR10,Instances/Iris/Iris.csv,47,,,
PAR10,Instances/Iris/Iris.csv,48,,,
PAR10,Instances/Iris/Iris.csv,49,,,
PAR10,Instances/Iris/Iris.csv,50,,,
PAR10,Instances/Iris/Iris.csv,51,,,
PAR10,Instances/Iris/Iris.csv,52,,,
PAR10,Instances/Iris/Iris.csv,53,,,
PAR10,Instances/Iris/Iris.csv,54,,,
PAR10,Instances/Iris/Iris.csv,55,,,
PAR10,Instances/Iris/Iris.csv,56,,,
PAR10,Instances/Iris/Iris.csv,57,,,
PAR10,Instances/Iris/Iris.csv,58,,,
PAR10,Instances/Iris/Iris.csv,59,,,
PAR10,Instances/Iris/Iris.csv,60,,,
PAR10,Instances/Iris/Iris.csv,61,,,
PAR10,Instances/Iris/Iris.csv,62,,,
PAR10,Instances/Iris/Iris.csv,63,,,
PAR10,Instances/Iris/Iris.csv,64,,,
PAR10,Instances/Iris/Iris.csv,65,,,
PAR10,Instances/Iris/Iris.csv,66,,,
PAR10,Instances/Iris/Iris.csv,67,,,
PAR10,Instances/Iris/Iris.csv,68,,,
PAR10,Instances/Iris/Iris.csv,69,,,
PAR10,Instances/Iris/Iris.csv,70,,,
PAR10,Instances/Iris/Iris.csv,71,,,
PAR10,Instances/Iris/Iris.csv,72,,,
PAR10,Instances/Iris/Iris.csv,73,,,
PAR10,Instances/Iris/Iris.csv,74,,,
PAR10,Instances/Iris/Iris.csv,75,,,
PAR10,Instances/Iris/Iris.csv,76,,,
PAR10,Instances/Iris/Iris.csv,77,,,
PAR10,Instances/Iris/Iris.csv,78,,,
PAR10,Instances/Iris/Iris.csv,79,,,
PAR10,Instances/Iris/Iris.csv,80,,,
PAR10,Instances/Iris/Iris.csv,81,,,
PAR10,Instances/Iris/Iris.csv,82,,,
PAR10,Instances/Iris/Iris.csv,83,,,
PAR10,Instances/Iris/Iris.csv,84,,,
PAR10,Instances/Iris/Iris.csv,85,,,
PAR10,Instances/Iris/Iris.csv,86,,,
PAR10,Instances/Iris/Iris.csv,87,,,
PAR10,Instances/Iris/Iris.csv,88,,,
PAR10,Instances/Iris/Iris.csv,89,,,
PAR10,Instances/Iris/Iris.csv,90,,,
PAR10,Instances/Iris/Iris.csv,91,,,
PAR10,Instances/Iris/Iris.csv,92,,,
PAR10,Instances/Iris/Iris.csv,93,,,
PAR10,Instances/Iris/Iris.csv,94,,,
PAR10,Instances/Iris/Iris.csv,95,,,
PAR10,Instances/Iris/Iris.csv,96,,,
PAR10,Instances/Iris/Iris.csv,97,,,
PAR10,Instances/Iris/Iris.csv,98,,,
PAR10,Instances/Iris/Iris.csv,99,,,
PAR10,Instances/Iris/Iris.csv,100,,,
PAR10,Instances/Iris/Iris.csv,101,,,
PAR10,Instances/Iris/Iris.csv,102,,,
PAR10,Instances/Iris/Iris.csv,103,,,
PAR10,Instances/Iris/Iris.csv,104,,,
PAR10,Instances/Iris/Iris.csv,105,,,
PAR10,Instances/Iris/Iris.csv,106,,,
PAR10,Instances/Iris/Iris.csv,107,,,
PAR10,Instances/Iris/Iris.csv,108,,,
PAR10,Instances/Iris/Iris.csv,109,,,
PAR10,Instances/Iris/Iris.csv,110,,,
PAR10,Instances/Iris/Iris.csv,111,,,
PAR10,Instances/Iris/Iris.csv,112,,,
PAR10,Instances/Iris/Iris.csv,113,,,
PAR10,Instances/Iris/Iris.csv,114,,,
PAR10,Instances/Iris/Iris.csv,115,,,
PAR10,Instances/Iris/Iris.csv,116,,,
PAR10,Instances/Iris/Iris.csv,117,,,
PAR10,Instances/Iris/Iris.csv,118,,,
PAR10,Instances/Iris/Iris.csv,119,,,
PAR10,Instances/Iris/Iris.csv,120,,,
PAR10,Instances/Iris/Iris.csv,121,,,
PAR10,Instances/Iris/Iris.csv,122,,,
PAR10,Instances/Iris/Iris.csv,123,,,
PAR10,Instances/Iris/Iris.csv,124,,,
PAR10,Instances/Iris/Iris.csv,125,,,
PAR10,Instances/Iris/Iris.csv,126,,,
accuracy:max,Instances/Iris/Iris.csv,1,,,
accuracy:max,Instances/Iris/Iris.csv,2,,,
accuracy:max,Instances/Iris/Iris.csv,3,,,
accuracy:max,Instances/Iris/Iris.csv,4,,,
accuracy:max,Instances/Iris/Iris.csv,5,,,
accuracy:max,Instances/Iris/Iris.csv,6,,,
accuracy:max,Instances/Iris/Iris.csv,7,,,
accuracy:max,Instances/Iris/Iris.csv,8,,,
accuracy:max,Instances/Iris/Iris.csv,9,,,
accuracy:max,Instances/Iris/Iris.csv,10,,,
accuracy:max,Instances/Iris/Iris.csv,11,,,
accuracy:max,Instances/Iris/Iris.csv,12,,,
accuracy:max,Instances/Iris/Iris.csv,13,,,
accuracy:max,Instances/Iris/Iris.csv,14,,,
accuracy:max,Instances/Iris/Iris.csv,15,,,
accuracy:max,Instances/Iris/Iris.csv,16,,,
accuracy:max,Instances/Iris/Iris.csv,17,,,
accuracy:max,Instances/Iris/Iris.csv,18,,,
accuracy:max,Instances/Iris/Iris.csv,19,,,
accuracy:max,Instances/Iris/Iris.csv,20,,,
accuracy:max,Instances/Iris/Iris.csv,21,,,
accuracy:max,Instances/Iris/Iris.csv,22,,,
accuracy:max,Instances/Iris/Iris.csv,23,,,
accuracy:max,Instances/Iris/Iris.csv,24,,,
accuracy:max,Instances/Iris/Iris.csv,25,,,
accuracy:max,Instances/Iris/Iris.csv,26,,,
accuracy:max,Instances/Iris/Iris.csv,27,,,
accuracy:max,Instances/Iris/Iris.csv,28,,,
accuracy:max,Instances/Iris/Iris.csv,29,,,
accuracy:max,Instances/Iris/Iris.csv,30,,,
accuracy:max,Instances/Iris/Iris.csv,31,,,
accuracy:max,Instances/Iris/Iris.csv,32,,,
accuracy:max,Instances/Iris/Iris.csv,33,,,
accuracy:max,Instances/Iris/Iris.csv,34,,,
accuracy:max,Instances/Iris/Iris.csv,35,,,
accuracy:max,Instances/Iris/Iris.csv,36,,,
accuracy:max,Instances/Iris/Iris.csv,37,,,
accuracy:max,Instances/Iris/Iris.csv,38,,,
accuracy:max,Instances/Iris/Iris.csv,39,,,
accuracy:max,Instances/Iris/Iris.csv,40,,,
accuracy:max,Instances/Iris/Iris.csv,41,,,
accuracy:max,Instances/Iris/Iris.csv,42,,,
accuracy:max,Instances/Iris/Iris.csv,43,,,
accuracy:max,Instances/Iris/Iris.csv,44,,,
accuracy:max,Instances/Iris/Iris.csv,45,,,
accuracy:max,Instances/Iris/Iris.csv,46,,,
accuracy:max,Instances/Iris/Iris.csv,47,,,
accuracy:max,Instances/Iris/Iris.csv,48,,,
accuracy:max,Instances/Iris/Iris.csv,49,,,
accuracy:max,Instances/Iris/Iris.csv,50,,,
accuracy:max,Instances/Iris/Iris.csv,51,,,
accuracy:max,Instances/Iris/Iris.csv,52,,,
accuracy:max,Instances/Iris/Iris.csv,53,,,
accuracy:max,Instances/Iris/Iris.csv,54,,,
accuracy:max,Instances/Iris/Iris.csv,55,,,
accuracy:max,Instances/Iris/Iris.csv,56,,,
accuracy:max,Instances/Iris/Iris.csv,57,,,
accuracy:max,Instances/Iris/Iris.csv,58,,,
accuracy:max,Instances/Iris/Iris.csv,59,,,
accuracy:max,Instances/Iris/Iris.csv,60,,,
accuracy:max,Instances/Iris/Iris.csv,61,,,
accuracy:max,Instances/Iris/Iris.csv,62,,,
accuracy:max,Instances/Iris/Iris.csv,63,,,
accuracy:max,Instances/Iris/Iris.csv,64,,,
accuracy:max,Instances/Iris/Iris.csv,65,,,
accuracy:max,Instances/Iris/Iris.csv,66,,,
accuracy:max,Instances/Iris/Iris.csv,67,,,
accuracy:max,Instances/Iris/Iris.csv,68,,,
accuracy:max,Instances/Iris/Iris.csv,69,,,
accuracy:max,Instances/Iris/Iris.csv,70,,,
accuracy:max,Instances/Iris/Iris.csv,71,,,
accuracy:max,Instances/Iris/Iris.csv,72,,,
accuracy:max,Instances/Iris/Iris.csv,73,,,
accuracy:max,Instances/Iris/Iris.csv,74,,,
accuracy:max,Instances/Iris/Iris.csv,75,,,
accuracy:max,Instances/Iris/Iris.csv,76,,,
accuracy:max,Instances/Iris/Iris.csv,77,,,
accuracy:max,Instances/Iris/Iris.csv,78,,,
accuracy:max,Instances/Iris/Iris.csv,79,,,
accuracy:max,Instances/Iris/Iris.csv,80,,,
accuracy:max,Instances/Iris/Iris.csv,81,,,
accuracy:max,Instances/Iris/Iris.csv,82,,,
accuracy:max,Instances/Iris/Iris.csv,83,,,
accuracy:max,Instances/Iris/Iris.csv,84,,,
accuracy:max,Instances/Iris/Iris.csv,85,,,
accuracy:max,Instances/Iris/Iris.csv,86,,,
accuracy:max,Instances/Iris/Iris.csv,87,,,
accuracy:max,Instances/Iris/Iris.csv,88,,,
accuracy:max,Instances/Iris/Iris.csv,89,,,
accuracy:max,Instances/Iris/Iris.csv,90,,,
accuracy:max,Instances/Iris/Iris.csv,91,,,
accuracy:max,Instances/Iris/Iris.csv,92,,,
accuracy:max,Instances/Iris/Iris.csv,93,,,
accuracy:max,Instances/Iris/Iris.csv,94,,,
accuracy:max,Instances/Iris/Iris.csv,95,,,
accuracy:max,Instances/Iris/Iris.csv,96,,,
accuracy:max,Instances/Iris/Iris.csv,97,,,
accuracy:max,Instances/Iris/Iris.csv,98,,,
accuracy:max,Instances/Iris/Iris.csv,99,,,
accuracy:max,Instances/Iris/Iris.csv,100,,,
accuracy:max,Instances/Iris/Iris.csv,101,,,
accuracy:max,Instances/Iris/Iris.csv,102,,,
accuracy:max,Instances/Iris/Iris.csv,103,,,
accuracy:max,Instances/Iris/Iris.csv,104,,,
accuracy:max,Instances/Iris/Iris.csv,105,,,
accuracy:max,Instances/Iris/Iris.csv,106,,,
accuracy:max,Instances/Iris/Iris.csv,107,,,
accuracy:max,Instances/Iris/Iris.csv,108,,,
accuracy:max,Instances/Iris/Iris.csv,109,,,
accuracy:max,Instances/Iris/Iris.csv,110,,,
accuracy:max,Instances/Iris/Iris.csv,111,,,
accuracy:max,Instances/Iris/Iris.csv,112,,,
accuracy:max,Instances/Iris/Iris.csv,113,,,
accuracy:max,Instances/Iris/Iris.csv,114,,,
accuracy:max,Instances/Iris/Iris.csv,115,,,
accuracy:max,Instances/Iris/Iris.csv,116,,,
accuracy:max,Instances/Iris/Iris.csv,117,,,
accuracy:max,Instances/Iris/Iris.csv,118,,,
accuracy:max,Instances/Iris/Iris.csv,119,,,
accuracy:max,Instances/Iris/Iris.csv,120,,,
accuracy:max,Instances/Iris/Iris.csv,121,,,
accuracy:max,Instances/Iris/Iris.csv,122,,,
accuracy:max,Instances/Iris/Iris.csv,123,,,
accuracy:max,Instances/Iris/Iris.csv,124,,,
accuracy:max,Instances/Iris/Iris.csv,125,,,
accuracy:max,Instances/Iris/Iris.csv,126,,,
cpu_time:metric,Instances/Iris/Iris.csv,1,,,
cpu_time:metric,Instances/Iris/Iris.csv,2,,,
cpu_time:metric,Instances/Iris/Iris.csv,3,,,
cpu_time:metric,Instances/Iris/Iris.csv,4,,,
cpu_time:metric,Instances/Iris/Iris.csv,5,,,
cpu_time:metric,Instances/Iris/Iris.csv,6,,,
cpu_time:metric,Instances/Iris/Iris.csv,7,,,
cpu_time:metric,Instances/Iris/Iris.csv,8,,,
cpu_time:metric,Instances/Iris/Iris.csv,9,,,
cpu_time:metric,Instances/Iris/Iris.csv,10,,,
cpu_time:metric,Instances/Iris/Iris.csv,11,,,
cpu_time:metric,Instances/Iris/Iris.csv,12,,,
cpu_time:metric,Instances/Iris/Iris.csv,13,,,
cpu_time:metric,Instances/Iris/Iris.csv,14,,,
cpu_time:metric,Instances/Iris/Iris.csv,15,,,
cpu_time:metric,Instances/Iris/Iris.csv,16,,,
cpu_time:metric,Instances/Iris/Iris.csv,17,,,
cpu_time:metric,Instances/Iris/Iris.csv,18,,,
cpu_time:metric,Instances/Iris/Iris.csv,19,,,
cpu_time:metric,Instances/Iris/Iris.csv,20,,,
cpu_time:metric,Instances/Iris/Iris.csv,21,,,
cpu_time:metric,Instances/Iris/Iris.csv,22,,,
cpu_time:metric,Instances/Iris/Iris.csv,23,,,
cpu_time:metric,Instances/Iris/Iris.csv,24,,,
cpu_time:metric,Instances/Iris/Iris.csv,25,,,
cpu_time:metric,Instances/Iris/Iris.csv,26,,,
cpu_time:metric,Instances/Iris/Iris.csv,27,,,
cpu_time:metric,Instances/Iris/Iris.csv,28,,,
cpu_time:metric,Instances/Iris/Iris.csv,29,,,
cpu_time:metric,Instances/Iris/Iris.csv,30,,,
cpu_time:metric,Instances/Iris/Iris.csv,31,,,
cpu_time:metric,Instances/Iris/Iris.csv,32,,,
cpu_time:metric,Instances/Iris/Iris.csv,33,,,
cpu_time:metric,Instances/Iris/Iris.csv,34,,,
cpu_time:metric,Instances/Iris/Iris.csv,35,,,
cpu_time:metric,Instances/Iris/Iris.csv,36,,,
cpu_time:metric,Instances/Iris/Iris.csv,37,,,
cpu_time:metric,Instances/Iris/Iris.csv,38,,,
cpu_time:metric,Instances/Iris/Iris.csv,39,,,
cpu_time:metric,Instances/Iris/Iris.csv,40,,,
cpu_time:metric,Instances/Iris/Iris.csv,41,,,
cpu_time:metric,Instances/Iris/Iris.csv,42,,,
cpu_time:metric,Instances/Iris/Iris.csv,43,,,
cpu_time:metric,Instances/Iris/Iris.csv,44,,,
cpu_time:metric,Instances/Iris/Iris.csv,45,,,
cpu_time:metric,Instances/Iris/Iris.csv,46,,,
cpu_time:metric,Instances/Iris/Iris.csv,47,,,
cpu_time:metric,Instances/Iris/Iris.csv,48,,,
cpu_time:metric,Instances/Iris/Iris.csv,49,,,
cpu_time:metric,Instances/Iris/Iris.csv,50,,,
cpu_time:metric,Instances/Iris/Iris.csv,51,,,
cpu_time:metric,Instances/Iris/Iris.csv,52,,,
cpu_time:metric,Instances/Iris/Iris.csv,53,,,
cpu_time:metric,Instances/Iris/Iris.csv,54,,,
cpu_time:metric,Instances/Iris/Iris.csv,55,,,
cpu_time:metric,Instances/Iris/Iris.csv,56,,,
cpu_time:metric,Instances/Iris/Iris.csv,57,,,
cpu_time:metric,Instances/Iris/Iris.csv,58,,,
cpu_time:metric,Instances/Iris/Iris.csv,59,,,
cpu_time:metric,Instances/Iris/Iris.csv,60,,,
cpu_time:metric,Instances/Iris/Iris.csv,61,,,
cpu_time:metric,Instances/Iris/Iris.csv,62,,,
cpu_time:metric,Instances/Iris/Iris.csv,63,,,
cpu_time:metric,Instances/Iris/Iris.csv,64,,,
cpu_time:metric,Instances/Iris/Iris.csv,65,,,
cpu_time:metric,Instances/Iris/Iris.csv,66,,,
cpu_time:metric,Instances/Iris/Iris.csv,67,,,
cpu_time:metric,Instances/Iris/Iris.csv,68,,,
cpu_time:metric,Instances/Iris/Iris.csv,69,,,
cpu_time:metric,Instances/Iris/Iris.csv,70,,,
cpu_time:metric,Instances/Iris/Iris.csv,71,,,
cpu_time:metric,Instances/Iris/Iris.csv,72,,,
cpu_time:metric,Instances/Iris/Iris.csv,73,,,
cpu_time:metric,Instances/Iris/Iris.csv,74,,,
cpu_time:metric,Instances/Iris/Iris.csv,75,,,
cpu_time:metric,Instances/Iris/Iris.csv,76,,,
cpu_time:metric,Instances/Iris/Iris.csv,77,,,
cpu_time:metric,Instances/Iris/Iris.csv,78,,,
cpu_time:metric,Instances/Iris/Iris.csv,79,,,
cpu_time:metric,Instances/Iris/Iris.csv,80,,,
cpu_time:metric,Instances/Iris/Iris.csv,81,,,
cpu_time:metric,Instances/Iris/Iris.csv,82,,,
cpu_time:metric,Instances/Iris/Iris.csv,83,,,
cpu_time:metric,Instances/Iris/Iris.csv,84,,,
cpu_time:metric,Instances/Iris/Iris.csv,85,,,
cpu_time:metric,Instances/Iris/Iris.csv,86,,,
cpu_time:metric,Instances/Iris/Iris.csv,87,,,
cpu_time:metric,Instances/Iris/Iris.csv,88,,,
cpu_time:metric,Instances/Iris/Iris.csv,89,,,
cpu_time:metric,Instances/Iris/Iris.csv,90,,,
cpu_time:metric,Instances/Iris/Iris.csv,91,,,
cpu_time:metric,Instances/Iris/Iris.csv,92,,,
cpu_time:metric,Instances/Iris/Iris.csv,93,,,
cpu_time:metric,Instances/Iris/Iris.csv,94,,,
cpu_time:metric,Instances/Iris/Iris.csv,95,,,
cpu_time:metric,Instances/Iris/Iris.csv,96,,,
cpu_time:metric,Instances/Iris/Iris.csv,97,,,
cpu_time:metric,Instances/Iris/Iris.csv,98,,,
cpu_time:metric,Instances/Iris/Iris.csv,99,,,
cpu_time:metric,Instances/Iris/Iris.csv,100,,,
cpu_time:metric,Instances/Iris/Iris.csv,101,,,
cpu_time:metric,Instances/Iris/Iris.csv,102,,,
cpu_time:metric,Instances/Iris/Iris.csv,103,,,
cpu_time:metric,Instances/Iris/Iris.csv,104,,,
cpu_time:metric,Instances/Iris/Iris.csv,105,,,
cpu_time:metric,Instances/Iris/Iris.csv,106,,,
cpu_time:metric,Instances/Iris/Iris.csv,107,,,
cpu_time:metric,Instances/Iris/Iris.csv,108,,,
cpu_time:metric,Instances/Iris/Iris.csv,109,,,
cpu_time:metric,Instances/Iris/Iris.csv,110,,,
cpu_time:metric,Instances/Iris/Iris.csv,111,,,
cpu_time:metric,Instances/Iris/Iris.csv,112,,,
cpu_time:metric,Instances/Iris/Iris.csv,113,,,
cpu_time:metric,Instances/Iris/Iris.csv,114,,,
cpu_time:metric,Instances/Iris/Iris.csv,115,,,
cpu_time:metric,Instances/Iris/Iris.csv,116,,,
cpu_time:metric,Instances/Iris/Iris.csv,117,,,
cpu_time:metric,Instances/Iris/Iris.csv,118,,,
cpu_time:metric,Instances/Iris/Iris.csv,119,,,
cpu_time:metric,Instances/Iris/Iris.csv,120,,,
cpu_time:metric,Instances/Iris/Iris.csv,121,,,
cpu_time:metric,Instances/Iris/Iris.csv,122,,,
cpu_time:metric,Instances/Iris/Iris.csv,123,,,
cpu_time:metric,Instances/Iris/Iris.csv,124,,,
cpu_time:metric,Instances/Iris/Iris.csv,125,,,
cpu_time:metric,Instances/Iris/Iris.csv,126,,,
memory:metric,Instances/Iris/Iris.csv,1,,,
memory:metric,Instances/Iris/Iris.csv,2,,,
memory:metric,Instances/Iris/Iris.csv,3,,,
memory:metric,Instances/Iris/Iris.csv,4,,,
memory:metric,Instances/Iris/Iris.csv,5,,,
memory:metric,Instances/Iris/Iris.csv,6,,,
memory:metric,Instances/Iris/Iris.csv,7,,,
memory:metric,Instances/Iris/Iris.csv,8,,,
memory:metric,Instances/Iris/Iris.csv,9,,,
memory:metric,Instances/Iris/Iris.csv,10,,,
memory:metric,Instances/Iris/Iris.csv,11,,,
memory:metric,Instances/Iris/Iris.csv,12,,,
memory:metric,Instances/Iris/Iris.csv,13,,,
memory:metric,Instances/Iris/Iris.csv,14,,,
memory:metric,Instances/Iris/Iris.csv,15,,,
memory:metric,Instances/Iris/Iris.csv,16,,,
memory:metric,Instances/Iris/Iris.csv,17,,,
memory:metric,Instances/Iris/Iris.csv,18,,,
memory:metric,Instances/Iris/Iris.csv,19,,,
memory:metric,Instances/Iris/Iris.csv,20,,,
memory:metric,Instances/Iris/Iris.csv,21,,,
memory:metric,Instances/Iris/Iris.csv,22,,,
memory:metric,Instances/Iris/Iris.csv,23,,,
memory:metric,Instances/Iris/Iris.csv,24,,,
memory:metric,Instances/Iris/Iris.csv,25,,,
memory:metric,Instances/Iris/Iris.csv,26,,,
memory:metric,Instances/Iris/Iris.csv,27,,,
memory:metric,Instances/Iris/Iris.csv,28,,,
memory:metric,Instances/Iris/Iris.csv,29,,,
memory:metric,Instances/Iris/Iris.csv,30,,,
memory:metric,Instances/Iris/Iris.csv,31,,,
memory:metric,Instances/Iris/Iris.csv,32,,,
memory:metric,Instances/Iris/Iris.csv,33,,,
memory:metric,Instances/Iris/Iris.csv,34,,,
memory:metric,Instances/Iris/Iris.csv,35,,,
memory:metric,Instances/Iris/Iris.csv,36,,,
memory:metric,Instances/Iris/Iris.csv,37,,,
memory:metric,Instances/Iris/Iris.csv,38,,,
memory:metric,Instances/Iris/Iris.csv,39,,,
memory:metric,Instances/Iris/Iris.csv,40,,,
memory:metric,Instances/Iris/Iris.csv,41,,,
memory:metric,Instances/Iris/Iris.csv,42,,,
memory:metric,Instances/Iris/Iris.csv,43,,,
memory:metric,Instances/Iris/Iris.csv,44,,,
memory:metric,Instances/Iris/Iris.csv,45,,,
memory:metric,Instances/Iris/Iris.csv,46,,,
memory:metric,Instances/Iris/Iris.csv,47,,,
memory:metric,Instances/Iris/Iris.csv,48,,,
memory:metric,Instances/Iris/Iris.csv,49,,,
memory:metric,Instances/Iris/Iris.csv,50,,,
memory:metric,Instances/Iris/Iris.csv,51,,,
memory:metric,Instances/Iris/Iris.csv,52,,,
memory:metric,Instances/Iris/Iris.csv,53,,,
memory:metric,Instances/Iris/Iris.csv,54,,,
memory:metric,Instances/Iris/Iris.csv,55,,,
memory:metric,Instances/Iris/Iris.csv,56,,,
memory:metric,Instances/Iris/Iris.csv,57,,,
memory:metric,Instances/Iris/Iris.csv,58,,,
memory:metric,Instances/Iris/Iris.csv,59,,,
memory:metric,Instances/Iris/Iris.csv,60,,,
memory:metric,Instances/Iris/Iris.csv,61,,,
memory:metric,Instances/Iris/Iris.csv,62,,,
memory:metric,Instances/Iris/Iris.csv,63,,,
memory:metric,Instances/Iris/Iris.csv,64,,,
memory:metric,Instances/Iris/Iris.csv,65,,,
memory:metric,Instances/Iris/Iris.csv,66,,,
memory:metric,Instances/Iris/Iris.csv,67,,,
memory:metric,Instances/Iris/Iris.csv,68,,,
memory:metric,Instances/Iris/Iris.csv,69,,,
memory:metric,Instances/Iris/Iris.csv,70,,,
memory:metric,Instances/Iris/Iris.csv,71,,,
memory:metric,Instances/Iris/Iris.csv,72,,,
memory:metric,Instances/Iris/Iris.csv,73,,,
memory:metric,Instances/Iris/Iris.csv,74,,,
memory:metric,Instances/Iris/Iris.csv,75,,,
memory:metric,Instances/Iris/Iris.csv,76,,,
memory:metric,Instances/Iris/Iris.csv,77,,,
memory:metric,Instances/Iris/Iris.csv,78,,,
memory:metric,Instances/Iris/Iris.csv,79,,,
memory:metric,Instances/Iris/Iris.csv,80,,,
memory:metric,Instances/Iris/Iris.csv,81,,,
memory:metric,Instances/Iris/Iris.csv,82,,,
memory:metric,Instances/Iris/Iris.csv,83,,,
memory:metric,Instances/Iris/Iris.csv,84,,,
memory:metric,Instances/Iris/Iris.csv,85,,,
memory:metric,Instances/Iris/Iris.csv,86,,,
memory:metric,Instances/Iris/Iris.csv,87,,,
memory:metric,Instances/Iris/Iris.csv,88,,,
memory:metric,Instances/Iris/Iris.csv,89,,,
memory:metric,Instances/Iris/Iris.csv,90,,,
memory:metric,Instances/Iris/Iris.csv,91,,,
memory:metric,Instances/Iris/Iris.csv,92,,,
memory:metric,Instances/Iris/Iris.csv,93,,,
memory:metric,Instances/Iris/Iris.csv,94,,,
memory:metric,Instances/Iris/Iris.csv,95,,,
memory:metric,Instances/Iris/Iris.csv,96,,,
memory:metric,Instances/Iris/Iris.csv,97,,,
memory:metric,Instances/Iris/Iris.csv,98,,,
memory:metric,Instances/Iris/Iris.csv,99,,,
memory:metric,Instances/Iris/Iris.csv,100,,,
memory:metric,Instances/Iris/Iris.csv,101,,,
memory:metric,Instances/Iris/Iris.csv,102,,,
memory:metric,Instances/Iris/Iris.csv,103,,,
memory:metric,Instances/Iris/Iris.csv,104,,,
memory:metric,Instances/Iris/Iris.csv,105,,,
memory:metric,Instances/Iris/Iris.csv,106,,,
memory:metric,Instances/Iris/Iris.csv,107,,,
memory:metric,Instances/Iris/Iris.csv,108,,,
memory:metric,Instances/Iris/Iris.csv,109,,,
memory:metric,Instances/Iris/Iris.csv,110,,,
memory:metric,Instances/Iris/Iris.csv,111,,,
memory:metric,Instances/Iris/Iris.csv,112,,,
memory:metric,Instances/Iris/Iris.csv,113,,,
memory:metric,Instances/Iris/Iris.csv,114,,,
memory:metric,Instances/Iris/Iris.csv,115,,,
memory:metric,Instances/Iris/Iris.csv,116,,,
memory:metric,Instances/Iris/Iris.csv,117,,,
memory:metric,Instances/Iris/Iris.csv,118,,,
memory:metric,Instances/Iris/Iris.csv,119,,,
memory:metric,Instances/Iris/Iris.csv,120,,,
memory:metric,Instances/Iris/Iris.csv,121,,,
memory:metric,Instances/Iris/Iris.csv,122,,,
memory:metric,Instances/Iris/Iris.csv,123,,,
memory:metric,Instances/Iris/Iris.csv,124,,,
memory:metric,Instances/Iris/Iris.csv,125,,,
memory:metric,Instances/Iris/Iris.csv,126,,,
status:metric,Instances/Iris/Iris.csv,1,,,
status:metric,Instances/Iris/Iris.csv,2,,,
status:metric,Instances/Iris/Iris.csv,3,,,
status:metric,Instances/Iris/Iris.csv,4,,,
status:metric,Instances/Iris/Iris.csv,5,,,
status:metric,Instances/Iris/Iris.csv,6,,,
status:metric,Instances/Iris/Iris.csv,7,,,
status:metric,Instances/Iris/Iris.csv,8,,,
status:metric,Instances/Iris/Iris.csv,9,,,
status:metric,Instances/Iris/Iris.csv,10,,,
status:metric,Instances/Iris/Iris.csv,11,,,
status:metric,Instances/Iris/Iris.csv,12,,,
status:metric,Instances/Iris/Iris.csv,13,,,
status:metric,Instances/Iris/Iris.csv,14,,,
status:metric,Instances/Iris/Iris.csv,15,,,
status:metric,Instances/Iris/Iris.csv,16,,,
status:metric,Instances/Iris/Iris.csv,17,,,
status:metric,Instances/Iris/Iris.csv,18,,,
status:metric,Instances/Iris/Iris.csv,19,,,
status:metric,Instances/Iris/Iris.csv,20,,,
status:metric,Instances/Iris/Iris.csv,21,,,
status:metric,Instances/Iris/Iris.csv,22,,,
status:metric,Instances/Iris/Iris.csv,23,,,
status:metric,Instances/Iris/Iris.csv,24,,,
status:metric,Instances/Iris/Iris.csv,25,,,
status:metric,Instances/Iris/Iris.csv,26,,,
status:metric,Instances/Iris/Iris.csv,27,,,
status:metric,Instances/Iris/Iris.csv,28,,,
status:metric,Instances/Iris/Iris.csv,29,,,
status:metric,Instances/Iris/Iris.csv,30,,,
status:metric,Instances/Iris/Iris.csv,31,,,
status:metric,Instances/Iris/Iris.csv,32,,,
status:metric,Instances/Iris/Iris.csv,33,,,
status:metric,Instances/Iris/Iris.csv,34,,,
status:metric,Instances/Iris/Iris.csv,35,,,
status:metric,Instances/Iris/Iris.csv,36,,,
status:metric,Instances/Iris/Iris.csv,37,,,
status:metric,Instances/Iris/Iris.csv,38,,,
status:metric,Instances/Iris/Iris.csv,39,,,
status:metric,Instances/Iris/Iris.csv,40,,,
status:metric,Instances/Iris/Iris.csv,41,,,
status:metric,Instances/Iris/Iris.csv,42,,,
status:metric,Instances/Iris/Iris.csv,43,,,
status:metric,Instances/Iris/Iris.csv,44,,,
status:metric,Instances/Iris/Iris.csv,45,,,
status:metric,Instances/Iris/Iris.csv,46,,,
status:metric,Instances/Iris/Iris.csv,47,,,
status:metric,Instances/Iris/Iris.csv,48,,,
status:metric,Instances/Iris/Iris.csv,49,,,
status:metric,Instances/Iris/Iris.csv,50,,,
status:metric,Instances/Iris/Iris.csv,51,,,
status:metric,Instances/Iris/Iris.csv,52,,,
status:metric,Instances/Iris/Iris.csv,53,,,
status:metric,Instances/Iris/Iris.csv,54,,,
status:metric,Instances/Iris/Iris.csv,55,,,
status:metric,Instances/Iris/Iris.csv,56,,,
status:metric,Instances/Iris/Iris.csv,57,,,
status:metric,Instances/Iris/Iris.csv,58,,,
status:metric,Instances/Iris/Iris.csv,59,,,
status:metric,Instances/Iris/Iris.csv,60,,,
status:metric,Instances/Iris/Iris.csv,61,,,
status:metric,Instances/Iris/Iris.csv,62,,,
status:metric,Instances/Iris/Iris.csv,63,,,
status:metric,Instances/Iris/Iris.csv,64,,,
status:metric,Instances/Iris/Iris.csv,65,,,
status:metric,Instances/Iris/Iris.csv,66,,,
status:metric,Instances/Iris/Iris.csv,67,,,
status:metric,Instances/Iris/Iris.csv,68,,,
status:metric,Instances/Iris/Iris.csv,69,,,
status:metric,Instances/Iris/Iris.csv,70,,,
status:metric,Instances/Iris/Iris.csv,71,,,
status:metric,Instances/Iris/Iris.csv,72,,,
status:metric,Instances/Iris/Iris.csv,73,,,
status:metric,Instances/Iris/Iris.csv,74,,,
status:metric,Instances/Iris/Iris.csv,75,,,
status:metric,Instances/Iris/Iris.csv,76,,,
status:metric,Instances/Iris/Iris.csv,77,,,
status:metric,Instances/Iris/Iris.csv,78,,,
status:metric,Instances/Iris/Iris.csv,79,,,
status:metric,Instances/Iris/Iris.csv,80,,,
status:metric,Instances/Iris/Iris.csv,81,,,
status:metric,Instances/Iris/Iris.csv,82,,,
status:metric,Instances/Iris/Iris.csv,83,,,
status:metric,Instances/Iris/Iris.csv,84,,,
status:metric,Instances/Iris/Iris.csv,85,,,
status:metric,Instances/Iris/Iris.csv,86,,,
status:metric,Instances/Iris/Iris.csv,87,,,
status:metric,Instances/Iris/Iris.csv,88,,,
status:metric,Instances/Iris/Iris.csv,89,,,
status:metric,Instances/Iris/Iris.csv,90,,,
status:metric,Instances/Iris/Iris.csv,91,,,
status:metric,Instances/Iris/Iris.csv,92,,,
status:metric,Instances/Iris/Iris.csv,93,,,
status:metric,Instances/Iris/Iris.csv,94,,,
status:metric,Instances/Iris/Iris.csv,95,,,
status:metric,Instances/Iris/Iris.csv,96,,,
status:metric,Instances/Iris/Iris.csv,97,,,
status:metric,Instances/Iris/Iris.csv,98,,,
status:metric,Instances/Iris/Iris.csv,99,,,
status:metric,Instances/Iris/Iris.csv,100,,,
status:metric,Instances/Iris/Iris.csv,101,,,
status:metric,Instances/Iris/Iris.csv,102,,,
status:metric,Instances/Iris/Iris.csv,103,,,
status:metric,Instances/Iris/Iris.csv,104,,,
status:metric,Instances/Iris/Iris.csv,105,,,
status:metric,Instances/Iris/Iris.csv,106,,,
status:metric,Instances/Iris/Iris.csv,107,,,
status:metric,Instances/Iris/Iris.csv,108,,,
status:metric,Instances/Iris/Iris.csv,109,,,
status:metric,Instances/Iris/Iris.csv,110,,,
status:metric,Instances/Iris/Iris.csv,111,,,
status:metric,Instances/Iris/Iris.csv,112,,,
status:metric,Instances/Iris/Iris.csv,113,,,
status:metric,Instances/Iris/Iris.csv,114,,,
status:metric,Instances/Iris/Iris.csv,115,,,
status:metric,Instances/Iris/Iris.csv,116,,,
status:metric,Instances/Iris/Iris.csv,117,,,
status:metric,Instances/Iris/Iris.csv,118,,,
status:metric,Instances/Iris/Iris.csv,119,,,
status:metric,Instances/Iris/Iris.csv,120,,,
status:metric,Instances/Iris/Iris.csv,121,,,
status:metric,Instances/Iris/Iris.csv,122,,,
status:metric,Instances/Iris/Iris.csv,123,,,
status:metric,Instances/Iris/Iris.csv,124,,,
status:metric,Instances/Iris/Iris.csv,125,,,
status:metric,Instances/Iris/Iris.csv,126,,,
wall_time:metric,Instances/Iris/Iris.csv,1,,,
wall_time:metric,Instances/Iris/Iris.csv,2,,,
wall_time:metric,Instances/Iris/Iris.csv,3,,,
wall_time:metric,Instances/Iris/Iris.csv,4,,,
wall_time:metric,Instances/Iris/Iris.csv,5,,,
wall_time:metric,Instances/Iris/Iris.csv,6,,,
wall_time:metric,Instances/Iris/Iris.csv,7,,,
wall_time:metric,Instances/Iris/Iris.csv,8,,,
wall_time:metric,Instances/Iris/Iris.csv,9,,,
wall_time:metric,Instances/Iris/Iris.csv,10,,,
wall_time:metric,Instances/Iris/Iris.csv,11,,,
wall_time:metric,Instances/Iris/Iris.csv,12,,,
wall_time:metric,Instances/Iris/Iris.csv,13,,,
wall_time:metric,Instances/Iris/Iris.csv,14,,,
wall_time:metric,Instances/Iris/Iris.csv,15,,,
wall_time:metric,Instances/Iris/Iris.csv,16,,,
wall_time:metric,Instances/Iris/Iris.csv,17,,,
wall_time:metric,Instances/Iris/Iris.csv,18,,,
wall_time:metric,Instances/Iris/Iris.csv,19,,,
wall_time:metric,Instances/Iris/Iris.csv,20,,,
wall_time:metric,Instances/Iris/Iris.csv,21,,,
wall_time:metric,Instances/Iris/Iris.csv,22,,,
wall_time:metric,Instances/Iris/Iris.csv,23,,,
wall_time:metric,Instances/Iris/Iris.csv,24,,,
wall_time:metric,Instances/Iris/Iris.csv,25,,,
wall_time:metric,Instances/Iris/Iris.csv,26,,,
wall_time:metric,Instances/Iris/Iris.csv,27,,,
wall_time:metric,Instances/Iris/Iris.csv,28,,,
wall_time:metric,Instances/Iris/Iris.csv,29,,,
wall_time:metric,Instances/Iris/Iris.csv,30,,,
wall_time:metric,Instances/Iris/Iris.csv,31,,,
wall_time:metric,Instances/Iris/Iris.csv,32,,,
wall_time:metric,Instances/Iris/Iris.csv,33,,,
wall_time:metric,Instances/Iris/Iris.csv,34,,,
wall_time:metric,Instances/Iris/Iris.csv,35,,,
wall_time:metric,Instances/Iris/Iris.csv,36,,,
wall_time:metric,Instances/Iris/Iris.csv,37,,,
wall_time:metric,Instances/Iris/Iris.csv,38,,,
wall_time:metric,Instances/Iris/Iris.csv,39,,,
wall_time:metric,Instances/Iris/Iris.csv,40,,,
wall_time:metric,Instances/Iris/Iris.csv,41,,,
wall_time:metric,Instances/Iris/Iris.csv,42,,,
wall_time:metric,Instances/Iris/Iris.csv,43,,,
wall_time:metric,Instances/Iris/Iris.csv,44,,,
wall_time:metric,Instances/Iris/Iris.csv,45,,,
wall_time:metric,Instances/Iris/Iris.csv,46,,,
wall_time:metric,Instances/Iris/Iris.csv,47,,,
wall_time:metric,Instances/Iris/Iris.csv,48,,,
wall_time:metric,Instances/Iris/Iris.csv,49,,,
wall_time:metric,Instances/Iris/Iris.csv,50,,,
wall_time:metric,Instances/Iris/Iris.csv,51,,,
wall_time:metric,Instances/Iris/Iris.csv,52,,,
wall_time:metric,Instances/Iris/Iris.csv,53,,,
wall_time:metric,Instances/Iris/Iris.csv,54,,,
wall_time:metric,Instances/Iris/Iris.csv,55,,,
wall_time:metric,Instances/Iris/Iris.csv,56,,,
wall_time:metric,Instances/Iris/Iris.csv,57,,,
wall_time:metric,Instances/Iris/Iris.csv,58,,,
wall_time:metric,Instances/Iris/Iris.csv,59,,,
wall_time:metric,Instances/Iris/Iris.csv,60,,,
wall_time:metric,Instances/Iris/Iris.csv,61,,,
wall_time:metric,Instances/Iris/Iris.csv,62,,,
wall_time:metric,Instances/Iris/Iris.csv,63,,,
wall_time:metric,Instances/Iris/Iris.csv,64,,,
wall_time:metric,Instances/Iris/Iris.csv,65,,,
wall_time:metric,Instances/Iris/Iris.csv,66,,,
wall_time:metric,Instances/Iris/Iris.csv,67,,,
wall_time:metric,Instances/Iris/Iris.csv,68,,,
wall_time:metric,Instances/Iris/Iris.csv,69,,,
wall_time:metric,Instances/Iris/Iris.csv,70,,,
wall_time:metric,Instances/Iris/Iris.csv,71,,,
wall_time:metric,Instances/Iris/Iris.csv,72,,,
wall_time:metric,Instances/Iris/Iris.csv,73,,,
wall_time:metric,Instances/Iris/Iris.csv,74,,,
wall_time:metric,Instances/Iris/Iris.csv,75,,,
wall_time:metric,Instances/Iris/Iris.csv,76,,,
wall_time:metric,Instances/Iris/Iris.csv,77,,,
wall_time:metric,Instances/Iris/Iris.csv,78,,,
wall_time:metric,Instances/Iris/Iris.csv,79,,,
wall_time:metric,Instances/Iris/Iris.csv,80,,,
wall_time:metric,Instances/Iris/Iris.csv,81,,,
wall_time:metric,Instances/Iris/Iris.csv,82,,,
wall_time:metric,Instances/Iris/Iris.csv,83,,,
wall_time:metric,Instances/Iris/Iris.csv,84,,,
wall_time:metric,Instances/Iris/Iris.csv,85,,,
wall_time:metric,Instances/Iris/Iris.csv,86,,,
wall_time:metric,Instances/Iris/Iris.csv,87,,,
wall_time:metric,Instances/Iris/Iris.csv,88,,,
wall_time:metric,Instances/Iris/Iris.csv,89,,,
wall_time:metric,Instances/Iris/Iris.csv,90,,,
wall_time:metric,Instances/Iris/Iris.csv,91,,,
wall_time:metric,Instances/Iris/Iris.csv,92,,,
wall_time:metric,Instances/Iris/Iris.csv,93,,,
wall_time:metric,Instances/Iris/Iris.csv,94,,,
wall_time:metric,Instances/Iris/Iris.csv,95,,,
wall_time:metric,Instances/Iris/Iris.csv,96,,,
wall_time:metric,Instances/Iris/Iris.csv,97,,,
wall_time:metric,Instances/Iris/Iris.csv,98,,,
wall_time:metric,Instances/Iris/Iris.csv,99,,,
wall_time:metric,Instances/Iris/Iris.csv,100,,,
wall_time:metric,Instances/Iris/Iris.csv,101,,,
wall_time:metric,Instances/Iris/Iris.csv,102,,,
wall_time:metric,Instances/Iris/Iris.csv,103,,,
wall_time:metric,Instances/Iris/Iris.csv,104,,,
wall_time:metric,Instances/Iris/Iris.csv,105,,,
wall_time:metric,Instances/Iris/Iris.csv,106,,,
wall_time:metric,Instances/Iris/Iris.csv,107,,,
wall_time:metric,Instances/Iris/Iris.csv,108,,,
wall_time:metric,Instances/Iris/Iris.csv,109,,,
wall_time:metric,Instances/Iris/Iris.csv,110,,,
wall_time:metric,Instances/Iris/Iris.csv,111,,,
wall_time:metric,Instances/Iris/Iris.csv,112,,,
wall_time:metric,Instances/Iris/Iris.csv,113,,,
wall_time:metric,Instances/Iris/Iris.csv,114,,,
wall_time:metric,Instances/Iris/Iris.csv,115,,,
wall_time:metric,Instances/Iris/Iris.csv,116,,,
wall_time:metric,Instances/Iris/Iris.csv,117,,,
wall_time:metric,Instances/Iris/Iris.csv,118,,,
wall_time:metric,Instances/Iris/Iris.csv,119,,,
wall_time:metric,Instances/Iris/Iris.csv,120,,,
wall_time:metric,Instances/Iris/Iris.csv,121,,,
wall_time:metric,Instances/Iris/Iris.csv,122,,,
wall_time:metric,Instances/Iris/Iris.csv,123,,,
wall_time:metric,Instances/Iris/Iris.csv,124,,,
wall_time:metric,Instances/Iris/Iris.csv,125,,,
wall_time:metric,Instances/Iris/Iris.csv,126,,,
