Solver,,,nan,nan,nan
Meta,,,Value,Seed,Configuration
Objective,Instance,Run,,,
cpu_time:metric,Instances/Europe_3h_year/problem_instance_europe_apr_3h.json,1,,,
cpu_time:metric,Instances/Europe_3h_year/problem_instance_europe_aug_3h.json,1,,,
cpu_time:metric,Instances/Europe_3h_year/problem_instance_europe_dec_3h.json,1,,,
cpu_time:metric,Instances/Europe_3h_year/problem_instance_europe_feb_3h.json,1,,,
cpu_time:metric,Instances/Europe_3h_year/problem_instance_europe_jan_3h.json,1,,,
cpu_time:metric,Instances/Europe_3h_year/problem_instance_europe_jul_3h.json,1,,,
cpu_time:metric,Instances/Europe_3h_year/problem_instance_europe_jun_3h.json,1,,,
cpu_time:metric,Instances/Europe_3h_year/problem_instance_europe_mar_3h.json,1,,,
cpu_time:metric,Instances/Europe_3h_year/problem_instance_europe_may_3h.json,1,,,
cpu_time:metric,Instances/Europe_3h_year/problem_instance_europe_nov_3h.json,1,,,
cpu_time:metric,Instances/Europe_3h_year/problem_instance_europe_oct_3h.json,1,,,
cpu_time:metric,Instances/Europe_3h_year/problem_instance_europe_sep_3h.json,1,,,
memory:metric,Instances/Europe_3h_year/problem_instance_europe_apr_3h.json,1,,,
memory:metric,Instances/Europe_3h_year/problem_instance_europe_aug_3h.json,1,,,
memory:metric,Instances/Europe_3h_year/problem_instance_europe_dec_3h.json,1,,,
memory:metric,Instances/Europe_3h_year/problem_instance_europe_feb_3h.json,1,,,
memory:metric,Instances/Europe_3h_year/problem_instance_europe_jan_3h.json,1,,,
memory:metric,Instances/Europe_3h_year/problem_instance_europe_jul_3h.json,1,,,
memory:metric,Instances/Europe_3h_year/problem_instance_europe_jun_3h.json,1,,,
memory:metric,Instances/Europe_3h_year/problem_instance_europe_mar_3h.json,1,,,
memory:metric,Instances/Europe_3h_year/problem_instance_europe_may_3h.json,1,,,
memory:metric,Instances/Europe_3h_year/problem_instance_europe_nov_3h.json,1,,,
memory:metric,Instances/Europe_3h_year/problem_instance_europe_oct_3h.json,1,,,
memory:metric,Instances/Europe_3h_year/problem_instance_europe_sep_3h.json,1,,,
runtime,Instances/Europe_3h_year/problem_instance_europe_apr_3h.json,1,,,
runtime,Instances/Europe_3h_year/problem_instance_europe_aug_3h.json,1,,,
runtime,Instances/Europe_3h_year/problem_instance_europe_dec_3h.json,1,,,
runtime,Instances/Europe_3h_year/problem_instance_europe_feb_3h.json,1,,,
runtime,Instances/Europe_3h_year/problem_instance_europe_jan_3h.json,1,,,
runtime,Instances/Europe_3h_year/problem_instance_europe_jul_3h.json,1,,,
runtime,Instances/Europe_3h_year/problem_instance_europe_jun_3h.json,1,,,
runtime,Instances/Europe_3h_year/problem_instance_europe_mar_3h.json,1,,,
runtime,Instances/Europe_3h_year/problem_instance_europe_may_3h.json,1,,,
runtime,Instances/Europe_3h_year/problem_instance_europe_nov_3h.json,1,,,
runtime,Instances/Europe_3h_year/problem_instance_europe_oct_3h.json,1,,,
runtime,Instances/Europe_3h_year/problem_instance_europe_sep_3h.json,1,,,
status:metric,Instances/Europe_3h_year/problem_instance_europe_apr_3h.json,1,,,
status:metric,Instances/Europe_3h_year/problem_instance_europe_aug_3h.json,1,,,
status:metric,Instances/Europe_3h_year/problem_instance_europe_dec_3h.json,1,,,
status:metric,Instances/Europe_3h_year/problem_instance_europe_feb_3h.json,1,,,
status:metric,Instances/Europe_3h_year/problem_instance_europe_jan_3h.json,1,,,
status:metric,Instances/Europe_3h_year/problem_instance_europe_jul_3h.json,1,,,
status:metric,Instances/Europe_3h_year/problem_instance_europe_jun_3h.json,1,,,
status:metric,Instances/Europe_3h_year/problem_instance_europe_mar_3h.json,1,,,
status:metric,Instances/Europe_3h_year/problem_instance_europe_may_3h.json,1,,,
status:metric,Instances/Europe_3h_year/problem_instance_europe_nov_3h.json,1,,,
status:metric,Instances/Europe_3h_year/problem_instance_europe_oct_3h.json,1,,,
status:metric,Instances/Europe_3h_year/problem_instance_europe_sep_3h.json,1,,,
wall_time:metric,Instances/Europe_3h_year/problem_instance_europe_apr_3h.json,1,,,
wall_time:metric,Instances/Europe_3h_year/problem_instance_europe_aug_3h.json,1,,,
wall_time:metric,Instances/Europe_3h_year/problem_instance_europe_dec_3h.json,1,,,
wall_time:metric,Instances/Europe_3h_year/problem_instance_europe_feb_3h.json,1,,,
wall_time:metric,Instances/Europe_3h_year/problem_instance_europe_jan_3h.json,1,,,
wall_time:metric,Instances/Europe_3h_year/problem_instance_europe_jul_3h.json,1,,,
wall_time:metric,Instances/Europe_3h_year/problem_instance_europe_jun_3h.json,1,,,
wall_time:metric,Instances/Europe_3h_year/problem_instance_europe_mar_3h.json,1,,,
wall_time:metric,Instances/Europe_3h_year/problem_instance_europe_may_3h.json,1,,,
wall_time:metric,Instances/Europe_3h_year/problem_instance_europe_nov_3h.json,1,,,
wall_time:metric,Instances/Europe_3h_year/problem_instance_europe_oct_3h.json,1,,,
wall_time:metric,Instances/Europe_3h_year/problem_instance_europe_sep_3h.json,1,,,
