[ {
  "@pi-id" : 2,
  "pi-name" : "Instances/X-1-10/X-n125-k30.vrp",
  "pi-instance-specific-info" : "0",
  "pi-features" : { },
  "pi-instance-id(deprecated)" : 1
}, {
  "@pi-id" : 3,
  "pi-name" : "Instances/X-1-10/X-n129-k18.vrp",
  "pi-instance-specific-info" : "0",
  "pi-features" : { },
  "pi-instance-id(deprecated)" : 2
}, {
  "@pi-id" : 4,
  "pi-name" : "Instances/X-1-10/X-n143-k7.vrp",
  "pi-instance-specific-info" : "0",
  "pi-features" : { },
  "pi-instance-id(deprecated)" : 3
}, {
  "@pi-id" : 5,
  "pi-name" : "Instances/X-1-10/X-n139-k10.vrp",
  "pi-instance-specific-info" : "0",
  "pi-features" : { },
  "pi-instance-id(deprecated)" : 4
}, {
  "@pi-id" : 6,
  "pi-name" : "Instances/X-1-10/X-n101-k25.vrp",
  "pi-instance-specific-info" : "0",
  "pi-features" : { },
  "pi-instance-id(deprecated)" : 5
}, {
  "@pi-id" : 7,
  "pi-name" : "Instances/X-1-10/X-n115-k10.vrp",
  "pi-instance-specific-info" : "0",
  "pi-features" : { },
  "pi-instance-id(deprecated)" : 6
}, {
  "@pi-id" : 8,
  "pi-name" : "Instances/X-1-10/X-n106-k14.vrp",
  "pi-instance-specific-info" : "0",
  "pi-features" : { },
  "pi-instance-id(deprecated)" : 7
}, {
  "@pi-id" : 9,
  "pi-name" : "Instances/X-1-10/X-n120-k6.vrp",
  "pi-instance-specific-info" : "0",
  "pi-features" : { },
  "pi-instance-id(deprecated)" : 8
}, {
  "@pi-id" : 10,
  "pi-name" : "Instances/X-1-10/X-n134-k13.vrp",
  "pi-instance-specific-info" : "0",
  "pi-features" : { },
  "pi-instance-id(deprecated)" : 9
}, {
  "@pi-id" : 11,
  "pi-name" : "Instances/X-1-10/X-n110-k13.vrp",
  "pi-instance-specific-info" : "0",
  "pi-features" : { },
  "pi-instance-id(deprecated)" : 10
} ]