Run Number,Run History Configuration ID,Instance ID,Response Value (y),Censored?,Cutoff Time Used,Seed,Runtime,Run Length,Run Result Code,Run Quality,SMAC Iteration,SMAC Cumulative Runtime,Run Result,Additional Algorithm Run Data,Wall Clock Time,
1,1,1,10.068644,0,60.0,11259741,20.9364,0.0,1,10.068644,0,20.9364,SAT,,40.84,
2,1,1,10.595464,0,60.0,14532985,21.5783,0.0,1,10.595464,1,42.5147,SAT,,59.493,
3,2,1,10.231526,0,60.0,11259741,20.8577,0.0,1,10.231526,1,63.3724,SAT,,28.644,
4,2,1,10.751588,0,60.0,14532985,22.1847,0.0,1,10.751588,1,85.55709999999999,SAT,,56.208,
5,1,1,11.095101,0,60.0,3936547,22.3977,0.0,1,11.095101,1,107.95479999999999,SAT,,60.072,
6,3,1,11.162434,0,60.0,14532985,22.4577,0.0,1,11.162434,1,130.4125,SAT,,48.011,
