{"name": "Run: RandomForest on instances", "base_dir": "Output/Log/run_solvers_2025-04-01-10.27.10", "dependencies": [], "sbatch_options": ["--qos=normal", "--mem-per-cpu=2541", "--time=3:00", "--partition=c23ms"], "srun_options": [], "jobs": [{"cmd": "python3 /rwthfs/rz/cluster/home/vx475510/miniforge3/envs/sparkle/lib/python3.10/site-packages/sparkle/solver/solver_cli.py --solver Solvers/RandomForest --instance Instances/Iris/Iris.csv --run-index 1 --performance-dataframe Output/Performance_Data/performance_data.csv --cutoff-time 60 --log-dir Output/Log/run_solvers_2025-04-01-10.27.10   ", "working_dir": ".", "output_file": null, "stdout_file": "Output/Log/run_solvers_2025-04-01-10.27.10/Run:_RandomForest_on_instances-0000.out", "stderr_file": "Output/Log/run_solvers_2025-04-01-10.27.10/Run:_RandomForest_on_instances-0000.err", "slurm_job_id": "55635495_0", "job_state": null, "start_time_stamp": null, "end_time_stamp": null, "submit_time_stamp": null, "job_restarts": null, "job_qos": null, "job_partition": null, "job_nodes": null}, {"cmd": "python3 /rwthfs/rz/cluster/home/vx475510/miniforge3/envs/sparkle/lib/python3.10/site-packages/sparkle/solver/solver_cli.py --solver Solvers/RandomForest --instance Instances/Iris/Iris.csv --run-index 2 --performance-dataframe Output/Performance_Data/performance_data.csv --cutoff-time 60 --log-dir Output/Log/run_solvers_2025-04-01-10.27.10   ", "working_dir": ".", "output_file": null, "stdout_file": "Output/Log/run_solvers_2025-04-01-10.27.10/Run:_RandomForest_on_instances-0001.out", "stderr_file": "Output/Log/run_solvers_2025-04-01-10.27.10/Run:_RandomForest_on_instances-0001.err", "slurm_job_id": "55635495_1", "job_state": null, "start_time_stamp": null, "end_time_stamp": null, "submit_time_stamp": null, "job_restarts": null, "job_qos": null, "job_partition": null, "job_nodes": null}, {"cmd": "python3 /rwthfs/rz/cluster/home/vx475510/miniforge3/envs/sparkle/lib/python3.10/site-packages/sparkle/solver/solver_cli.py --solver Solvers/RandomForest --instance Instances/Iris/Iris.csv --run-index 3 --performance-dataframe Output/Performance_Data/performance_data.csv --cutoff-time 60 --log-dir Output/Log/run_solvers_2025-04-01-10.27.10   ", "working_dir": ".", "output_file": null, "stdout_file": "Output/Log/run_solvers_2025-04-01-10.27.10/Run:_RandomForest_on_instances-0002.out", "stderr_file": "Output/Log/run_solvers_2025-04-01-10.27.10/Run:_RandomForest_on_instances-0002.err", "slurm_job_id": "55635495_2", "job_state": null, "start_time_stamp": null, "end_time_stamp": null, "submit_time_stamp": null, "job_restarts": null, "job_qos": null, "job_partition": null, "job_nodes": null}, {"cmd": "python3 /rwthfs/rz/cluster/home/vx475510/miniforge3/envs/sparkle/lib/python3.10/site-packages/sparkle/solver/solver_cli.py --solver Solvers/RandomForest --instance Instances/Iris/Iris.csv --run-index 4 --performance-dataframe Output/Performance_Data/performance_data.csv --cutoff-time 60 --log-dir Output/Log/run_solvers_2025-04-01-10.27.10   ", "working_dir": ".", "output_file": null, "stdout_file": "Output/Log/run_solvers_2025-04-01-10.27.10/Run:_RandomForest_on_instances-0003.out", "stderr_file": "Output/Log/run_solvers_2025-04-01-10.27.10/Run:_RandomForest_on_instances-0003.err", "slurm_job_id": "55635495_3", "job_state": null, "start_time_stamp": null, "end_time_stamp": null, "submit_time_stamp": null, "job_restarts": null, "job_qos": null, "job_partition": null, "job_nodes": null}, {"cmd": "python3 /rwthfs/rz/cluster/home/vx475510/miniforge3/envs/sparkle/lib/python3.10/site-packages/sparkle/solver/solver_cli.py --solver Solvers/RandomForest --instance Instances/Iris/Iris.csv --run-index 5 --performance-dataframe Output/Performance_Data/performance_data.csv --cutoff-time 60 --log-dir Output/Log/run_solvers_2025-04-01-10.27.10   ", "working_dir": ".", "output_file": null, "stdout_file": "Output/Log/run_solvers_2025-04-01-10.27.10/Run:_RandomForest_on_instances-0004.out", "stderr_file": "Output/Log/run_solvers_2025-04-01-10.27.10/Run:_RandomForest_on_instances-0004.err", "slurm_job_id": "55635495_4", "job_state": null, "start_time_stamp": null, "end_time_stamp": null, "submit_time_stamp": null, "job_restarts": null, "job_qos": null, "job_partition": null, "job_nodes": null}, {"cmd": "python3 /rwthfs/rz/cluster/home/vx475510/miniforge3/envs/sparkle/lib/python3.10/site-packages/sparkle/solver/solver_cli.py --solver Solvers/RandomForest --instance Instances/Iris/Iris.csv --run-index 6 --performance-dataframe Output/Performance_Data/performance_data.csv --cutoff-time 60 --log-dir Output/Log/run_solvers_2025-04-01-10.27.10   ", "working_dir": ".", "output_file": null, "stdout_file": "Output/Log/run_solvers_2025-04-01-10.27.10/Run:_RandomForest_on_instances-0005.out", "stderr_file": "Output/Log/run_solvers_2025-04-01-10.27.10/Run:_RandomForest_on_instances-0005.err", "slurm_job_id": "55635495_5", "job_state": null, "start_time_stamp": null, "end_time_stamp": null, "submit_time_stamp": null, "job_restarts": null, "job_qos": null, "job_partition": null, "job_nodes": null}, {"cmd": "python3 /rwthfs/rz/cluster/home/vx475510/miniforge3/envs/sparkle/lib/python3.10/site-packages/sparkle/solver/solver_cli.py --solver Solvers/RandomForest --instance Instances/Iris/Iris.csv --run-index 7 --performance-dataframe Output/Performance_Data/performance_data.csv --cutoff-time 60 --log-dir Output/Log/run_solvers_2025-04-01-10.27.10   ", "working_dir": ".", "output_file": null, "stdout_file": "Output/Log/run_solvers_2025-04-01-10.27.10/Run:_RandomForest_on_instances-0006.out", "stderr_file": "Output/Log/run_solvers_2025-04-01-10.27.10/Run:_RandomForest_on_instances-0006.err", "slurm_job_id": "55635495_6", "job_state": null, "start_time_stamp": null, "end_time_stamp": null, "submit_time_stamp": null, "job_restarts": null, "job_qos": null, "job_partition": null, "job_nodes": null}, {"cmd": "python3 /rwthfs/rz/cluster/home/vx475510/miniforge3/envs/sparkle/lib/python3.10/site-packages/sparkle/solver/solver_cli.py --solver Solvers/RandomForest --instance Instances/Iris/Iris.csv --run-index 8 --performance-dataframe Output/Performance_Data/performance_data.csv --cutoff-time 60 --log-dir Output/Log/run_solvers_2025-04-01-10.27.10   ", "working_dir": ".", "output_file": null, "stdout_file": "Output/Log/run_solvers_2025-04-01-10.27.10/Run:_RandomForest_on_instances-0007.out", "stderr_file": "Output/Log/run_solvers_2025-04-01-10.27.10/Run:_RandomForest_on_instances-0007.err", "slurm_job_id": "55635495_7", "job_state": null, "start_time_stamp": null, "end_time_stamp": null, "submit_time_stamp": null, "job_restarts": null, "job_qos": null, "job_partition": null, "job_nodes": null}, {"cmd": "python3 /rwthfs/rz/cluster/home/vx475510/miniforge3/envs/sparkle/lib/python3.10/site-packages/sparkle/solver/solver_cli.py --solver Solvers/RandomForest --instance Instances/Iris/Iris.csv --run-index 9 --performance-dataframe Output/Performance_Data/performance_data.csv --cutoff-time 60 --log-dir Output/Log/run_solvers_2025-04-01-10.27.10   ", "working_dir": ".", "output_file": null, "stdout_file": "Output/Log/run_solvers_2025-04-01-10.27.10/Run:_RandomForest_on_instances-0008.out", "stderr_file": "Output/Log/run_solvers_2025-04-01-10.27.10/Run:_RandomForest_on_instances-0008.err", "slurm_job_id": "55635495_8", "job_state": null, "start_time_stamp": null, "end_time_stamp": null, "submit_time_stamp": null, "job_restarts": null, "job_qos": null, "job_partition": null, "job_nodes": null}, {"cmd": "python3 /rwthfs/rz/cluster/home/vx475510/miniforge3/envs/sparkle/lib/python3.10/site-packages/sparkle/solver/solver_cli.py --solver Solvers/RandomForest --instance Instances/Iris/Iris.csv --run-index 10 --performance-dataframe Output/Performance_Data/performance_data.csv --cutoff-time 60 --log-dir Output/Log/run_solvers_2025-04-01-10.27.10   ", "working_dir": ".", "output_file": null, "stdout_file": "Output/Log/run_solvers_2025-04-01-10.27.10/Run:_RandomForest_on_instances-0009.out", "stderr_file": "Output/Log/run_solvers_2025-04-01-10.27.10/Run:_RandomForest_on_instances-0009.err", "slurm_job_id": "55635495_9", "job_state": null, "start_time_stamp": null, "end_time_stamp": null, "submit_time_stamp": null, "job_restarts": null, "job_qos": null, "job_partition": null, "job_nodes": null}, {"cmd": "python3 /rwthfs/rz/cluster/home/vx475510/miniforge3/envs/sparkle/lib/python3.10/site-packages/sparkle/solver/solver_cli.py --solver Solvers/RandomForest --instance Instances/Iris/Iris.csv --run-index 11 --performance-dataframe Output/Performance_Data/performance_data.csv --cutoff-time 60 --log-dir Output/Log/run_solvers_2025-04-01-10.27.10   ", "working_dir": ".", "output_file": null, "stdout_file": "Output/Log/run_solvers_2025-04-01-10.27.10/Run:_RandomForest_on_instances-0010.out", "stderr_file": "Output/Log/run_solvers_2025-04-01-10.27.10/Run:_RandomForest_on_instances-0010.err", "slurm_job_id": "55635495_10", "job_state": null, "start_time_stamp": null, "end_time_stamp": null, "submit_time_stamp": null, "job_restarts": null, "job_qos": null, "job_partition": null, "job_nodes": null}, {"cmd": "python3 /rwthfs/rz/cluster/home/vx475510/miniforge3/envs/sparkle/lib/python3.10/site-packages/sparkle/solver/solver_cli.py --solver Solvers/RandomForest --instance Instances/Iris/Iris.csv --run-index 12 --performance-dataframe Output/Performance_Data/performance_data.csv --cutoff-time 60 --log-dir Output/Log/run_solvers_2025-04-01-10.27.10   ", "working_dir": ".", "output_file": null, "stdout_file": "Output/Log/run_solvers_2025-04-01-10.27.10/Run:_RandomForest_on_instances-0011.out", "stderr_file": "Output/Log/run_solvers_2025-04-01-10.27.10/Run:_RandomForest_on_instances-0011.err", "slurm_job_id": "55635495_11", "job_state": null, "start_time_stamp": null, "end_time_stamp": null, "submit_time_stamp": null, "job_restarts": null, "job_qos": null, "job_partition": null, "job_nodes": null}, {"cmd": "python3 /rwthfs/rz/cluster/home/vx475510/miniforge3/envs/sparkle/lib/python3.10/site-packages/sparkle/solver/solver_cli.py --solver Solvers/RandomForest --instance Instances/Iris/Iris.csv --run-index 13 --performance-dataframe Output/Performance_Data/performance_data.csv --cutoff-time 60 --log-dir Output/Log/run_solvers_2025-04-01-10.27.10   ", "working_dir": ".", "output_file": null, "stdout_file": "Output/Log/run_solvers_2025-04-01-10.27.10/Run:_RandomForest_on_instances-0012.out", "stderr_file": "Output/Log/run_solvers_2025-04-01-10.27.10/Run:_RandomForest_on_instances-0012.err", "slurm_job_id": "55635495_12", "job_state": null, "start_time_stamp": null, "end_time_stamp": null, "submit_time_stamp": null, "job_restarts": null, "job_qos": null, "job_partition": null, "job_nodes": null}, {"cmd": "python3 /rwthfs/rz/cluster/home/vx475510/miniforge3/envs/sparkle/lib/python3.10/site-packages/sparkle/solver/solver_cli.py --solver Solvers/RandomForest --instance Instances/Iris/Iris.csv --run-index 14 --performance-dataframe Output/Performance_Data/performance_data.csv --cutoff-time 60 --log-dir Output/Log/run_solvers_2025-04-01-10.27.10   ", "working_dir": ".", "output_file": null, "stdout_file": "Output/Log/run_solvers_2025-04-01-10.27.10/Run:_RandomForest_on_instances-0013.out", "stderr_file": "Output/Log/run_solvers_2025-04-01-10.27.10/Run:_RandomForest_on_instances-0013.err", "slurm_job_id": "55635495_13", "job_state": null, "start_time_stamp": null, "end_time_stamp": null, "submit_time_stamp": null, "job_restarts": null, "job_qos": null, "job_partition": null, "job_nodes": null}, {"cmd": "python3 /rwthfs/rz/cluster/home/vx475510/miniforge3/envs/sparkle/lib/python3.10/site-packages/sparkle/solver/solver_cli.py --solver Solvers/RandomForest --instance Instances/Iris/Iris.csv --run-index 15 --performance-dataframe Output/Performance_Data/performance_data.csv --cutoff-time 60 --log-dir Output/Log/run_solvers_2025-04-01-10.27.10   ", "working_dir": ".", "output_file": null, "stdout_file": "Output/Log/run_solvers_2025-04-01-10.27.10/Run:_RandomForest_on_instances-0014.out", "stderr_file": "Output/Log/run_solvers_2025-04-01-10.27.10/Run:_RandomForest_on_instances-0014.err", "slurm_job_id": "55635495_14", "job_state": null, "start_time_stamp": null, "end_time_stamp": null, "submit_time_stamp": null, "job_restarts": null, "job_qos": null, "job_partition": null, "job_nodes": null}, {"cmd": "python3 /rwthfs/rz/cluster/home/vx475510/miniforge3/envs/sparkle/lib/python3.10/site-packages/sparkle/solver/solver_cli.py --solver Solvers/RandomForest --instance Instances/Iris/Iris.csv --run-index 16 --performance-dataframe Output/Performance_Data/performance_data.csv --cutoff-time 60 --log-dir Output/Log/run_solvers_2025-04-01-10.27.10   ", "working_dir": ".", "output_file": null, "stdout_file": "Output/Log/run_solvers_2025-04-01-10.27.10/Run:_RandomForest_on_instances-0015.out", "stderr_file": "Output/Log/run_solvers_2025-04-01-10.27.10/Run:_RandomForest_on_instances-0015.err", "slurm_job_id": "55635495_15", "job_state": null, "start_time_stamp": null, "end_time_stamp": null, "submit_time_stamp": null, "job_restarts": null, "job_qos": null, "job_partition": null, "job_nodes": null}, {"cmd": "python3 /rwthfs/rz/cluster/home/vx475510/miniforge3/envs/sparkle/lib/python3.10/site-packages/sparkle/solver/solver_cli.py --solver Solvers/RandomForest --instance Instances/Iris/Iris.csv --run-index 17 --performance-dataframe Output/Performance_Data/performance_data.csv --cutoff-time 60 --log-dir Output/Log/run_solvers_2025-04-01-10.27.10   ", "working_dir": ".", "output_file": null, "stdout_file": "Output/Log/run_solvers_2025-04-01-10.27.10/Run:_RandomForest_on_instances-0016.out", "stderr_file": "Output/Log/run_solvers_2025-04-01-10.27.10/Run:_RandomForest_on_instances-0016.err", "slurm_job_id": "55635495_16", "job_state": null, "start_time_stamp": null, "end_time_stamp": null, "submit_time_stamp": null, "job_restarts": null, "job_qos": null, "job_partition": null, "job_nodes": null}, {"cmd": "python3 /rwthfs/rz/cluster/home/vx475510/miniforge3/envs/sparkle/lib/python3.10/site-packages/sparkle/solver/solver_cli.py --solver Solvers/RandomForest --instance Instances/Iris/Iris.csv --run-index 18 --performance-dataframe Output/Performance_Data/performance_data.csv --cutoff-time 60 --log-dir Output/Log/run_solvers_2025-04-01-10.27.10   ", "working_dir": ".", "output_file": null, "stdout_file": "Output/Log/run_solvers_2025-04-01-10.27.10/Run:_RandomForest_on_instances-0017.out", "stderr_file": "Output/Log/run_solvers_2025-04-01-10.27.10/Run:_RandomForest_on_instances-0017.err", "slurm_job_id": "55635495_17", "job_state": null, "start_time_stamp": null, "end_time_stamp": null, "submit_time_stamp": null, "job_restarts": null, "job_qos": null, "job_partition": null, "job_nodes": null}, {"cmd": "python3 /rwthfs/rz/cluster/home/vx475510/miniforge3/envs/sparkle/lib/python3.10/site-packages/sparkle/solver/solver_cli.py --solver Solvers/RandomForest --instance Instances/Iris/Iris.csv --run-index 19 --performance-dataframe Output/Performance_Data/performance_data.csv --cutoff-time 60 --log-dir Output/Log/run_solvers_2025-04-01-10.27.10   ", "working_dir": ".", "output_file": null, "stdout_file": "Output/Log/run_solvers_2025-04-01-10.27.10/Run:_RandomForest_on_instances-0018.out", "stderr_file": "Output/Log/run_solvers_2025-04-01-10.27.10/Run:_RandomForest_on_instances-0018.err", "slurm_job_id": "55635495_18", "job_state": null, "start_time_stamp": null, "end_time_stamp": null, "submit_time_stamp": null, "job_restarts": null, "job_qos": null, "job_partition": null, "job_nodes": null}, {"cmd": "python3 /rwthfs/rz/cluster/home/vx475510/miniforge3/envs/sparkle/lib/python3.10/site-packages/sparkle/solver/solver_cli.py --solver Solvers/RandomForest --instance Instances/Iris/Iris.csv --run-index 20 --performance-dataframe Output/Performance_Data/performance_data.csv --cutoff-time 60 --log-dir Output/Log/run_solvers_2025-04-01-10.27.10   ", "working_dir": ".", "output_file": null, "stdout_file": "Output/Log/run_solvers_2025-04-01-10.27.10/Run:_RandomForest_on_instances-0019.out", "stderr_file": "Output/Log/run_solvers_2025-04-01-10.27.10/Run:_RandomForest_on_instances-0019.err", "slurm_job_id": "55635495_19", "job_state": null, "start_time_stamp": null, "end_time_stamp": null, "submit_time_stamp": null, "job_restarts": null, "job_qos": null, "job_partition": null, "job_nodes": null}, {"cmd": "python3 /rwthfs/rz/cluster/home/vx475510/miniforge3/envs/sparkle/lib/python3.10/site-packages/sparkle/solver/solver_cli.py --solver Solvers/RandomForest --instance Instances/Iris/Iris.csv --run-index 21 --performance-dataframe Output/Performance_Data/performance_data.csv --cutoff-time 60 --log-dir Output/Log/run_solvers_2025-04-01-10.27.10   ", "working_dir": ".", "output_file": null, "stdout_file": "Output/Log/run_solvers_2025-04-01-10.27.10/Run:_RandomForest_on_instances-0020.out", "stderr_file": "Output/Log/run_solvers_2025-04-01-10.27.10/Run:_RandomForest_on_instances-0020.err", "slurm_job_id": "55635495_20", "job_state": null, "start_time_stamp": null, "end_time_stamp": null, "submit_time_stamp": null, "job_restarts": null, "job_qos": null, "job_partition": null, "job_nodes": null}, {"cmd": "python3 /rwthfs/rz/cluster/home/vx475510/miniforge3/envs/sparkle/lib/python3.10/site-packages/sparkle/solver/solver_cli.py --solver Solvers/RandomForest --instance Instances/Iris/Iris.csv --run-index 22 --performance-dataframe Output/Performance_Data/performance_data.csv --cutoff-time 60 --log-dir Output/Log/run_solvers_2025-04-01-10.27.10   ", "working_dir": ".", "output_file": null, "stdout_file": "Output/Log/run_solvers_2025-04-01-10.27.10/Run:_RandomForest_on_instances-0021.out", "stderr_file": "Output/Log/run_solvers_2025-04-01-10.27.10/Run:_RandomForest_on_instances-0021.err", "slurm_job_id": "55635495_21", "job_state": null, "start_time_stamp": null, "end_time_stamp": null, "submit_time_stamp": null, "job_restarts": null, "job_qos": null, "job_partition": null, "job_nodes": null}, {"cmd": "python3 /rwthfs/rz/cluster/home/vx475510/miniforge3/envs/sparkle/lib/python3.10/site-packages/sparkle/solver/solver_cli.py --solver Solvers/RandomForest --instance Instances/Iris/Iris.csv --run-index 23 --performance-dataframe Output/Performance_Data/performance_data.csv --cutoff-time 60 --log-dir Output/Log/run_solvers_2025-04-01-10.27.10   ", "working_dir": ".", "output_file": null, "stdout_file": "Output/Log/run_solvers_2025-04-01-10.27.10/Run:_RandomForest_on_instances-0022.out", "stderr_file": "Output/Log/run_solvers_2025-04-01-10.27.10/Run:_RandomForest_on_instances-0022.err", "slurm_job_id": "55635495_22", "job_state": null, "start_time_stamp": null, "end_time_stamp": null, "submit_time_stamp": null, "job_restarts": null, "job_qos": null, "job_partition": null, "job_nodes": null}, {"cmd": "python3 /rwthfs/rz/cluster/home/vx475510/miniforge3/envs/sparkle/lib/python3.10/site-packages/sparkle/solver/solver_cli.py --solver Solvers/RandomForest --instance Instances/Iris/Iris.csv --run-index 24 --performance-dataframe Output/Performance_Data/performance_data.csv --cutoff-time 60 --log-dir Output/Log/run_solvers_2025-04-01-10.27.10   ", "working_dir": ".", "output_file": null, "stdout_file": "Output/Log/run_solvers_2025-04-01-10.27.10/Run:_RandomForest_on_instances-0023.out", "stderr_file": "Output/Log/run_solvers_2025-04-01-10.27.10/Run:_RandomForest_on_instances-0023.err", "slurm_job_id": "55635495_23", "job_state": null, "start_time_stamp": null, "end_time_stamp": null, "submit_time_stamp": null, "job_restarts": null, "job_qos": null, "job_partition": null, "job_nodes": null}, {"cmd": "python3 /rwthfs/rz/cluster/home/vx475510/miniforge3/envs/sparkle/lib/python3.10/site-packages/sparkle/solver/solver_cli.py --solver Solvers/RandomForest --instance Instances/Iris/Iris.csv --run-index 25 --performance-dataframe Output/Performance_Data/performance_data.csv --cutoff-time 60 --log-dir Output/Log/run_solvers_2025-04-01-10.27.10   ", "working_dir": ".", "output_file": null, "stdout_file": "Output/Log/run_solvers_2025-04-01-10.27.10/Run:_RandomForest_on_instances-0024.out", "stderr_file": "Output/Log/run_solvers_2025-04-01-10.27.10/Run:_RandomForest_on_instances-0024.err", "slurm_job_id": "55635495_24", "job_state": null, "start_time_stamp": null, "end_time_stamp": null, "submit_time_stamp": null, "job_restarts": null, "job_qos": null, "job_partition": null, "job_nodes": null}, {"cmd": "python3 /rwthfs/rz/cluster/home/vx475510/miniforge3/envs/sparkle/lib/python3.10/site-packages/sparkle/solver/solver_cli.py --solver Solvers/RandomForest --instance Instances/Iris/Iris.csv --run-index 26 --performance-dataframe Output/Performance_Data/performance_data.csv --cutoff-time 60 --log-dir Output/Log/run_solvers_2025-04-01-10.27.10   ", "working_dir": ".", "output_file": null, "stdout_file": "Output/Log/run_solvers_2025-04-01-10.27.10/Run:_RandomForest_on_instances-0025.out", "stderr_file": "Output/Log/run_solvers_2025-04-01-10.27.10/Run:_RandomForest_on_instances-0025.err", "slurm_job_id": "55635495_25", "job_state": null, "start_time_stamp": null, "end_time_stamp": null, "submit_time_stamp": null, "job_restarts": null, "job_qos": null, "job_partition": null, "job_nodes": null}], "parallel_jobs": 26, "submitted": true, "run_id": "55635495", "prepend": ""}