{
    "solver": "SCIP",
    "configurator": "SMAC2",
    "best_configuration": {
        "branching_preferbinary": "TRUE",
        "branching_scorefac": "0.6845688186628824",
        "branching_scorefunc": "p",
        "heuristics_subnlp_presolveemphasis": "1",
        "heuristics_trivial_freq": "1",
        "lp_initalgorithm": "s",
        "lp_pricing": "d",
        "separating_gomory_away": "0.009855567625180585",
        "separating_poolfreq": "7",
        "configuration_id": "SMAC2_1745323005.469542_26"
    },
    "best_performance_train": 9.265488,
    "scenario": null,
    "train_set_results": "{\"('Solvers\\/SCIP', 'Value')\":{\"('cpu_time:metric', 'Instances\\/Basic_3h_single\\/problem_instance_europe_3h.json', 1)\":\"26.8285\",\"('cpu_time:metric', 'Instances\\/Basic_3h_single\\/problem_instance_europe_3h.json', 2)\":\"25.1714\",\"('cpu_time:metric', 'Instances\\/Basic_3h_single\\/problem_instance_europe_3h.json', 3)\":\"25.5114\",\"('cpu_time:metric', 'Instances\\/Basic_3h_single\\/problem_instance_europe_3h.json', 4)\":\"25.5053\",\"('cpu_time:metric', 'Instances\\/Basic_3h_single\\/problem_instance_europe_3h.json', 5)\":\"25.3949\",\"('cpu_time:metric', 'Instances\\/Basic_3h_single\\/problem_instance_europe_3h.json', 6)\":\"22.1713\",\"('cpu_time:metric', 'Instances\\/Basic_3h_single\\/problem_instance_europe_3h.json', 7)\":\"22.7964\",\"('cpu_time:metric', 'Instances\\/Basic_3h_single\\/problem_instance_europe_3h.json', 8)\":\"22.7879\",\"('cpu_time:metric', 'Instances\\/Basic_3h_single\\/problem_instance_europe_3h.json', 9)\":\"22.0461\",\"('cpu_time:metric', 'Instances\\/Basic_3h_single\\/problem_instance_europe_3h.json', 10)\":\"21.3023\",\"('cpu_time:metric', 'Instances\\/Basic_3h_single\\/problem_instance_europe_3h.json', 11)\":\"21.0959\",\"('cpu_time:metric', 'Instances\\/Basic_3h_single\\/problem_instance_europe_3h.json', 12)\":\"20.887\",\"('cpu_time:metric', 'Instances\\/Basic_3h_single\\/problem_instance_europe_3h.json', 13)\":\"22.3285\",\"('cpu_time:metric', 'Instances\\/Basic_3h_single\\/problem_instance_europe_3h.json', 14)\":\"21.2968\",\"('cpu_time:metric', 'Instances\\/Basic_3h_single\\/problem_instance_europe_3h.json', 15)\":\"21.9457\",\"('cpu_time:metric', 'Instances\\/Basic_3h_single\\/problem_instance_europe_3h.json', 16)\":\"20.5026\",\"('cpu_time:metric', 'Instances\\/Basic_3h_single\\/problem_instance_europe_3h.json', 17)\":\"20.3582\",\"('cpu_time:metric', 'Instances\\/Basic_3h_single\\/problem_instance_europe_3h.json', 18)\":\"20.1545\",\"('cpu_time:metric', 'Instances\\/Basic_3h_single\\/problem_instance_europe_3h.json', 19)\":\"19.6037\",\"('cpu_time:metric', 'Instances\\/Basic_3h_single\\/problem_instance_europe_3h.json', 20)\":\"20.5331\",\"('cpu_time:metric', 'Instances\\/Basic_3h_single\\/problem_instance_europe_3h.json', 21)\":\"20.5843\",\"('cpu_time:metric', 'Instances\\/Basic_3h_single\\/problem_instance_europe_3h.json', 22)\":\"20.511\",\"('cpu_time:metric', 'Instances\\/Basic_3h_single\\/problem_instance_europe_3h.json', 23)\":\"19.749\",\"('cpu_time:metric', 'Instances\\/Basic_3h_single\\/problem_instance_europe_3h.json', 24)\":\"19.6805\",\"('cpu_time:metric', 'Instances\\/Basic_3h_single\\/problem_instance_europe_3h.json', 25)\":\"20.4368\",\"('cpu_time:metric', 'Instances\\/Basic_3h_single\\/problem_instance_europe_3h.json', 26)\":\"18.6008\",\"('memory:metric', 'Instances\\/Basic_3h_single\\/problem_instance_europe_3h.json', 1)\":\"2311.8984375\",\"('memory:metric', 'Instances\\/Basic_3h_single\\/problem_instance_europe_3h.json', 2)\":\"2313.328125\",\"('memory:metric', 'Instances\\/Basic_3h_single\\/problem_instance_europe_3h.json', 3)\":\"2313.90625\",\"('memory:metric', 'Instances\\/Basic_3h_single\\/problem_instance_europe_3h.json', 4)\":\"2313.90625\",\"('memory:metric', 'Instances\\/Basic_3h_single\\/problem_instance_europe_3h.json', 5)\":\"2313.8125\",\"('memory:metric', 'Instances\\/Basic_3h_single\\/problem_instance_europe_3h.json', 6)\":\"2313.89453125\",\"('memory:metric', 'Instances\\/Basic_3h_single\\/problem_instance_europe_3h.json', 7)\":\"2313.796875\",\"('memory:metric', 'Instances\\/Basic_3h_single\\/problem_instance_europe_3h.json', 8)\":\"2313.7734375\",\"('memory:metric', 'Instances\\/Basic_3h_single\\/problem_instance_europe_3h.json', 9)\":\"2311.90234375\",\"('memory:metric', 'Instances\\/Basic_3h_single\\/problem_instance_europe_3h.json', 10)\":\"2313.796875\",\"('memory:metric', 'Instances\\/Basic_3h_single\\/problem_instance_europe_3h.json', 11)\":\"2313.89453125\",\"('memory:metric', 'Instances\\/Basic_3h_single\\/problem_instance_europe_3h.json', 12)\":\"2313.796875\",\"('memory:metric', 'Instances\\/Basic_3h_single\\/problem_instance_europe_3h.json', 13)\":\"2313.8984375\",\"('memory:metric', 'Instances\\/Basic_3h_single\\/problem_instance_europe_3h.json', 14)\":\"2313.90625\",\"('memory:metric', 'Instances\\/Basic_3h_single\\/problem_instance_europe_3h.json', 15)\":\"2313.89453125\",\"('memory:metric', 'Instances\\/Basic_3h_single\\/problem_instance_europe_3h.json', 16)\":\"2311.81640625\",\"('memory:metric', 'Instances\\/Basic_3h_single\\/problem_instance_europe_3h.json', 17)\":\"2313.97265625\",\"('memory:metric', 'Instances\\/Basic_3h_single\\/problem_instance_europe_3h.json', 18)\":\"2313.91015625\",\"('memory:metric', 'Instances\\/Basic_3h_single\\/problem_instance_europe_3h.json', 19)\":\"2313.97265625\",\"('memory:metric', 'Instances\\/Basic_3h_single\\/problem_instance_europe_3h.json', 20)\":\"2311.8046875\",\"('memory:metric', 'Instances\\/Basic_3h_single\\/problem_instance_europe_3h.json', 21)\":\"2313.90625\",\"('memory:metric', 'Instances\\/Basic_3h_single\\/problem_instance_europe_3h.json', 22)\":\"2313.328125\",\"('memory:metric', 'Instances\\/Basic_3h_single\\/problem_instance_europe_3h.json', 23)\":\"2311.90625\",\"('memory:metric', 'Instances\\/Basic_3h_single\\/problem_instance_europe_3h.json', 24)\":\"2311.80859375\",\"('memory:metric', 'Instances\\/Basic_3h_single\\/problem_instance_europe_3h.json', 25)\":\"2313.80859375\",\"('memory:metric', 'Instances\\/Basic_3h_single\\/problem_instance_europe_3h.json', 26)\":\"2313.80859375\",\"('runtime', 'Instances\\/Basic_3h_single\\/problem_instance_europe_3h.json', 1)\":\"15.032107\",\"('runtime', 'Instances\\/Basic_3h_single\\/problem_instance_europe_3h.json', 2)\":\"12.70929\",\"('runtime', 'Instances\\/Basic_3h_single\\/problem_instance_europe_3h.json', 3)\":\"12.938417\",\"('runtime', 'Instances\\/Basic_3h_single\\/problem_instance_europe_3h.json', 4)\":\"13.053925\",\"('runtime', 'Instances\\/Basic_3h_single\\/problem_instance_europe_3h.json', 5)\":\"12.793527\",\"('runtime', 'Instances\\/Basic_3h_single\\/problem_instance_europe_3h.json', 6)\":\"11.187955\",\"('runtime', 'Instances\\/Basic_3h_single\\/problem_instance_europe_3h.json', 7)\":\"11.464069\",\"('runtime', 'Instances\\/Basic_3h_single\\/problem_instance_europe_3h.json', 8)\":\"11.418695\",\"('runtime', 'Instances\\/Basic_3h_single\\/problem_instance_europe_3h.json', 9)\":\"11.280491\",\"('runtime', 'Instances\\/Basic_3h_single\\/problem_instance_europe_3h.json', 10)\":\"10.136232\",\"('runtime', 'Instances\\/Basic_3h_single\\/problem_instance_europe_3h.json', 11)\":\"9.852145\",\"('runtime', 'Instances\\/Basic_3h_single\\/problem_instance_europe_3h.json', 12)\":\"11.699698\",\"('runtime', 'Instances\\/Basic_3h_single\\/problem_instance_europe_3h.json', 13)\":\"12.369144\",\"('runtime', 'Instances\\/Basic_3h_single\\/problem_instance_europe_3h.json', 14)\":\"10.067954\",\"('runtime', 'Instances\\/Basic_3h_single\\/problem_instance_europe_3h.json', 15)\":\"12.196897\",\"('runtime', 'Instances\\/Basic_3h_single\\/problem_instance_europe_3h.json', 16)\":\"10.309975\",\"('runtime', 'Instances\\/Basic_3h_single\\/problem_instance_europe_3h.json', 17)\":\"10.198827\",\"('runtime', 'Instances\\/Basic_3h_single\\/problem_instance_europe_3h.json', 18)\":\"10.463036\",\"('runtime', 'Instances\\/Basic_3h_single\\/problem_instance_europe_3h.json', 19)\":\"9.709259\",\"('runtime', 'Instances\\/Basic_3h_single\\/problem_instance_europe_3h.json', 20)\":\"10.44174\",\"('runtime', 'Instances\\/Basic_3h_single\\/problem_instance_europe_3h.json', 21)\":\"10.284594\",\"('runtime', 'Instances\\/Basic_3h_single\\/problem_instance_europe_3h.json', 22)\":\"10.384952\",\"('runtime', 'Instances\\/Basic_3h_single\\/problem_instance_europe_3h.json', 23)\":\"9.775532\",\"('runtime', 'Instances\\/Basic_3h_single\\/problem_instance_europe_3h.json', 24)\":\"10.265944\",\"('runtime', 'Instances\\/Basic_3h_single\\/problem_instance_europe_3h.json', 25)\":\"10.49865\",\"('runtime', 'Instances\\/Basic_3h_single\\/problem_instance_europe_3h.json', 26)\":\"9.265488\",\"('status:metric', 'Instances\\/Basic_3h_single\\/problem_instance_europe_3h.json', 1)\":\"SUCCESS\",\"('status:metric', 'Instances\\/Basic_3h_single\\/problem_instance_europe_3h.json', 2)\":\"SUCCESS\",\"('status:metric', 'Instances\\/Basic_3h_single\\/problem_instance_europe_3h.json', 3)\":\"SUCCESS\",\"('status:metric', 'Instances\\/Basic_3h_single\\/problem_instance_europe_3h.json', 4)\":\"SUCCESS\",\"('status:metric', 'Instances\\/Basic_3h_single\\/problem_instance_europe_3h.json', 5)\":\"SUCCESS\",\"('status:metric', 'Instances\\/Basic_3h_single\\/problem_instance_europe_3h.json', 6)\":\"SUCCESS\",\"('status:metric', 'Instances\\/Basic_3h_single\\/problem_instance_europe_3h.json', 7)\":\"SUCCESS\",\"('status:metric', 'Instances\\/Basic_3h_single\\/problem_instance_europe_3h.json', 8)\":\"SUCCESS\",\"('status:metric', 'Instances\\/Basic_3h_single\\/problem_instance_europe_3h.json', 9)\":\"SUCCESS\",\"('status:metric', 'Instances\\/Basic_3h_single\\/problem_instance_europe_3h.json', 10)\":\"SUCCESS\",\"('status:metric', 'Instances\\/Basic_3h_single\\/problem_instance_europe_3h.json', 11)\":\"SUCCESS\",\"('status:metric', 'Instances\\/Basic_3h_single\\/problem_instance_europe_3h.json', 12)\":\"SUCCESS\",\"('status:metric', 'Instances\\/Basic_3h_single\\/problem_instance_europe_3h.json', 13)\":\"SUCCESS\",\"('status:metric', 'Instances\\/Basic_3h_single\\/problem_instance_europe_3h.json', 14)\":\"SUCCESS\",\"('status:metric', 'Instances\\/Basic_3h_single\\/problem_instance_europe_3h.json', 15)\":\"SUCCESS\",\"('status:metric', 'Instances\\/Basic_3h_single\\/problem_instance_europe_3h.json', 16)\":\"SUCCESS\",\"('status:metric', 'Instances\\/Basic_3h_single\\/problem_instance_europe_3h.json', 17)\":\"SUCCESS\",\"('status:metric', 'Instances\\/Basic_3h_single\\/problem_instance_europe_3h.json', 18)\":\"SUCCESS\",\"('status:metric', 'Instances\\/Basic_3h_single\\/problem_instance_europe_3h.json', 19)\":\"SUCCESS\",\"('status:metric', 'Instances\\/Basic_3h_single\\/problem_instance_europe_3h.json', 20)\":\"SUCCESS\",\"('status:metric', 'Instances\\/Basic_3h_single\\/problem_instance_europe_3h.json', 21)\":\"SUCCESS\",\"('status:metric', 'Instances\\/Basic_3h_single\\/problem_instance_europe_3h.json', 22)\":\"SUCCESS\",\"('status:metric', 'Instances\\/Basic_3h_single\\/problem_instance_europe_3h.json', 23)\":\"SUCCESS\",\"('status:metric', 'Instances\\/Basic_3h_single\\/problem_instance_europe_3h.json', 24)\":\"SUCCESS\",\"('status:metric', 'Instances\\/Basic_3h_single\\/problem_instance_europe_3h.json', 25)\":\"SUCCESS\",\"('status:metric', 'Instances\\/Basic_3h_single\\/problem_instance_europe_3h.json', 26)\":\"SUCCESS\",\"('wall_time:metric', 'Instances\\/Basic_3h_single\\/problem_instance_europe_3h.json', 1)\":\"29.3477\",\"('wall_time:metric', 'Instances\\/Basic_3h_single\\/problem_instance_europe_3h.json', 2)\":\"26.6731\",\"('wall_time:metric', 'Instances\\/Basic_3h_single\\/problem_instance_europe_3h.json', 3)\":\"26.988\",\"('wall_time:metric', 'Instances\\/Basic_3h_single\\/problem_instance_europe_3h.json', 4)\":\"27.066\",\"('wall_time:metric', 'Instances\\/Basic_3h_single\\/problem_instance_europe_3h.json', 5)\":\"26.8725\",\"('wall_time:metric', 'Instances\\/Basic_3h_single\\/problem_instance_europe_3h.json', 6)\":\"23.2621\",\"('wall_time:metric', 'Instances\\/Basic_3h_single\\/problem_instance_europe_3h.json', 7)\":\"24.2516\",\"('wall_time:metric', 'Instances\\/Basic_3h_single\\/problem_instance_europe_3h.json', 8)\":\"24.2102\",\"('wall_time:metric', 'Instances\\/Basic_3h_single\\/problem_instance_europe_3h.json', 9)\":\"24.9832\",\"('wall_time:metric', 'Instances\\/Basic_3h_single\\/problem_instance_europe_3h.json', 10)\":\"22.2776\",\"('wall_time:metric', 'Instances\\/Basic_3h_single\\/problem_instance_europe_3h.json', 11)\":\"22.0324\",\"('wall_time:metric', 'Instances\\/Basic_3h_single\\/problem_instance_europe_3h.json', 12)\":\"21.9824\",\"('wall_time:metric', 'Instances\\/Basic_3h_single\\/problem_instance_europe_3h.json', 13)\":\"23.3306\",\"('wall_time:metric', 'Instances\\/Basic_3h_single\\/problem_instance_europe_3h.json', 14)\":\"22.3019\",\"('wall_time:metric', 'Instances\\/Basic_3h_single\\/problem_instance_europe_3h.json', 15)\":\"22.9469\",\"('wall_time:metric', 'Instances\\/Basic_3h_single\\/problem_instance_europe_3h.json', 16)\":\"21.4488\",\"('wall_time:metric', 'Instances\\/Basic_3h_single\\/problem_instance_europe_3h.json', 17)\":\"21.2819\",\"('wall_time:metric', 'Instances\\/Basic_3h_single\\/problem_instance_europe_3h.json', 18)\":\"21.0179\",\"('wall_time:metric', 'Instances\\/Basic_3h_single\\/problem_instance_europe_3h.json', 19)\":\"20.438\",\"('wall_time:metric', 'Instances\\/Basic_3h_single\\/problem_instance_europe_3h.json', 20)\":\"21.4789\",\"('wall_time:metric', 'Instances\\/Basic_3h_single\\/problem_instance_europe_3h.json', 21)\":\"21.5334\",\"('wall_time:metric', 'Instances\\/Basic_3h_single\\/problem_instance_europe_3h.json', 22)\":\"21.4352\",\"('wall_time:metric', 'Instances\\/Basic_3h_single\\/problem_instance_europe_3h.json', 23)\":\"20.5919\",\"('wall_time:metric', 'Instances\\/Basic_3h_single\\/problem_instance_europe_3h.json', 24)\":\"20.5717\",\"('wall_time:metric', 'Instances\\/Basic_3h_single\\/problem_instance_europe_3h.json', 25)\":\"21.349\",\"('wall_time:metric', 'Instances\\/Basic_3h_single\\/problem_instance_europe_3h.json', 26)\":\"19.3427\"},\"('Solvers\\/SCIP', 'Seed')\":{\"('cpu_time:metric', 'Instances\\/Basic_3h_single\\/problem_instance_europe_3h.json', 1)\":1414071477.0,\"('cpu_time:metric', 'Instances\\/Basic_3h_single\\/problem_instance_europe_3h.json', 2)\":3754635863.0,\"('cpu_time:metric', 'Instances\\/Basic_3h_single\\/problem_instance_europe_3h.json', 3)\":1700958486.0,\"('cpu_time:metric', 'Instances\\/Basic_3h_single\\/problem_instance_europe_3h.json', 4)\":599993999.0,\"('cpu_time:metric', 'Instances\\/Basic_3h_single\\/problem_instance_europe_3h.json', 5)\":1025156108.0,\"('cpu_time:metric', 'Instances\\/Basic_3h_single\\/problem_instance_europe_3h.json', 6)\":1323933169.0,\"('cpu_time:metric', 'Instances\\/Basic_3h_single\\/problem_instance_europe_3h.json', 7)\":2459333558.0,\"('cpu_time:metric', 'Instances\\/Basic_3h_single\\/problem_instance_europe_3h.json', 8)\":1567677448.0,\"('cpu_time:metric', 'Instances\\/Basic_3h_single\\/problem_instance_europe_3h.json', 9)\":4271153532.0,\"('cpu_time:metric', 'Instances\\/Basic_3h_single\\/problem_instance_europe_3h.json', 10)\":1458864462.0,\"('cpu_time:metric', 'Instances\\/Basic_3h_single\\/problem_instance_europe_3h.json', 11)\":1721798609.0,\"('cpu_time:metric', 'Instances\\/Basic_3h_single\\/problem_instance_europe_3h.json', 12)\":3715103823.0,\"('cpu_time:metric', 'Instances\\/Basic_3h_single\\/problem_instance_europe_3h.json', 13)\":2868912000.0,\"('cpu_time:metric', 'Instances\\/Basic_3h_single\\/problem_instance_europe_3h.json', 14)\":1891893564.0,\"('cpu_time:metric', 'Instances\\/Basic_3h_single\\/problem_instance_europe_3h.json', 15)\":182642075.0,\"('cpu_time:metric', 'Instances\\/Basic_3h_single\\/problem_instance_europe_3h.json', 16)\":2615769279.0,\"('cpu_time:metric', 'Instances\\/Basic_3h_single\\/problem_instance_europe_3h.json', 17)\":2710923158.0,\"('cpu_time:metric', 'Instances\\/Basic_3h_single\\/problem_instance_europe_3h.json', 18)\":1484667715.0,\"('cpu_time:metric', 'Instances\\/Basic_3h_single\\/problem_instance_europe_3h.json', 19)\":4293027607.0,\"('cpu_time:metric', 'Instances\\/Basic_3h_single\\/problem_instance_europe_3h.json', 20)\":3155639181.0,\"('cpu_time:metric', 'Instances\\/Basic_3h_single\\/problem_instance_europe_3h.json', 21)\":1961376623.0,\"('cpu_time:metric', 'Instances\\/Basic_3h_single\\/problem_instance_europe_3h.json', 22)\":866940334.0,\"('cpu_time:metric', 'Instances\\/Basic_3h_single\\/problem_instance_europe_3h.json', 23)\":174179314.0,\"('cpu_time:metric', 'Instances\\/Basic_3h_single\\/problem_instance_europe_3h.json', 24)\":117888990.0,\"('cpu_time:metric', 'Instances\\/Basic_3h_single\\/problem_instance_europe_3h.json', 25)\":3750769156.0,\"('cpu_time:metric', 'Instances\\/Basic_3h_single\\/problem_instance_europe_3h.json', 26)\":4134790707.0,\"('memory:metric', 'Instances\\/Basic_3h_single\\/problem_instance_europe_3h.json', 1)\":1414071477.0,\"('memory:metric', 'Instances\\/Basic_3h_single\\/problem_instance_europe_3h.json', 2)\":3754635863.0,\"('memory:metric', 'Instances\\/Basic_3h_single\\/problem_instance_europe_3h.json', 3)\":1700958486.0,\"('memory:metric', 'Instances\\/Basic_3h_single\\/problem_instance_europe_3h.json', 4)\":599993999.0,\"('memory:metric', 'Instances\\/Basic_3h_single\\/problem_instance_europe_3h.json', 5)\":1025156108.0,\"('memory:metric', 'Instances\\/Basic_3h_single\\/problem_instance_europe_3h.json', 6)\":1323933169.0,\"('memory:metric', 'Instances\\/Basic_3h_single\\/problem_instance_europe_3h.json', 7)\":2459333558.0,\"('memory:metric', 'Instances\\/Basic_3h_single\\/problem_instance_europe_3h.json', 8)\":1567677448.0,\"('memory:metric', 'Instances\\/Basic_3h_single\\/problem_instance_europe_3h.json', 9)\":4271153532.0,\"('memory:metric', 'Instances\\/Basic_3h_single\\/problem_instance_europe_3h.json', 10)\":1458864462.0,\"('memory:metric', 'Instances\\/Basic_3h_single\\/problem_instance_europe_3h.json', 11)\":1721798609.0,\"('memory:metric', 'Instances\\/Basic_3h_single\\/problem_instance_europe_3h.json', 12)\":3715103823.0,\"('memory:metric', 'Instances\\/Basic_3h_single\\/problem_instance_europe_3h.json', 13)\":2868912000.0,\"('memory:metric', 'Instances\\/Basic_3h_single\\/problem_instance_europe_3h.json', 14)\":1891893564.0,\"('memory:metric', 'Instances\\/Basic_3h_single\\/problem_instance_europe_3h.json', 15)\":182642075.0,\"('memory:metric', 'Instances\\/Basic_3h_single\\/problem_instance_europe_3h.json', 16)\":2615769279.0,\"('memory:metric', 'Instances\\/Basic_3h_single\\/problem_instance_europe_3h.json', 17)\":2710923158.0,\"('memory:metric', 'Instances\\/Basic_3h_single\\/problem_instance_europe_3h.json', 18)\":1484667715.0,\"('memory:metric', 'Instances\\/Basic_3h_single\\/problem_instance_europe_3h.json', 19)\":4293027607.0,\"('memory:metric', 'Instances\\/Basic_3h_single\\/problem_instance_europe_3h.json', 20)\":3155639181.0,\"('memory:metric', 'Instances\\/Basic_3h_single\\/problem_instance_europe_3h.json', 21)\":1961376623.0,\"('memory:metric', 'Instances\\/Basic_3h_single\\/problem_instance_europe_3h.json', 22)\":866940334.0,\"('memory:metric', 'Instances\\/Basic_3h_single\\/problem_instance_europe_3h.json', 23)\":174179314.0,\"('memory:metric', 'Instances\\/Basic_3h_single\\/problem_instance_europe_3h.json', 24)\":117888990.0,\"('memory:metric', 'Instances\\/Basic_3h_single\\/problem_instance_europe_3h.json', 25)\":3750769156.0,\"('memory:metric', 'Instances\\/Basic_3h_single\\/problem_instance_europe_3h.json', 26)\":4134790707.0,\"('runtime', 'Instances\\/Basic_3h_single\\/problem_instance_europe_3h.json', 1)\":1414071477.0,\"('runtime', 'Instances\\/Basic_3h_single\\/problem_instance_europe_3h.json', 2)\":3754635863.0,\"('runtime', 'Instances\\/Basic_3h_single\\/problem_instance_europe_3h.json', 3)\":1700958486.0,\"('runtime', 'Instances\\/Basic_3h_single\\/problem_instance_europe_3h.json', 4)\":599993999.0,\"('runtime', 'Instances\\/Basic_3h_single\\/problem_instance_europe_3h.json', 5)\":1025156108.0,\"('runtime', 'Instances\\/Basic_3h_single\\/problem_instance_europe_3h.json', 6)\":1323933169.0,\"('runtime', 'Instances\\/Basic_3h_single\\/problem_instance_europe_3h.json', 7)\":2459333558.0,\"('runtime', 'Instances\\/Basic_3h_single\\/problem_instance_europe_3h.json', 8)\":1567677448.0,\"('runtime', 'Instances\\/Basic_3h_single\\/problem_instance_europe_3h.json', 9)\":4271153532.0,\"('runtime', 'Instances\\/Basic_3h_single\\/problem_instance_europe_3h.json', 10)\":1458864462.0,\"('runtime', 'Instances\\/Basic_3h_single\\/problem_instance_europe_3h.json', 11)\":1721798609.0,\"('runtime', 'Instances\\/Basic_3h_single\\/problem_instance_europe_3h.json', 12)\":3715103823.0,\"('runtime', 'Instances\\/Basic_3h_single\\/problem_instance_europe_3h.json', 13)\":2868912000.0,\"('runtime', 'Instances\\/Basic_3h_single\\/problem_instance_europe_3h.json', 14)\":1891893564.0,\"('runtime', 'Instances\\/Basic_3h_single\\/problem_instance_europe_3h.json', 15)\":182642075.0,\"('runtime', 'Instances\\/Basic_3h_single\\/problem_instance_europe_3h.json', 16)\":2615769279.0,\"('runtime', 'Instances\\/Basic_3h_single\\/problem_instance_europe_3h.json', 17)\":2710923158.0,\"('runtime', 'Instances\\/Basic_3h_single\\/problem_instance_europe_3h.json', 18)\":1484667715.0,\"('runtime', 'Instances\\/Basic_3h_single\\/problem_instance_europe_3h.json', 19)\":4293027607.0,\"('runtime', 'Instances\\/Basic_3h_single\\/problem_instance_europe_3h.json', 20)\":3155639181.0,\"('runtime', 'Instances\\/Basic_3h_single\\/problem_instance_europe_3h.json', 21)\":1961376623.0,\"('runtime', 'Instances\\/Basic_3h_single\\/problem_instance_europe_3h.json', 22)\":866940334.0,\"('runtime', 'Instances\\/Basic_3h_single\\/problem_instance_europe_3h.json', 23)\":174179314.0,\"('runtime', 'Instances\\/Basic_3h_single\\/problem_instance_europe_3h.json', 24)\":117888990.0,\"('runtime', 'Instances\\/Basic_3h_single\\/problem_instance_europe_3h.json', 25)\":3750769156.0,\"('runtime', 'Instances\\/Basic_3h_single\\/problem_instance_europe_3h.json', 26)\":4134790707.0,\"('status:metric', 'Instances\\/Basic_3h_single\\/problem_instance_europe_3h.json', 1)\":1414071477.0,\"('status:metric', 'Instances\\/Basic_3h_single\\/problem_instance_europe_3h.json', 2)\":3754635863.0,\"('status:metric', 'Instances\\/Basic_3h_single\\/problem_instance_europe_3h.json', 3)\":1700958486.0,\"('status:metric', 'Instances\\/Basic_3h_single\\/problem_instance_europe_3h.json', 4)\":599993999.0,\"('status:metric', 'Instances\\/Basic_3h_single\\/problem_instance_europe_3h.json', 5)\":1025156108.0,\"('status:metric', 'Instances\\/Basic_3h_single\\/problem_instance_europe_3h.json', 6)\":1323933169.0,\"('status:metric', 'Instances\\/Basic_3h_single\\/problem_instance_europe_3h.json', 7)\":2459333558.0,\"('status:metric', 'Instances\\/Basic_3h_single\\/problem_instance_europe_3h.json', 8)\":1567677448.0,\"('status:metric', 'Instances\\/Basic_3h_single\\/problem_instance_europe_3h.json', 9)\":4271153532.0,\"('status:metric', 'Instances\\/Basic_3h_single\\/problem_instance_europe_3h.json', 10)\":1458864462.0,\"('status:metric', 'Instances\\/Basic_3h_single\\/problem_instance_europe_3h.json', 11)\":1721798609.0,\"('status:metric', 'Instances\\/Basic_3h_single\\/problem_instance_europe_3h.json', 12)\":3715103823.0,\"('status:metric', 'Instances\\/Basic_3h_single\\/problem_instance_europe_3h.json', 13)\":2868912000.0,\"('status:metric', 'Instances\\/Basic_3h_single\\/problem_instance_europe_3h.json', 14)\":1891893564.0,\"('status:metric', 'Instances\\/Basic_3h_single\\/problem_instance_europe_3h.json', 15)\":182642075.0,\"('status:metric', 'Instances\\/Basic_3h_single\\/problem_instance_europe_3h.json', 16)\":2615769279.0,\"('status:metric', 'Instances\\/Basic_3h_single\\/problem_instance_europe_3h.json', 17)\":2710923158.0,\"('status:metric', 'Instances\\/Basic_3h_single\\/problem_instance_europe_3h.json', 18)\":1484667715.0,\"('status:metric', 'Instances\\/Basic_3h_single\\/problem_instance_europe_3h.json', 19)\":4293027607.0,\"('status:metric', 'Instances\\/Basic_3h_single\\/problem_instance_europe_3h.json', 20)\":3155639181.0,\"('status:metric', 'Instances\\/Basic_3h_single\\/problem_instance_europe_3h.json', 21)\":1961376623.0,\"('status:metric', 'Instances\\/Basic_3h_single\\/problem_instance_europe_3h.json', 22)\":866940334.0,\"('status:metric', 'Instances\\/Basic_3h_single\\/problem_instance_europe_3h.json', 23)\":174179314.0,\"('status:metric', 'Instances\\/Basic_3h_single\\/problem_instance_europe_3h.json', 24)\":117888990.0,\"('status:metric', 'Instances\\/Basic_3h_single\\/problem_instance_europe_3h.json', 25)\":3750769156.0,\"('status:metric', 'Instances\\/Basic_3h_single\\/problem_instance_europe_3h.json', 26)\":4134790707.0,\"('wall_time:metric', 'Instances\\/Basic_3h_single\\/problem_instance_europe_3h.json', 1)\":1414071477.0,\"('wall_time:metric', 'Instances\\/Basic_3h_single\\/problem_instance_europe_3h.json', 2)\":3754635863.0,\"('wall_time:metric', 'Instances\\/Basic_3h_single\\/problem_instance_europe_3h.json', 3)\":1700958486.0,\"('wall_time:metric', 'Instances\\/Basic_3h_single\\/problem_instance_europe_3h.json', 4)\":599993999.0,\"('wall_time:metric', 'Instances\\/Basic_3h_single\\/problem_instance_europe_3h.json', 5)\":1025156108.0,\"('wall_time:metric', 'Instances\\/Basic_3h_single\\/problem_instance_europe_3h.json', 6)\":1323933169.0,\"('wall_time:metric', 'Instances\\/Basic_3h_single\\/problem_instance_europe_3h.json', 7)\":2459333558.0,\"('wall_time:metric', 'Instances\\/Basic_3h_single\\/problem_instance_europe_3h.json', 8)\":1567677448.0,\"('wall_time:metric', 'Instances\\/Basic_3h_single\\/problem_instance_europe_3h.json', 9)\":4271153532.0,\"('wall_time:metric', 'Instances\\/Basic_3h_single\\/problem_instance_europe_3h.json', 10)\":1458864462.0,\"('wall_time:metric', 'Instances\\/Basic_3h_single\\/problem_instance_europe_3h.json', 11)\":1721798609.0,\"('wall_time:metric', 'Instances\\/Basic_3h_single\\/problem_instance_europe_3h.json', 12)\":3715103823.0,\"('wall_time:metric', 'Instances\\/Basic_3h_single\\/problem_instance_europe_3h.json', 13)\":2868912000.0,\"('wall_time:metric', 'Instances\\/Basic_3h_single\\/problem_instance_europe_3h.json', 14)\":1891893564.0,\"('wall_time:metric', 'Instances\\/Basic_3h_single\\/problem_instance_europe_3h.json', 15)\":182642075.0,\"('wall_time:metric', 'Instances\\/Basic_3h_single\\/problem_instance_europe_3h.json', 16)\":2615769279.0,\"('wall_time:metric', 'Instances\\/Basic_3h_single\\/problem_instance_europe_3h.json', 17)\":2710923158.0,\"('wall_time:metric', 'Instances\\/Basic_3h_single\\/problem_instance_europe_3h.json', 18)\":1484667715.0,\"('wall_time:metric', 'Instances\\/Basic_3h_single\\/problem_instance_europe_3h.json', 19)\":4293027607.0,\"('wall_time:metric', 'Instances\\/Basic_3h_single\\/problem_instance_europe_3h.json', 20)\":3155639181.0,\"('wall_time:metric', 'Instances\\/Basic_3h_single\\/problem_instance_europe_3h.json', 21)\":1961376623.0,\"('wall_time:metric', 'Instances\\/Basic_3h_single\\/problem_instance_europe_3h.json', 22)\":866940334.0,\"('wall_time:metric', 'Instances\\/Basic_3h_single\\/problem_instance_europe_3h.json', 23)\":174179314.0,\"('wall_time:metric', 'Instances\\/Basic_3h_single\\/problem_instance_europe_3h.json', 24)\":117888990.0,\"('wall_time:metric', 'Instances\\/Basic_3h_single\\/problem_instance_europe_3h.json', 25)\":3750769156.0,\"('wall_time:metric', 'Instances\\/Basic_3h_single\\/problem_instance_europe_3h.json', 26)\":4134790707.0},\"('Solvers\\/SCIP', 'Configuration')\":{\"('cpu_time:metric', 'Instances\\/Basic_3h_single\\/problem_instance_europe_3h.json', 1)\":null,\"('cpu_time:metric', 'Instances\\/Basic_3h_single\\/problem_instance_europe_3h.json', 2)\":\"{'branching_preferbinary': 'TRUE', 'branching_scorefac': '0.6281585579772875', 'branching_scorefunc': 'p', 'heuristics_subnlp_presolveemphasis': '0', 'heuristics_trivial_freq': '2', 'lp_initalgorithm': 'b', 'lp_pricing': 'l', 'separating_gomory_away': '0.00825576400333551', 'separating_poolfreq': '6', 'configuration_id': 'SMAC2_1745323005.469542_2'}\",\"('cpu_time:metric', 'Instances\\/Basic_3h_single\\/problem_instance_europe_3h.json', 3)\":\"{'branching_preferbinary': 'TRUE', 'branching_scorefac': '0.08967774518623495', 'branching_scorefunc': 'q', 'heuristics_subnlp_presolveemphasis': '0', 'heuristics_trivial_freq': '8', 'lp_initalgorithm': 'c', 'lp_pricing': 'q', 'separating_gomory_away': '0.007346426414565822', 'separating_poolfreq': '0', 'configuration_id': 'SMAC2_1745323005.469542_3'}\",\"('cpu_time:metric', 'Instances\\/Basic_3h_single\\/problem_instance_europe_3h.json', 4)\":\"{'branching_preferbinary': 'FALSE', 'branching_scorefac': '0.708508081792066', 'branching_scorefunc': 's', 'heuristics_subnlp_presolveemphasis': '3', 'heuristics_trivial_freq': '2', 'lp_initalgorithm': 's', 'lp_pricing': 'q', 'separating_gomory_away': '0.0040242755150389576', 'separating_poolfreq': '1', 'configuration_id': 'SMAC2_1745323005.469542_4'}\",\"('cpu_time:metric', 'Instances\\/Basic_3h_single\\/problem_instance_europe_3h.json', 5)\":\"{'branching_preferbinary': 'TRUE', 'branching_scorefac': '0.7578460614262313', 'branching_scorefunc': 'p', 'heuristics_subnlp_presolveemphasis': '1', 'heuristics_trivial_freq': '10', 'lp_initalgorithm': 'b', 'lp_pricing': 'q', 'separating_gomory_away': '0.004329089056296293', 'separating_poolfreq': '4', 'configuration_id': 'SMAC2_1745323005.469542_5'}\",\"('cpu_time:metric', 'Instances\\/Basic_3h_single\\/problem_instance_europe_3h.json', 6)\":\"{}\",\"('cpu_time:metric', 'Instances\\/Basic_3h_single\\/problem_instance_europe_3h.json', 7)\":\"{}\",\"('cpu_time:metric', 'Instances\\/Basic_3h_single\\/problem_instance_europe_3h.json', 8)\":\"{}\",\"('cpu_time:metric', 'Instances\\/Basic_3h_single\\/problem_instance_europe_3h.json', 9)\":\"{}\",\"('cpu_time:metric', 'Instances\\/Basic_3h_single\\/problem_instance_europe_3h.json', 10)\":\"{}\",\"('cpu_time:metric', 'Instances\\/Basic_3h_single\\/problem_instance_europe_3h.json', 11)\":\"{}\",\"('cpu_time:metric', 'Instances\\/Basic_3h_single\\/problem_instance_europe_3h.json', 12)\":\"{}\",\"('cpu_time:metric', 'Instances\\/Basic_3h_single\\/problem_instance_europe_3h.json', 13)\":\"{}\",\"('cpu_time:metric', 'Instances\\/Basic_3h_single\\/problem_instance_europe_3h.json', 14)\":\"{'branching_preferbinary': 'TRUE', 'branching_scorefac': '0.5770227800419697', 'branching_scorefunc': 's', 'heuristics_subnlp_presolveemphasis': '1', 'heuristics_trivial_freq': '7', 'lp_initalgorithm': 'b', 'lp_pricing': 'q', 'separating_gomory_away': '0.008234253422670092', 'separating_poolfreq': '10', 'configuration_id': 'SMAC2_1745323005.469542_14'}\",\"('cpu_time:metric', 'Instances\\/Basic_3h_single\\/problem_instance_europe_3h.json', 15)\":\"{}\",\"('cpu_time:metric', 'Instances\\/Basic_3h_single\\/problem_instance_europe_3h.json', 16)\":\"{'branching_preferbinary': 'TRUE', 'branching_scorefac': '0.43385383312027115', 'branching_scorefunc': 's', 'heuristics_subnlp_presolveemphasis': '1', 'heuristics_trivial_freq': '6', 'lp_initalgorithm': 'b', 'lp_pricing': 'q', 'separating_gomory_away': '0.008466116431335905', 'separating_poolfreq': '3', 'configuration_id': 'SMAC2_1745323005.469542_16'}\",\"('cpu_time:metric', 'Instances\\/Basic_3h_single\\/problem_instance_europe_3h.json', 17)\":\"{'branching_preferbinary': 'FALSE', 'branching_scorefac': '0.8956434508559485', 'branching_scorefunc': 'p', 'heuristics_subnlp_presolveemphasis': '0', 'heuristics_trivial_freq': '3', 'lp_initalgorithm': 'c', 'lp_pricing': 'l', 'separating_gomory_away': '0.005406279116294785', 'separating_poolfreq': '1', 'configuration_id': 'SMAC2_1745323005.469542_17'}\",\"('cpu_time:metric', 'Instances\\/Basic_3h_single\\/problem_instance_europe_3h.json', 18)\":\"{'branching_preferbinary': 'FALSE', 'branching_scorefac': '0.004670109356730845', 'branching_scorefunc': 'p', 'heuristics_subnlp_presolveemphasis': '2', 'heuristics_trivial_freq': '0', 'lp_initalgorithm': 'b', 'lp_pricing': 'q', 'separating_gomory_away': '0.002040678808031401', 'separating_poolfreq': '4', 'configuration_id': 'SMAC2_1745323005.469542_18'}\",\"('cpu_time:metric', 'Instances\\/Basic_3h_single\\/problem_instance_europe_3h.json', 19)\":\"{'branching_preferbinary': 'FALSE', 'branching_scorefac': '0.631397906982158', 'branching_scorefunc': 'p', 'heuristics_subnlp_presolveemphasis': '1', 'heuristics_trivial_freq': '0', 'lp_initalgorithm': 's', 'lp_pricing': 'q', 'separating_gomory_away': '0.0010585329774790654', 'separating_poolfreq': '9', 'configuration_id': 'SMAC2_1745323005.469542_19'}\",\"('cpu_time:metric', 'Instances\\/Basic_3h_single\\/problem_instance_europe_3h.json', 20)\":\"{'branching_preferbinary': 'TRUE', 'branching_scorefac': '0.7580280198558328', 'branching_scorefunc': 'q', 'heuristics_subnlp_presolveemphasis': '0', 'heuristics_trivial_freq': '10', 'lp_initalgorithm': 's', 'lp_pricing': 'l', 'separating_gomory_away': '0.007797629419212128', 'separating_poolfreq': '3', 'configuration_id': 'SMAC2_1745323005.469542_20'}\",\"('cpu_time:metric', 'Instances\\/Basic_3h_single\\/problem_instance_europe_3h.json', 21)\":\"{'branching_preferbinary': 'FALSE', 'branching_scorefac': '0.9601791423953037', 'branching_scorefunc': 'p', 'heuristics_subnlp_presolveemphasis': '0', 'heuristics_trivial_freq': '7', 'lp_initalgorithm': 's', 'lp_pricing': 'd', 'separating_gomory_away': '0.0016611764028757869', 'separating_poolfreq': '1', 'configuration_id': 'SMAC2_1745323005.469542_21'}\",\"('cpu_time:metric', 'Instances\\/Basic_3h_single\\/problem_instance_europe_3h.json', 22)\":\"{'branching_preferbinary': 'TRUE', 'branching_scorefac': '0.4515604785349946', 'branching_scorefunc': 's', 'heuristics_subnlp_presolveemphasis': '3', 'heuristics_trivial_freq': '4', 'lp_initalgorithm': 's', 'lp_pricing': 'q', 'separating_gomory_away': '0.0056027138738718235', 'separating_poolfreq': '7', 'configuration_id': 'SMAC2_1745323005.469542_22'}\",\"('cpu_time:metric', 'Instances\\/Basic_3h_single\\/problem_instance_europe_3h.json', 23)\":\"{'branching_preferbinary': 'FALSE', 'branching_scorefac': '0.4364975482004143', 'branching_scorefunc': 'p', 'heuristics_subnlp_presolveemphasis': '3', 'heuristics_trivial_freq': '10', 'lp_initalgorithm': 'b', 'lp_pricing': 'q', 'separating_gomory_away': '0.0075417687957709135', 'separating_poolfreq': '6', 'configuration_id': 'SMAC2_1745323005.469542_23'}\",\"('cpu_time:metric', 'Instances\\/Basic_3h_single\\/problem_instance_europe_3h.json', 24)\":\"{'branching_preferbinary': 'FALSE', 'branching_scorefac': '0.6116337189139085', 'branching_scorefunc': 's', 'heuristics_subnlp_presolveemphasis': '2', 'heuristics_trivial_freq': '7', 'lp_initalgorithm': 'p', 'lp_pricing': 'l', 'separating_gomory_away': '0.006250947811030498', 'separating_poolfreq': '10', 'configuration_id': 'SMAC2_1745323005.469542_24'}\",\"('cpu_time:metric', 'Instances\\/Basic_3h_single\\/problem_instance_europe_3h.json', 25)\":\"{'branching_preferbinary': 'FALSE', 'branching_scorefac': '0.3327973505901305', 'branching_scorefunc': 'q', 'heuristics_subnlp_presolveemphasis': '2', 'heuristics_trivial_freq': '1', 'lp_initalgorithm': 'p', 'lp_pricing': 'l', 'separating_gomory_away': '0.0034071369524549546', 'separating_poolfreq': '9', 'configuration_id': 'SMAC2_1745323005.469542_25'}\",\"('cpu_time:metric', 'Instances\\/Basic_3h_single\\/problem_instance_europe_3h.json', 26)\":\"{'branching_preferbinary': 'TRUE', 'branching_scorefac': '0.6845688186628824', 'branching_scorefunc': 'p', 'heuristics_subnlp_presolveemphasis': '1', 'heuristics_trivial_freq': '1', 'lp_initalgorithm': 's', 'lp_pricing': 'd', 'separating_gomory_away': '0.009855567625180585', 'separating_poolfreq': '7', 'configuration_id': 'SMAC2_1745323005.469542_26'}\",\"('memory:metric', 'Instances\\/Basic_3h_single\\/problem_instance_europe_3h.json', 1)\":null,\"('memory:metric', 'Instances\\/Basic_3h_single\\/problem_instance_europe_3h.json', 2)\":\"{'branching_preferbinary': 'TRUE', 'branching_scorefac': '0.6281585579772875', 'branching_scorefunc': 'p', 'heuristics_subnlp_presolveemphasis': '0', 'heuristics_trivial_freq': '2', 'lp_initalgorithm': 'b', 'lp_pricing': 'l', 'separating_gomory_away': '0.00825576400333551', 'separating_poolfreq': '6', 'configuration_id': 'SMAC2_1745323005.469542_2'}\",\"('memory:metric', 'Instances\\/Basic_3h_single\\/problem_instance_europe_3h.json', 3)\":\"{'branching_preferbinary': 'TRUE', 'branching_scorefac': '0.08967774518623495', 'branching_scorefunc': 'q', 'heuristics_subnlp_presolveemphasis': '0', 'heuristics_trivial_freq': '8', 'lp_initalgorithm': 'c', 'lp_pricing': 'q', 'separating_gomory_away': '0.007346426414565822', 'separating_poolfreq': '0', 'configuration_id': 'SMAC2_1745323005.469542_3'}\",\"('memory:metric', 'Instances\\/Basic_3h_single\\/problem_instance_europe_3h.json', 4)\":\"{'branching_preferbinary': 'FALSE', 'branching_scorefac': '0.708508081792066', 'branching_scorefunc': 's', 'heuristics_subnlp_presolveemphasis': '3', 'heuristics_trivial_freq': '2', 'lp_initalgorithm': 's', 'lp_pricing': 'q', 'separating_gomory_away': '0.0040242755150389576', 'separating_poolfreq': '1', 'configuration_id': 'SMAC2_1745323005.469542_4'}\",\"('memory:metric', 'Instances\\/Basic_3h_single\\/problem_instance_europe_3h.json', 5)\":\"{'branching_preferbinary': 'TRUE', 'branching_scorefac': '0.7578460614262313', 'branching_scorefunc': 'p', 'heuristics_subnlp_presolveemphasis': '1', 'heuristics_trivial_freq': '10', 'lp_initalgorithm': 'b', 'lp_pricing': 'q', 'separating_gomory_away': '0.004329089056296293', 'separating_poolfreq': '4', 'configuration_id': 'SMAC2_1745323005.469542_5'}\",\"('memory:metric', 'Instances\\/Basic_3h_single\\/problem_instance_europe_3h.json', 6)\":\"{}\",\"('memory:metric', 'Instances\\/Basic_3h_single\\/problem_instance_europe_3h.json', 7)\":\"{}\",\"('memory:metric', 'Instances\\/Basic_3h_single\\/problem_instance_europe_3h.json', 8)\":\"{}\",\"('memory:metric', 'Instances\\/Basic_3h_single\\/problem_instance_europe_3h.json', 9)\":\"{}\",\"('memory:metric', 'Instances\\/Basic_3h_single\\/problem_instance_europe_3h.json', 10)\":\"{}\",\"('memory:metric', 'Instances\\/Basic_3h_single\\/problem_instance_europe_3h.json', 11)\":\"{}\",\"('memory:metric', 'Instances\\/Basic_3h_single\\/problem_instance_europe_3h.json', 12)\":\"{}\",\"('memory:metric', 'Instances\\/Basic_3h_single\\/problem_instance_europe_3h.json', 13)\":\"{}\",\"('memory:metric', 'Instances\\/Basic_3h_single\\/problem_instance_europe_3h.json', 14)\":\"{'branching_preferbinary': 'TRUE', 'branching_scorefac': '0.5770227800419697', 'branching_scorefunc': 's', 'heuristics_subnlp_presolveemphasis': '1', 'heuristics_trivial_freq': '7', 'lp_initalgorithm': 'b', 'lp_pricing': 'q', 'separating_gomory_away': '0.008234253422670092', 'separating_poolfreq': '10', 'configuration_id': 'SMAC2_1745323005.469542_14'}\",\"('memory:metric', 'Instances\\/Basic_3h_single\\/problem_instance_europe_3h.json', 15)\":\"{}\",\"('memory:metric', 'Instances\\/Basic_3h_single\\/problem_instance_europe_3h.json', 16)\":\"{'branching_preferbinary': 'TRUE', 'branching_scorefac': '0.43385383312027115', 'branching_scorefunc': 's', 'heuristics_subnlp_presolveemphasis': '1', 'heuristics_trivial_freq': '6', 'lp_initalgorithm': 'b', 'lp_pricing': 'q', 'separating_gomory_away': '0.008466116431335905', 'separating_poolfreq': '3', 'configuration_id': 'SMAC2_1745323005.469542_16'}\",\"('memory:metric', 'Instances\\/Basic_3h_single\\/problem_instance_europe_3h.json', 17)\":\"{'branching_preferbinary': 'FALSE', 'branching_scorefac': '0.8956434508559485', 'branching_scorefunc': 'p', 'heuristics_subnlp_presolveemphasis': '0', 'heuristics_trivial_freq': '3', 'lp_initalgorithm': 'c', 'lp_pricing': 'l', 'separating_gomory_away': '0.005406279116294785', 'separating_poolfreq': '1', 'configuration_id': 'SMAC2_1745323005.469542_17'}\",\"('memory:metric', 'Instances\\/Basic_3h_single\\/problem_instance_europe_3h.json', 18)\":\"{'branching_preferbinary': 'FALSE', 'branching_scorefac': '0.004670109356730845', 'branching_scorefunc': 'p', 'heuristics_subnlp_presolveemphasis': '2', 'heuristics_trivial_freq': '0', 'lp_initalgorithm': 'b', 'lp_pricing': 'q', 'separating_gomory_away': '0.002040678808031401', 'separating_poolfreq': '4', 'configuration_id': 'SMAC2_1745323005.469542_18'}\",\"('memory:metric', 'Instances\\/Basic_3h_single\\/problem_instance_europe_3h.json', 19)\":\"{'branching_preferbinary': 'FALSE', 'branching_scorefac': '0.631397906982158', 'branching_scorefunc': 'p', 'heuristics_subnlp_presolveemphasis': '1', 'heuristics_trivial_freq': '0', 'lp_initalgorithm': 's', 'lp_pricing': 'q', 'separating_gomory_away': '0.0010585329774790654', 'separating_poolfreq': '9', 'configuration_id': 'SMAC2_1745323005.469542_19'}\",\"('memory:metric', 'Instances\\/Basic_3h_single\\/problem_instance_europe_3h.json', 20)\":\"{'branching_preferbinary': 'TRUE', 'branching_scorefac': '0.7580280198558328', 'branching_scorefunc': 'q', 'heuristics_subnlp_presolveemphasis': '0', 'heuristics_trivial_freq': '10', 'lp_initalgorithm': 's', 'lp_pricing': 'l', 'separating_gomory_away': '0.007797629419212128', 'separating_poolfreq': '3', 'configuration_id': 'SMAC2_1745323005.469542_20'}\",\"('memory:metric', 'Instances\\/Basic_3h_single\\/problem_instance_europe_3h.json', 21)\":\"{'branching_preferbinary': 'FALSE', 'branching_scorefac': '0.9601791423953037', 'branching_scorefunc': 'p', 'heuristics_subnlp_presolveemphasis': '0', 'heuristics_trivial_freq': '7', 'lp_initalgorithm': 's', 'lp_pricing': 'd', 'separating_gomory_away': '0.0016611764028757869', 'separating_poolfreq': '1', 'configuration_id': 'SMAC2_1745323005.469542_21'}\",\"('memory:metric', 'Instances\\/Basic_3h_single\\/problem_instance_europe_3h.json', 22)\":\"{'branching_preferbinary': 'TRUE', 'branching_scorefac': '0.4515604785349946', 'branching_scorefunc': 's', 'heuristics_subnlp_presolveemphasis': '3', 'heuristics_trivial_freq': '4', 'lp_initalgorithm': 's', 'lp_pricing': 'q', 'separating_gomory_away': '0.0056027138738718235', 'separating_poolfreq': '7', 'configuration_id': 'SMAC2_1745323005.469542_22'}\",\"('memory:metric', 'Instances\\/Basic_3h_single\\/problem_instance_europe_3h.json', 23)\":\"{'branching_preferbinary': 'FALSE', 'branching_scorefac': '0.4364975482004143', 'branching_scorefunc': 'p', 'heuristics_subnlp_presolveemphasis': '3', 'heuristics_trivial_freq': '10', 'lp_initalgorithm': 'b', 'lp_pricing': 'q', 'separating_gomory_away': '0.0075417687957709135', 'separating_poolfreq': '6', 'configuration_id': 'SMAC2_1745323005.469542_23'}\",\"('memory:metric', 'Instances\\/Basic_3h_single\\/problem_instance_europe_3h.json', 24)\":\"{'branching_preferbinary': 'FALSE', 'branching_scorefac': '0.6116337189139085', 'branching_scorefunc': 's', 'heuristics_subnlp_presolveemphasis': '2', 'heuristics_trivial_freq': '7', 'lp_initalgorithm': 'p', 'lp_pricing': 'l', 'separating_gomory_away': '0.006250947811030498', 'separating_poolfreq': '10', 'configuration_id': 'SMAC2_1745323005.469542_24'}\",\"('memory:metric', 'Instances\\/Basic_3h_single\\/problem_instance_europe_3h.json', 25)\":\"{'branching_preferbinary': 'FALSE', 'branching_scorefac': '0.3327973505901305', 'branching_scorefunc': 'q', 'heuristics_subnlp_presolveemphasis': '2', 'heuristics_trivial_freq': '1', 'lp_initalgorithm': 'p', 'lp_pricing': 'l', 'separating_gomory_away': '0.0034071369524549546', 'separating_poolfreq': '9', 'configuration_id': 'SMAC2_1745323005.469542_25'}\",\"('memory:metric', 'Instances\\/Basic_3h_single\\/problem_instance_europe_3h.json', 26)\":\"{'branching_preferbinary': 'TRUE', 'branching_scorefac': '0.6845688186628824', 'branching_scorefunc': 'p', 'heuristics_subnlp_presolveemphasis': '1', 'heuristics_trivial_freq': '1', 'lp_initalgorithm': 's', 'lp_pricing': 'd', 'separating_gomory_away': '0.009855567625180585', 'separating_poolfreq': '7', 'configuration_id': 'SMAC2_1745323005.469542_26'}\",\"('runtime', 'Instances\\/Basic_3h_single\\/problem_instance_europe_3h.json', 1)\":null,\"('runtime', 'Instances\\/Basic_3h_single\\/problem_instance_europe_3h.json', 2)\":\"{'branching_preferbinary': 'TRUE', 'branching_scorefac': '0.6281585579772875', 'branching_scorefunc': 'p', 'heuristics_subnlp_presolveemphasis': '0', 'heuristics_trivial_freq': '2', 'lp_initalgorithm': 'b', 'lp_pricing': 'l', 'separating_gomory_away': '0.00825576400333551', 'separating_poolfreq': '6', 'configuration_id': 'SMAC2_1745323005.469542_2'}\",\"('runtime', 'Instances\\/Basic_3h_single\\/problem_instance_europe_3h.json', 3)\":\"{'branching_preferbinary': 'TRUE', 'branching_scorefac': '0.08967774518623495', 'branching_scorefunc': 'q', 'heuristics_subnlp_presolveemphasis': '0', 'heuristics_trivial_freq': '8', 'lp_initalgorithm': 'c', 'lp_pricing': 'q', 'separating_gomory_away': '0.007346426414565822', 'separating_poolfreq': '0', 'configuration_id': 'SMAC2_1745323005.469542_3'}\",\"('runtime', 'Instances\\/Basic_3h_single\\/problem_instance_europe_3h.json', 4)\":\"{'branching_preferbinary': 'FALSE', 'branching_scorefac': '0.708508081792066', 'branching_scorefunc': 's', 'heuristics_subnlp_presolveemphasis': '3', 'heuristics_trivial_freq': '2', 'lp_initalgorithm': 's', 'lp_pricing': 'q', 'separating_gomory_away': '0.0040242755150389576', 'separating_poolfreq': '1', 'configuration_id': 'SMAC2_1745323005.469542_4'}\",\"('runtime', 'Instances\\/Basic_3h_single\\/problem_instance_europe_3h.json', 5)\":\"{'branching_preferbinary': 'TRUE', 'branching_scorefac': '0.7578460614262313', 'branching_scorefunc': 'p', 'heuristics_subnlp_presolveemphasis': '1', 'heuristics_trivial_freq': '10', 'lp_initalgorithm': 'b', 'lp_pricing': 'q', 'separating_gomory_away': '0.004329089056296293', 'separating_poolfreq': '4', 'configuration_id': 'SMAC2_1745323005.469542_5'}\",\"('runtime', 'Instances\\/Basic_3h_single\\/problem_instance_europe_3h.json', 6)\":\"{}\",\"('runtime', 'Instances\\/Basic_3h_single\\/problem_instance_europe_3h.json', 7)\":\"{}\",\"('runtime', 'Instances\\/Basic_3h_single\\/problem_instance_europe_3h.json', 8)\":\"{}\",\"('runtime', 'Instances\\/Basic_3h_single\\/problem_instance_europe_3h.json', 9)\":\"{}\",\"('runtime', 'Instances\\/Basic_3h_single\\/problem_instance_europe_3h.json', 10)\":\"{}\",\"('runtime', 'Instances\\/Basic_3h_single\\/problem_instance_europe_3h.json', 11)\":\"{}\",\"('runtime', 'Instances\\/Basic_3h_single\\/problem_instance_europe_3h.json', 12)\":\"{}\",\"('runtime', 'Instances\\/Basic_3h_single\\/problem_instance_europe_3h.json', 13)\":\"{}\",\"('runtime', 'Instances\\/Basic_3h_single\\/problem_instance_europe_3h.json', 14)\":\"{'branching_preferbinary': 'TRUE', 'branching_scorefac': '0.5770227800419697', 'branching_scorefunc': 's', 'heuristics_subnlp_presolveemphasis': '1', 'heuristics_trivial_freq': '7', 'lp_initalgorithm': 'b', 'lp_pricing': 'q', 'separating_gomory_away': '0.008234253422670092', 'separating_poolfreq': '10', 'configuration_id': 'SMAC2_1745323005.469542_14'}\",\"('runtime', 'Instances\\/Basic_3h_single\\/problem_instance_europe_3h.json', 15)\":\"{}\",\"('runtime', 'Instances\\/Basic_3h_single\\/problem_instance_europe_3h.json', 16)\":\"{'branching_preferbinary': 'TRUE', 'branching_scorefac': '0.43385383312027115', 'branching_scorefunc': 's', 'heuristics_subnlp_presolveemphasis': '1', 'heuristics_trivial_freq': '6', 'lp_initalgorithm': 'b', 'lp_pricing': 'q', 'separating_gomory_away': '0.008466116431335905', 'separating_poolfreq': '3', 'configuration_id': 'SMAC2_1745323005.469542_16'}\",\"('runtime', 'Instances\\/Basic_3h_single\\/problem_instance_europe_3h.json', 17)\":\"{'branching_preferbinary': 'FALSE', 'branching_scorefac': '0.8956434508559485', 'branching_scorefunc': 'p', 'heuristics_subnlp_presolveemphasis': '0', 'heuristics_trivial_freq': '3', 'lp_initalgorithm': 'c', 'lp_pricing': 'l', 'separating_gomory_away': '0.005406279116294785', 'separating_poolfreq': '1', 'configuration_id': 'SMAC2_1745323005.469542_17'}\",\"('runtime', 'Instances\\/Basic_3h_single\\/problem_instance_europe_3h.json', 18)\":\"{'branching_preferbinary': 'FALSE', 'branching_scorefac': '0.004670109356730845', 'branching_scorefunc': 'p', 'heuristics_subnlp_presolveemphasis': '2', 'heuristics_trivial_freq': '0', 'lp_initalgorithm': 'b', 'lp_pricing': 'q', 'separating_gomory_away': '0.002040678808031401', 'separating_poolfreq': '4', 'configuration_id': 'SMAC2_1745323005.469542_18'}\",\"('runtime', 'Instances\\/Basic_3h_single\\/problem_instance_europe_3h.json', 19)\":\"{'branching_preferbinary': 'FALSE', 'branching_scorefac': '0.631397906982158', 'branching_scorefunc': 'p', 'heuristics_subnlp_presolveemphasis': '1', 'heuristics_trivial_freq': '0', 'lp_initalgorithm': 's', 'lp_pricing': 'q', 'separating_gomory_away': '0.0010585329774790654', 'separating_poolfreq': '9', 'configuration_id': 'SMAC2_1745323005.469542_19'}\",\"('runtime', 'Instances\\/Basic_3h_single\\/problem_instance_europe_3h.json', 20)\":\"{'branching_preferbinary': 'TRUE', 'branching_scorefac': '0.7580280198558328', 'branching_scorefunc': 'q', 'heuristics_subnlp_presolveemphasis': '0', 'heuristics_trivial_freq': '10', 'lp_initalgorithm': 's', 'lp_pricing': 'l', 'separating_gomory_away': '0.007797629419212128', 'separating_poolfreq': '3', 'configuration_id': 'SMAC2_1745323005.469542_20'}\",\"('runtime', 'Instances\\/Basic_3h_single\\/problem_instance_europe_3h.json', 21)\":\"{'branching_preferbinary': 'FALSE', 'branching_scorefac': '0.9601791423953037', 'branching_scorefunc': 'p', 'heuristics_subnlp_presolveemphasis': '0', 'heuristics_trivial_freq': '7', 'lp_initalgorithm': 's', 'lp_pricing': 'd', 'separating_gomory_away': '0.0016611764028757869', 'separating_poolfreq': '1', 'configuration_id': 'SMAC2_1745323005.469542_21'}\",\"('runtime', 'Instances\\/Basic_3h_single\\/problem_instance_europe_3h.json', 22)\":\"{'branching_preferbinary': 'TRUE', 'branching_scorefac': '0.4515604785349946', 'branching_scorefunc': 's', 'heuristics_subnlp_presolveemphasis': '3', 'heuristics_trivial_freq': '4', 'lp_initalgorithm': 's', 'lp_pricing': 'q', 'separating_gomory_away': '0.0056027138738718235', 'separating_poolfreq': '7', 'configuration_id': 'SMAC2_1745323005.469542_22'}\",\"('runtime', 'Instances\\/Basic_3h_single\\/problem_instance_europe_3h.json', 23)\":\"{'branching_preferbinary': 'FALSE', 'branching_scorefac': '0.4364975482004143', 'branching_scorefunc': 'p', 'heuristics_subnlp_presolveemphasis': '3', 'heuristics_trivial_freq': '10', 'lp_initalgorithm': 'b', 'lp_pricing': 'q', 'separating_gomory_away': '0.0075417687957709135', 'separating_poolfreq': '6', 'configuration_id': 'SMAC2_1745323005.469542_23'}\",\"('runtime', 'Instances\\/Basic_3h_single\\/problem_instance_europe_3h.json', 24)\":\"{'branching_preferbinary': 'FALSE', 'branching_scorefac': '0.6116337189139085', 'branching_scorefunc': 's', 'heuristics_subnlp_presolveemphasis': '2', 'heuristics_trivial_freq': '7', 'lp_initalgorithm': 'p', 'lp_pricing': 'l', 'separating_gomory_away': '0.006250947811030498', 'separating_poolfreq': '10', 'configuration_id': 'SMAC2_1745323005.469542_24'}\",\"('runtime', 'Instances\\/Basic_3h_single\\/problem_instance_europe_3h.json', 25)\":\"{'branching_preferbinary': 'FALSE', 'branching_scorefac': '0.3327973505901305', 'branching_scorefunc': 'q', 'heuristics_subnlp_presolveemphasis': '2', 'heuristics_trivial_freq': '1', 'lp_initalgorithm': 'p', 'lp_pricing': 'l', 'separating_gomory_away': '0.0034071369524549546', 'separating_poolfreq': '9', 'configuration_id': 'SMAC2_1745323005.469542_25'}\",\"('runtime', 'Instances\\/Basic_3h_single\\/problem_instance_europe_3h.json', 26)\":\"{'branching_preferbinary': 'TRUE', 'branching_scorefac': '0.6845688186628824', 'branching_scorefunc': 'p', 'heuristics_subnlp_presolveemphasis': '1', 'heuristics_trivial_freq': '1', 'lp_initalgorithm': 's', 'lp_pricing': 'd', 'separating_gomory_away': '0.009855567625180585', 'separating_poolfreq': '7', 'configuration_id': 'SMAC2_1745323005.469542_26'}\",\"('status:metric', 'Instances\\/Basic_3h_single\\/problem_instance_europe_3h.json', 1)\":null,\"('status:metric', 'Instances\\/Basic_3h_single\\/problem_instance_europe_3h.json', 2)\":\"{'branching_preferbinary': 'TRUE', 'branching_scorefac': '0.6281585579772875', 'branching_scorefunc': 'p', 'heuristics_subnlp_presolveemphasis': '0', 'heuristics_trivial_freq': '2', 'lp_initalgorithm': 'b', 'lp_pricing': 'l', 'separating_gomory_away': '0.00825576400333551', 'separating_poolfreq': '6', 'configuration_id': 'SMAC2_1745323005.469542_2'}\",\"('status:metric', 'Instances\\/Basic_3h_single\\/problem_instance_europe_3h.json', 3)\":\"{'branching_preferbinary': 'TRUE', 'branching_scorefac': '0.08967774518623495', 'branching_scorefunc': 'q', 'heuristics_subnlp_presolveemphasis': '0', 'heuristics_trivial_freq': '8', 'lp_initalgorithm': 'c', 'lp_pricing': 'q', 'separating_gomory_away': '0.007346426414565822', 'separating_poolfreq': '0', 'configuration_id': 'SMAC2_1745323005.469542_3'}\",\"('status:metric', 'Instances\\/Basic_3h_single\\/problem_instance_europe_3h.json', 4)\":\"{'branching_preferbinary': 'FALSE', 'branching_scorefac': '0.708508081792066', 'branching_scorefunc': 's', 'heuristics_subnlp_presolveemphasis': '3', 'heuristics_trivial_freq': '2', 'lp_initalgorithm': 's', 'lp_pricing': 'q', 'separating_gomory_away': '0.0040242755150389576', 'separating_poolfreq': '1', 'configuration_id': 'SMAC2_1745323005.469542_4'}\",\"('status:metric', 'Instances\\/Basic_3h_single\\/problem_instance_europe_3h.json', 5)\":\"{'branching_preferbinary': 'TRUE', 'branching_scorefac': '0.7578460614262313', 'branching_scorefunc': 'p', 'heuristics_subnlp_presolveemphasis': '1', 'heuristics_trivial_freq': '10', 'lp_initalgorithm': 'b', 'lp_pricing': 'q', 'separating_gomory_away': '0.004329089056296293', 'separating_poolfreq': '4', 'configuration_id': 'SMAC2_1745323005.469542_5'}\",\"('status:metric', 'Instances\\/Basic_3h_single\\/problem_instance_europe_3h.json', 6)\":\"{}\",\"('status:metric', 'Instances\\/Basic_3h_single\\/problem_instance_europe_3h.json', 7)\":\"{}\",\"('status:metric', 'Instances\\/Basic_3h_single\\/problem_instance_europe_3h.json', 8)\":\"{}\",\"('status:metric', 'Instances\\/Basic_3h_single\\/problem_instance_europe_3h.json', 9)\":\"{}\",\"('status:metric', 'Instances\\/Basic_3h_single\\/problem_instance_europe_3h.json', 10)\":\"{}\",\"('status:metric', 'Instances\\/Basic_3h_single\\/problem_instance_europe_3h.json', 11)\":\"{}\",\"('status:metric', 'Instances\\/Basic_3h_single\\/problem_instance_europe_3h.json', 12)\":\"{}\",\"('status:metric', 'Instances\\/Basic_3h_single\\/problem_instance_europe_3h.json', 13)\":\"{}\",\"('status:metric', 'Instances\\/Basic_3h_single\\/problem_instance_europe_3h.json', 14)\":\"{'branching_preferbinary': 'TRUE', 'branching_scorefac': '0.5770227800419697', 'branching_scorefunc': 's', 'heuristics_subnlp_presolveemphasis': '1', 'heuristics_trivial_freq': '7', 'lp_initalgorithm': 'b', 'lp_pricing': 'q', 'separating_gomory_away': '0.008234253422670092', 'separating_poolfreq': '10', 'configuration_id': 'SMAC2_1745323005.469542_14'}\",\"('status:metric', 'Instances\\/Basic_3h_single\\/problem_instance_europe_3h.json', 15)\":\"{}\",\"('status:metric', 'Instances\\/Basic_3h_single\\/problem_instance_europe_3h.json', 16)\":\"{'branching_preferbinary': 'TRUE', 'branching_scorefac': '0.43385383312027115', 'branching_scorefunc': 's', 'heuristics_subnlp_presolveemphasis': '1', 'heuristics_trivial_freq': '6', 'lp_initalgorithm': 'b', 'lp_pricing': 'q', 'separating_gomory_away': '0.008466116431335905', 'separating_poolfreq': '3', 'configuration_id': 'SMAC2_1745323005.469542_16'}\",\"('status:metric', 'Instances\\/Basic_3h_single\\/problem_instance_europe_3h.json', 17)\":\"{'branching_preferbinary': 'FALSE', 'branching_scorefac': '0.8956434508559485', 'branching_scorefunc': 'p', 'heuristics_subnlp_presolveemphasis': '0', 'heuristics_trivial_freq': '3', 'lp_initalgorithm': 'c', 'lp_pricing': 'l', 'separating_gomory_away': '0.005406279116294785', 'separating_poolfreq': '1', 'configuration_id': 'SMAC2_1745323005.469542_17'}\",\"('status:metric', 'Instances\\/Basic_3h_single\\/problem_instance_europe_3h.json', 18)\":\"{'branching_preferbinary': 'FALSE', 'branching_scorefac': '0.004670109356730845', 'branching_scorefunc': 'p', 'heuristics_subnlp_presolveemphasis': '2', 'heuristics_trivial_freq': '0', 'lp_initalgorithm': 'b', 'lp_pricing': 'q', 'separating_gomory_away': '0.002040678808031401', 'separating_poolfreq': '4', 'configuration_id': 'SMAC2_1745323005.469542_18'}\",\"('status:metric', 'Instances\\/Basic_3h_single\\/problem_instance_europe_3h.json', 19)\":\"{'branching_preferbinary': 'FALSE', 'branching_scorefac': '0.631397906982158', 'branching_scorefunc': 'p', 'heuristics_subnlp_presolveemphasis': '1', 'heuristics_trivial_freq': '0', 'lp_initalgorithm': 's', 'lp_pricing': 'q', 'separating_gomory_away': '0.0010585329774790654', 'separating_poolfreq': '9', 'configuration_id': 'SMAC2_1745323005.469542_19'}\",\"('status:metric', 'Instances\\/Basic_3h_single\\/problem_instance_europe_3h.json', 20)\":\"{'branching_preferbinary': 'TRUE', 'branching_scorefac': '0.7580280198558328', 'branching_scorefunc': 'q', 'heuristics_subnlp_presolveemphasis': '0', 'heuristics_trivial_freq': '10', 'lp_initalgorithm': 's', 'lp_pricing': 'l', 'separating_gomory_away': '0.007797629419212128', 'separating_poolfreq': '3', 'configuration_id': 'SMAC2_1745323005.469542_20'}\",\"('status:metric', 'Instances\\/Basic_3h_single\\/problem_instance_europe_3h.json', 21)\":\"{'branching_preferbinary': 'FALSE', 'branching_scorefac': '0.9601791423953037', 'branching_scorefunc': 'p', 'heuristics_subnlp_presolveemphasis': '0', 'heuristics_trivial_freq': '7', 'lp_initalgorithm': 's', 'lp_pricing': 'd', 'separating_gomory_away': '0.0016611764028757869', 'separating_poolfreq': '1', 'configuration_id': 'SMAC2_1745323005.469542_21'}\",\"('status:metric', 'Instances\\/Basic_3h_single\\/problem_instance_europe_3h.json', 22)\":\"{'branching_preferbinary': 'TRUE', 'branching_scorefac': '0.4515604785349946', 'branching_scorefunc': 's', 'heuristics_subnlp_presolveemphasis': '3', 'heuristics_trivial_freq': '4', 'lp_initalgorithm': 's', 'lp_pricing': 'q', 'separating_gomory_away': '0.0056027138738718235', 'separating_poolfreq': '7', 'configuration_id': 'SMAC2_1745323005.469542_22'}\",\"('status:metric', 'Instances\\/Basic_3h_single\\/problem_instance_europe_3h.json', 23)\":\"{'branching_preferbinary': 'FALSE', 'branching_scorefac': '0.4364975482004143', 'branching_scorefunc': 'p', 'heuristics_subnlp_presolveemphasis': '3', 'heuristics_trivial_freq': '10', 'lp_initalgorithm': 'b', 'lp_pricing': 'q', 'separating_gomory_away': '0.0075417687957709135', 'separating_poolfreq': '6', 'configuration_id': 'SMAC2_1745323005.469542_23'}\",\"('status:metric', 'Instances\\/Basic_3h_single\\/problem_instance_europe_3h.json', 24)\":\"{'branching_preferbinary': 'FALSE', 'branching_scorefac': '0.6116337189139085', 'branching_scorefunc': 's', 'heuristics_subnlp_presolveemphasis': '2', 'heuristics_trivial_freq': '7', 'lp_initalgorithm': 'p', 'lp_pricing': 'l', 'separating_gomory_away': '0.006250947811030498', 'separating_poolfreq': '10', 'configuration_id': 'SMAC2_1745323005.469542_24'}\",\"('status:metric', 'Instances\\/Basic_3h_single\\/problem_instance_europe_3h.json', 25)\":\"{'branching_preferbinary': 'FALSE', 'branching_scorefac': '0.3327973505901305', 'branching_scorefunc': 'q', 'heuristics_subnlp_presolveemphasis': '2', 'heuristics_trivial_freq': '1', 'lp_initalgorithm': 'p', 'lp_pricing': 'l', 'separating_gomory_away': '0.0034071369524549546', 'separating_poolfreq': '9', 'configuration_id': 'SMAC2_1745323005.469542_25'}\",\"('status:metric', 'Instances\\/Basic_3h_single\\/problem_instance_europe_3h.json', 26)\":\"{'branching_preferbinary': 'TRUE', 'branching_scorefac': '0.6845688186628824', 'branching_scorefunc': 'p', 'heuristics_subnlp_presolveemphasis': '1', 'heuristics_trivial_freq': '1', 'lp_initalgorithm': 's', 'lp_pricing': 'd', 'separating_gomory_away': '0.009855567625180585', 'separating_poolfreq': '7', 'configuration_id': 'SMAC2_1745323005.469542_26'}\",\"('wall_time:metric', 'Instances\\/Basic_3h_single\\/problem_instance_europe_3h.json', 1)\":null,\"('wall_time:metric', 'Instances\\/Basic_3h_single\\/problem_instance_europe_3h.json', 2)\":\"{'branching_preferbinary': 'TRUE', 'branching_scorefac': '0.6281585579772875', 'branching_scorefunc': 'p', 'heuristics_subnlp_presolveemphasis': '0', 'heuristics_trivial_freq': '2', 'lp_initalgorithm': 'b', 'lp_pricing': 'l', 'separating_gomory_away': '0.00825576400333551', 'separating_poolfreq': '6', 'configuration_id': 'SMAC2_1745323005.469542_2'}\",\"('wall_time:metric', 'Instances\\/Basic_3h_single\\/problem_instance_europe_3h.json', 3)\":\"{'branching_preferbinary': 'TRUE', 'branching_scorefac': '0.08967774518623495', 'branching_scorefunc': 'q', 'heuristics_subnlp_presolveemphasis': '0', 'heuristics_trivial_freq': '8', 'lp_initalgorithm': 'c', 'lp_pricing': 'q', 'separating_gomory_away': '0.007346426414565822', 'separating_poolfreq': '0', 'configuration_id': 'SMAC2_1745323005.469542_3'}\",\"('wall_time:metric', 'Instances\\/Basic_3h_single\\/problem_instance_europe_3h.json', 4)\":\"{'branching_preferbinary': 'FALSE', 'branching_scorefac': '0.708508081792066', 'branching_scorefunc': 's', 'heuristics_subnlp_presolveemphasis': '3', 'heuristics_trivial_freq': '2', 'lp_initalgorithm': 's', 'lp_pricing': 'q', 'separating_gomory_away': '0.0040242755150389576', 'separating_poolfreq': '1', 'configuration_id': 'SMAC2_1745323005.469542_4'}\",\"('wall_time:metric', 'Instances\\/Basic_3h_single\\/problem_instance_europe_3h.json', 5)\":\"{'branching_preferbinary': 'TRUE', 'branching_scorefac': '0.7578460614262313', 'branching_scorefunc': 'p', 'heuristics_subnlp_presolveemphasis': '1', 'heuristics_trivial_freq': '10', 'lp_initalgorithm': 'b', 'lp_pricing': 'q', 'separating_gomory_away': '0.004329089056296293', 'separating_poolfreq': '4', 'configuration_id': 'SMAC2_1745323005.469542_5'}\",\"('wall_time:metric', 'Instances\\/Basic_3h_single\\/problem_instance_europe_3h.json', 6)\":\"{}\",\"('wall_time:metric', 'Instances\\/Basic_3h_single\\/problem_instance_europe_3h.json', 7)\":\"{}\",\"('wall_time:metric', 'Instances\\/Basic_3h_single\\/problem_instance_europe_3h.json', 8)\":\"{}\",\"('wall_time:metric', 'Instances\\/Basic_3h_single\\/problem_instance_europe_3h.json', 9)\":\"{}\",\"('wall_time:metric', 'Instances\\/Basic_3h_single\\/problem_instance_europe_3h.json', 10)\":\"{}\",\"('wall_time:metric', 'Instances\\/Basic_3h_single\\/problem_instance_europe_3h.json', 11)\":\"{}\",\"('wall_time:metric', 'Instances\\/Basic_3h_single\\/problem_instance_europe_3h.json', 12)\":\"{}\",\"('wall_time:metric', 'Instances\\/Basic_3h_single\\/problem_instance_europe_3h.json', 13)\":\"{}\",\"('wall_time:metric', 'Instances\\/Basic_3h_single\\/problem_instance_europe_3h.json', 14)\":\"{'branching_preferbinary': 'TRUE', 'branching_scorefac': '0.5770227800419697', 'branching_scorefunc': 's', 'heuristics_subnlp_presolveemphasis': '1', 'heuristics_trivial_freq': '7', 'lp_initalgorithm': 'b', 'lp_pricing': 'q', 'separating_gomory_away': '0.008234253422670092', 'separating_poolfreq': '10', 'configuration_id': 'SMAC2_1745323005.469542_14'}\",\"('wall_time:metric', 'Instances\\/Basic_3h_single\\/problem_instance_europe_3h.json', 15)\":\"{}\",\"('wall_time:metric', 'Instances\\/Basic_3h_single\\/problem_instance_europe_3h.json', 16)\":\"{'branching_preferbinary': 'TRUE', 'branching_scorefac': '0.43385383312027115', 'branching_scorefunc': 's', 'heuristics_subnlp_presolveemphasis': '1', 'heuristics_trivial_freq': '6', 'lp_initalgorithm': 'b', 'lp_pricing': 'q', 'separating_gomory_away': '0.008466116431335905', 'separating_poolfreq': '3', 'configuration_id': 'SMAC2_1745323005.469542_16'}\",\"('wall_time:metric', 'Instances\\/Basic_3h_single\\/problem_instance_europe_3h.json', 17)\":\"{'branching_preferbinary': 'FALSE', 'branching_scorefac': '0.8956434508559485', 'branching_scorefunc': 'p', 'heuristics_subnlp_presolveemphasis': '0', 'heuristics_trivial_freq': '3', 'lp_initalgorithm': 'c', 'lp_pricing': 'l', 'separating_gomory_away': '0.005406279116294785', 'separating_poolfreq': '1', 'configuration_id': 'SMAC2_1745323005.469542_17'}\",\"('wall_time:metric', 'Instances\\/Basic_3h_single\\/problem_instance_europe_3h.json', 18)\":\"{'branching_preferbinary': 'FALSE', 'branching_scorefac': '0.004670109356730845', 'branching_scorefunc': 'p', 'heuristics_subnlp_presolveemphasis': '2', 'heuristics_trivial_freq': '0', 'lp_initalgorithm': 'b', 'lp_pricing': 'q', 'separating_gomory_away': '0.002040678808031401', 'separating_poolfreq': '4', 'configuration_id': 'SMAC2_1745323005.469542_18'}\",\"('wall_time:metric', 'Instances\\/Basic_3h_single\\/problem_instance_europe_3h.json', 19)\":\"{'branching_preferbinary': 'FALSE', 'branching_scorefac': '0.631397906982158', 'branching_scorefunc': 'p', 'heuristics_subnlp_presolveemphasis': '1', 'heuristics_trivial_freq': '0', 'lp_initalgorithm': 's', 'lp_pricing': 'q', 'separating_gomory_away': '0.0010585329774790654', 'separating_poolfreq': '9', 'configuration_id': 'SMAC2_1745323005.469542_19'}\",\"('wall_time:metric', 'Instances\\/Basic_3h_single\\/problem_instance_europe_3h.json', 20)\":\"{'branching_preferbinary': 'TRUE', 'branching_scorefac': '0.7580280198558328', 'branching_scorefunc': 'q', 'heuristics_subnlp_presolveemphasis': '0', 'heuristics_trivial_freq': '10', 'lp_initalgorithm': 's', 'lp_pricing': 'l', 'separating_gomory_away': '0.007797629419212128', 'separating_poolfreq': '3', 'configuration_id': 'SMAC2_1745323005.469542_20'}\",\"('wall_time:metric', 'Instances\\/Basic_3h_single\\/problem_instance_europe_3h.json', 21)\":\"{'branching_preferbinary': 'FALSE', 'branching_scorefac': '0.9601791423953037', 'branching_scorefunc': 'p', 'heuristics_subnlp_presolveemphasis': '0', 'heuristics_trivial_freq': '7', 'lp_initalgorithm': 's', 'lp_pricing': 'd', 'separating_gomory_away': '0.0016611764028757869', 'separating_poolfreq': '1', 'configuration_id': 'SMAC2_1745323005.469542_21'}\",\"('wall_time:metric', 'Instances\\/Basic_3h_single\\/problem_instance_europe_3h.json', 22)\":\"{'branching_preferbinary': 'TRUE', 'branching_scorefac': '0.4515604785349946', 'branching_scorefunc': 's', 'heuristics_subnlp_presolveemphasis': '3', 'heuristics_trivial_freq': '4', 'lp_initalgorithm': 's', 'lp_pricing': 'q', 'separating_gomory_away': '0.0056027138738718235', 'separating_poolfreq': '7', 'configuration_id': 'SMAC2_1745323005.469542_22'}\",\"('wall_time:metric', 'Instances\\/Basic_3h_single\\/problem_instance_europe_3h.json', 23)\":\"{'branching_preferbinary': 'FALSE', 'branching_scorefac': '0.4364975482004143', 'branching_scorefunc': 'p', 'heuristics_subnlp_presolveemphasis': '3', 'heuristics_trivial_freq': '10', 'lp_initalgorithm': 'b', 'lp_pricing': 'q', 'separating_gomory_away': '0.0075417687957709135', 'separating_poolfreq': '6', 'configuration_id': 'SMAC2_1745323005.469542_23'}\",\"('wall_time:metric', 'Instances\\/Basic_3h_single\\/problem_instance_europe_3h.json', 24)\":\"{'branching_preferbinary': 'FALSE', 'branching_scorefac': '0.6116337189139085', 'branching_scorefunc': 's', 'heuristics_subnlp_presolveemphasis': '2', 'heuristics_trivial_freq': '7', 'lp_initalgorithm': 'p', 'lp_pricing': 'l', 'separating_gomory_away': '0.006250947811030498', 'separating_poolfreq': '10', 'configuration_id': 'SMAC2_1745323005.469542_24'}\",\"('wall_time:metric', 'Instances\\/Basic_3h_single\\/problem_instance_europe_3h.json', 25)\":\"{'branching_preferbinary': 'FALSE', 'branching_scorefac': '0.3327973505901305', 'branching_scorefunc': 'q', 'heuristics_subnlp_presolveemphasis': '2', 'heuristics_trivial_freq': '1', 'lp_initalgorithm': 'p', 'lp_pricing': 'l', 'separating_gomory_away': '0.0034071369524549546', 'separating_poolfreq': '9', 'configuration_id': 'SMAC2_1745323005.469542_25'}\",\"('wall_time:metric', 'Instances\\/Basic_3h_single\\/problem_instance_europe_3h.json', 26)\":\"{'branching_preferbinary': 'TRUE', 'branching_scorefac': '0.6845688186628824', 'branching_scorefunc': 'p', 'heuristics_subnlp_presolveemphasis': '1', 'heuristics_trivial_freq': '1', 'lp_initalgorithm': 's', 'lp_pricing': 'd', 'separating_gomory_away': '0.009855567625180585', 'separating_poolfreq': '7', 'configuration_id': 'SMAC2_1745323005.469542_26'}\"}}",
    "test_set_results": null
}