Run Number,Run History Configuration ID,Instance ID,Response Value (y),Censored?,Cutoff Time Used,Seed,Runtime,Run Length,Run Result Code,Run Quality,SMAC Iteration,SMAC Cumulative Runtime,Run Result,Additional Algorithm Run Data,Wall Clock Time,
1,1,1,12.099693,0,60.0,5219272,22.9215,0.0,1,12.099693,0,22.9215,SAT,,32.315,
2,1,3,4.792306,0,60.0,16335942,10.8803,0.0,1,4.792306,1,33.8018,SAT,,17.18,
3,2,1,9.12852,0,60.0,5219272,18.4638,0.0,1,9.12852,1,52.2656,SAT,,25.118,
4,2,3,4.958619,0,60.0,16335942,11.1547,0.0,1,4.958619,1,63.4203,SAT,,17.514,
5,2,11,7.760298,0,60.0,13153658,16.2612,0.0,1,7.760298,1,79.6815,SAT,,23.873,
6,3,3,5.459231,0,60.0,16335942,11.8534,0.0,1,5.459231,1,91.5349,SAT,,18.563,
