{"name": "SMAC2: Validating 6 TestSolver Configurations on Basic_6h_year", "base_dir": "Output/Log/configure_solver_2025-04-22-12.14.54", "dependencies": [{"name": "SMAC2: TestSolver on Basic_6h_year", "base_dir": "Output/Log/configure_solver_2025-04-22-12.14.54", "dependencies": [], "sbatch_options": ["--qos=normal", "--mem=10000", "--time=20:00", "--partition=c23ms"], "srun_options": [], "jobs": [{"cmd": "python3 /rwthfs/rz/cluster/home/vx475510/miniforge3/envs/sparkle/lib/python3.10/site-packages/sparkle/configurator/configurator_cli.py SMAC2 /rwthfs/rz/cluster/home/vx475510/satellite-operations-planning/sparkle/Output/Configuration/Raw_Data/SMAC2/TestSolver_Basic_6h_year/results/TestSolver_Basic_6h_year_seed_51_smac.txt Output/Performance_Data/performance_data.csv Output/Configuration/Raw_Data/SMAC2/TestSolver_Basic_6h_year/TestSolver_Basic_6h_year_scenario.txt 51 /rwthfs/rz/cluster/home/vx475510/miniforge3/envs/sparkle/lib/python3.10/site-packages/sparkle/Components/smac2-v2.10.03-master-778/smac --scenario-file Output/Configuration/Raw_Data/SMAC2/TestSolver_Basic_6h_year/TestSolver_Basic_6h_year_scenario.txt --seed 51 ", "working_dir": ".", "output_file": "/rwthfs/rz/cluster/home/vx475510/satellite-operations-planning/sparkle/Output/Configuration/Raw_Data/SMAC2/TestSolver_Basic_6h_year/results/TestSolver_Basic_6h_year_seed_51_smac.txt", "stdout_file": "Output/Log/configure_solver_2025-04-22-12.14.54/SMAC2:_TestSolver_on_Basic_6h_year-0000.out", "stderr_file": "Output/Log/configure_solver_2025-04-22-12.14.54/SMAC2:_TestSolver_on_Basic_6h_year-0000.err", "slurm_job_id": "56309957_0", "job_state": null, "start_time_stamp": null, "end_time_stamp": null, "submit_time_stamp": null, "job_restarts": null, "job_qos": null, "job_partition": null, "job_nodes": null}, {"cmd": "python3 /rwthfs/rz/cluster/home/vx475510/miniforge3/envs/sparkle/lib/python3.10/site-packages/sparkle/configurator/configurator_cli.py SMAC2 /rwthfs/rz/cluster/home/vx475510/satellite-operations-planning/sparkle/Output/Configuration/Raw_Data/SMAC2/TestSolver_Basic_6h_year/results/TestSolver_Basic_6h_year_seed_52_smac.txt Output/Performance_Data/performance_data.csv Output/Configuration/Raw_Data/SMAC2/TestSolver_Basic_6h_year/TestSolver_Basic_6h_year_scenario.txt 52 /rwthfs/rz/cluster/home/vx475510/miniforge3/envs/sparkle/lib/python3.10/site-packages/sparkle/Components/smac2-v2.10.03-master-778/smac --scenario-file Output/Configuration/Raw_Data/SMAC2/TestSolver_Basic_6h_year/TestSolver_Basic_6h_year_scenario.txt --seed 52 ", "working_dir": ".", "output_file": "/rwthfs/rz/cluster/home/vx475510/satellite-operations-planning/sparkle/Output/Configuration/Raw_Data/SMAC2/TestSolver_Basic_6h_year/results/TestSolver_Basic_6h_year_seed_52_smac.txt", "stdout_file": "Output/Log/configure_solver_2025-04-22-12.14.54/SMAC2:_TestSolver_on_Basic_6h_year-0001.out", "stderr_file": "Output/Log/configure_solver_2025-04-22-12.14.54/SMAC2:_TestSolver_on_Basic_6h_year-0001.err", "slurm_job_id": "56309957_1", "job_state": null, "start_time_stamp": null, "end_time_stamp": null, "submit_time_stamp": null, "job_restarts": null, "job_qos": null, "job_partition": null, "job_nodes": null}, {"cmd": "python3 /rwthfs/rz/cluster/home/vx475510/miniforge3/envs/sparkle/lib/python3.10/site-packages/sparkle/configurator/configurator_cli.py SMAC2 /rwthfs/rz/cluster/home/vx475510/satellite-operations-planning/sparkle/Output/Configuration/Raw_Data/SMAC2/TestSolver_Basic_6h_year/results/TestSolver_Basic_6h_year_seed_53_smac.txt Output/Performance_Data/performance_data.csv Output/Configuration/Raw_Data/SMAC2/TestSolver_Basic_6h_year/TestSolver_Basic_6h_year_scenario.txt 53 /rwthfs/rz/cluster/home/vx475510/miniforge3/envs/sparkle/lib/python3.10/site-packages/sparkle/Components/smac2-v2.10.03-master-778/smac --scenario-file Output/Configuration/Raw_Data/SMAC2/TestSolver_Basic_6h_year/TestSolver_Basic_6h_year_scenario.txt --seed 53 ", "working_dir": ".", "output_file": "/rwthfs/rz/cluster/home/vx475510/satellite-operations-planning/sparkle/Output/Configuration/Raw_Data/SMAC2/TestSolver_Basic_6h_year/results/TestSolver_Basic_6h_year_seed_53_smac.txt", "stdout_file": "Output/Log/configure_solver_2025-04-22-12.14.54/SMAC2:_TestSolver_on_Basic_6h_year-0002.out", "stderr_file": "Output/Log/configure_solver_2025-04-22-12.14.54/SMAC2:_TestSolver_on_Basic_6h_year-0002.err", "slurm_job_id": "56309957_2", "job_state": null, "start_time_stamp": null, "end_time_stamp": null, "submit_time_stamp": null, "job_restarts": null, "job_qos": null, "job_partition": null, "job_nodes": null}, {"cmd": "python3 /rwthfs/rz/cluster/home/vx475510/miniforge3/envs/sparkle/lib/python3.10/site-packages/sparkle/configurator/configurator_cli.py SMAC2 /rwthfs/rz/cluster/home/vx475510/satellite-operations-planning/sparkle/Output/Configuration/Raw_Data/SMAC2/TestSolver_Basic_6h_year/results/TestSolver_Basic_6h_year_seed_54_smac.txt Output/Performance_Data/performance_data.csv Output/Configuration/Raw_Data/SMAC2/TestSolver_Basic_6h_year/TestSolver_Basic_6h_year_scenario.txt 54 /rwthfs/rz/cluster/home/vx475510/miniforge3/envs/sparkle/lib/python3.10/site-packages/sparkle/Components/smac2-v2.10.03-master-778/smac --scenario-file Output/Configuration/Raw_Data/SMAC2/TestSolver_Basic_6h_year/TestSolver_Basic_6h_year_scenario.txt --seed 54 ", "working_dir": ".", "output_file": "/rwthfs/rz/cluster/home/vx475510/satellite-operations-planning/sparkle/Output/Configuration/Raw_Data/SMAC2/TestSolver_Basic_6h_year/results/TestSolver_Basic_6h_year_seed_54_smac.txt", "stdout_file": "Output/Log/configure_solver_2025-04-22-12.14.54/SMAC2:_TestSolver_on_Basic_6h_year-0003.out", "stderr_file": "Output/Log/configure_solver_2025-04-22-12.14.54/SMAC2:_TestSolver_on_Basic_6h_year-0003.err", "slurm_job_id": "56309957_3", "job_state": null, "start_time_stamp": null, "end_time_stamp": null, "submit_time_stamp": null, "job_restarts": null, "job_qos": null, "job_partition": null, "job_nodes": null}, {"cmd": "python3 /rwthfs/rz/cluster/home/vx475510/miniforge3/envs/sparkle/lib/python3.10/site-packages/sparkle/configurator/configurator_cli.py SMAC2 /rwthfs/rz/cluster/home/vx475510/satellite-operations-planning/sparkle/Output/Configuration/Raw_Data/SMAC2/TestSolver_Basic_6h_year/results/TestSolver_Basic_6h_year_seed_55_smac.txt Output/Performance_Data/performance_data.csv Output/Configuration/Raw_Data/SMAC2/TestSolver_Basic_6h_year/TestSolver_Basic_6h_year_scenario.txt 55 /rwthfs/rz/cluster/home/vx475510/miniforge3/envs/sparkle/lib/python3.10/site-packages/sparkle/Components/smac2-v2.10.03-master-778/smac --scenario-file Output/Configuration/Raw_Data/SMAC2/TestSolver_Basic_6h_year/TestSolver_Basic_6h_year_scenario.txt --seed 55 ", "working_dir": ".", "output_file": "/rwthfs/rz/cluster/home/vx475510/satellite-operations-planning/sparkle/Output/Configuration/Raw_Data/SMAC2/TestSolver_Basic_6h_year/results/TestSolver_Basic_6h_year_seed_55_smac.txt", "stdout_file": "Output/Log/configure_solver_2025-04-22-12.14.54/SMAC2:_TestSolver_on_Basic_6h_year-0004.out", "stderr_file": "Output/Log/configure_solver_2025-04-22-12.14.54/SMAC2:_TestSolver_on_Basic_6h_year-0004.err", "slurm_job_id": "56309957_4", "job_state": null, "start_time_stamp": null, "end_time_stamp": null, "submit_time_stamp": null, "job_restarts": null, "job_qos": null, "job_partition": null, "job_nodes": null}, {"cmd": "python3 /rwthfs/rz/cluster/home/vx475510/miniforge3/envs/sparkle/lib/python3.10/site-packages/sparkle/configurator/configurator_cli.py SMAC2 /rwthfs/rz/cluster/home/vx475510/satellite-operations-planning/sparkle/Output/Configuration/Raw_Data/SMAC2/TestSolver_Basic_6h_year/results/TestSolver_Basic_6h_year_seed_56_smac.txt Output/Performance_Data/performance_data.csv Output/Configuration/Raw_Data/SMAC2/TestSolver_Basic_6h_year/TestSolver_Basic_6h_year_scenario.txt 56 /rwthfs/rz/cluster/home/vx475510/miniforge3/envs/sparkle/lib/python3.10/site-packages/sparkle/Components/smac2-v2.10.03-master-778/smac --scenario-file Output/Configuration/Raw_Data/SMAC2/TestSolver_Basic_6h_year/TestSolver_Basic_6h_year_scenario.txt --seed 56 ", "working_dir": ".", "output_file": "/rwthfs/rz/cluster/home/vx475510/satellite-operations-planning/sparkle/Output/Configuration/Raw_Data/SMAC2/TestSolver_Basic_6h_year/results/TestSolver_Basic_6h_year_seed_56_smac.txt", "stdout_file": "Output/Log/configure_solver_2025-04-22-12.14.54/SMAC2:_TestSolver_on_Basic_6h_year-0005.out", "stderr_file": "Output/Log/configure_solver_2025-04-22-12.14.54/SMAC2:_TestSolver_on_Basic_6h_year-0005.err", "slurm_job_id": "56309957_5", "job_state": null, "start_time_stamp": null, "end_time_stamp": null, "submit_time_stamp": null, "job_restarts": null, "job_qos": null, "job_partition": null, "job_nodes": null}], "parallel_jobs": 25, "submitted": true, "run_id": "56309957", "prepend": "export CONDA_ROOT=$HOME/miniforge3\nsource $CONDA_ROOT/etc/profile.d/conda.sh\nexport PATH=\"$CONDA_ROOT/bin:$PATH\"\nconda activate sparkle"}], "sbatch_options": ["--qos=normal", "--mem=10000", "--time=20:00", "--partition=c23ms"], "srun_options": [], "jobs": [{"cmd": "python3 /rwthfs/rz/cluster/home/vx475510/miniforge3/envs/sparkle/lib/python3.10/site-packages/sparkle/solver/solver_cli.py --solver Solvers/TestSolver --instance Instances/Basic_6h_year/problem_instance_europe_nov_6h.json --run-index 51 --performance-dataframe Output/Performance_Data/performance_data.csv --cutoff-time 60 --log-dir Output/Configuration/Raw_Data/SMAC2/TestSolver_Basic_6h_year/validation   ", "working_dir": ".", "output_file": null, "stdout_file": "Output/Log/configure_solver_2025-04-22-12.14.54/SMAC2:_Validating_6_TestSolver_Configurations_on_Basic_6h_year-0000.out", "stderr_file": "Output/Log/configure_solver_2025-04-22-12.14.54/SMAC2:_Validating_6_TestSolver_Configurations_on_Basic_6h_year-0000.err", "slurm_job_id": "56309958_0", "job_state": null, "start_time_stamp": null, "end_time_stamp": null, "submit_time_stamp": null, "job_restarts": null, "job_qos": null, "job_partition": null, "job_nodes": null}, {"cmd": "python3 /rwthfs/rz/cluster/home/vx475510/miniforge3/envs/sparkle/lib/python3.10/site-packages/sparkle/solver/solver_cli.py --solver Solvers/TestSolver --instance Instances/Basic_6h_year/problem_instance_europe_nov_6h.json --run-index 52 --performance-dataframe Output/Performance_Data/performance_data.csv --cutoff-time 60 --log-dir Output/Configuration/Raw_Data/SMAC2/TestSolver_Basic_6h_year/validation   ", "working_dir": ".", "output_file": null, "stdout_file": "Output/Log/configure_solver_2025-04-22-12.14.54/SMAC2:_Validating_6_TestSolver_Configurations_on_Basic_6h_year-0001.out", "stderr_file": "Output/Log/configure_solver_2025-04-22-12.14.54/SMAC2:_Validating_6_TestSolver_Configurations_on_Basic_6h_year-0001.err", "slurm_job_id": "56309958_1", "job_state": null, "start_time_stamp": null, "end_time_stamp": null, "submit_time_stamp": null, "job_restarts": null, "job_qos": null, "job_partition": null, "job_nodes": null}, {"cmd": "python3 /rwthfs/rz/cluster/home/vx475510/miniforge3/envs/sparkle/lib/python3.10/site-packages/sparkle/solver/solver_cli.py --solver Solvers/TestSolver --instance Instances/Basic_6h_year/problem_instance_europe_nov_6h.json --run-index 53 --performance-dataframe Output/Performance_Data/performance_data.csv --cutoff-time 60 --log-dir Output/Configuration/Raw_Data/SMAC2/TestSolver_Basic_6h_year/validation   ", "working_dir": ".", "output_file": null, "stdout_file": "Output/Log/configure_solver_2025-04-22-12.14.54/SMAC2:_Validating_6_TestSolver_Configurations_on_Basic_6h_year-0002.out", "stderr_file": "Output/Log/configure_solver_2025-04-22-12.14.54/SMAC2:_Validating_6_TestSolver_Configurations_on_Basic_6h_year-0002.err", "slurm_job_id": "56309958_2", "job_state": null, "start_time_stamp": null, "end_time_stamp": null, "submit_time_stamp": null, "job_restarts": null, "job_qos": null, "job_partition": null, "job_nodes": null}, {"cmd": "python3 /rwthfs/rz/cluster/home/vx475510/miniforge3/envs/sparkle/lib/python3.10/site-packages/sparkle/solver/solver_cli.py --solver Solvers/TestSolver --instance Instances/Basic_6h_year/problem_instance_europe_nov_6h.json --run-index 54 --performance-dataframe Output/Performance_Data/performance_data.csv --cutoff-time 60 --log-dir Output/Configuration/Raw_Data/SMAC2/TestSolver_Basic_6h_year/validation   ", "working_dir": ".", "output_file": null, "stdout_file": "Output/Log/configure_solver_2025-04-22-12.14.54/SMAC2:_Validating_6_TestSolver_Configurations_on_Basic_6h_year-0003.out", "stderr_file": "Output/Log/configure_solver_2025-04-22-12.14.54/SMAC2:_Validating_6_TestSolver_Configurations_on_Basic_6h_year-0003.err", "slurm_job_id": "56309958_3", "job_state": null, "start_time_stamp": null, "end_time_stamp": null, "submit_time_stamp": null, "job_restarts": null, "job_qos": null, "job_partition": null, "job_nodes": null}, {"cmd": "python3 /rwthfs/rz/cluster/home/vx475510/miniforge3/envs/sparkle/lib/python3.10/site-packages/sparkle/solver/solver_cli.py --solver Solvers/TestSolver --instance Instances/Basic_6h_year/problem_instance_europe_nov_6h.json --run-index 55 --performance-dataframe Output/Performance_Data/performance_data.csv --cutoff-time 60 --log-dir Output/Configuration/Raw_Data/SMAC2/TestSolver_Basic_6h_year/validation   ", "working_dir": ".", "output_file": null, "stdout_file": "Output/Log/configure_solver_2025-04-22-12.14.54/SMAC2:_Validating_6_TestSolver_Configurations_on_Basic_6h_year-0004.out", "stderr_file": "Output/Log/configure_solver_2025-04-22-12.14.54/SMAC2:_Validating_6_TestSolver_Configurations_on_Basic_6h_year-0004.err", "slurm_job_id": "56309958_4", "job_state": null, "start_time_stamp": null, "end_time_stamp": null, "submit_time_stamp": null, "job_restarts": null, "job_qos": null, "job_partition": null, "job_nodes": null}, {"cmd": "python3 /rwthfs/rz/cluster/home/vx475510/miniforge3/envs/sparkle/lib/python3.10/site-packages/sparkle/solver/solver_cli.py --solver Solvers/TestSolver --instance Instances/Basic_6h_year/problem_instance_europe_nov_6h.json --run-index 56 --performance-dataframe Output/Performance_Data/performance_data.csv --cutoff-time 60 --log-dir Output/Configuration/Raw_Data/SMAC2/TestSolver_Basic_6h_year/validation   ", "working_dir": ".", "output_file": null, "stdout_file": "Output/Log/configure_solver_2025-04-22-12.14.54/SMAC2:_Validating_6_TestSolver_Configurations_on_Basic_6h_year-0005.out", "stderr_file": "Output/Log/configure_solver_2025-04-22-12.14.54/SMAC2:_Validating_6_TestSolver_Configurations_on_Basic_6h_year-0005.err", "slurm_job_id": "56309958_5", "job_state": null, "start_time_stamp": null, "end_time_stamp": null, "submit_time_stamp": null, "job_restarts": null, "job_qos": null, "job_partition": null, "job_nodes": null}, {"cmd": "python3 /rwthfs/rz/cluster/home/vx475510/miniforge3/envs/sparkle/lib/python3.10/site-packages/sparkle/solver/solver_cli.py --solver Solvers/TestSolver --instance Instances/Basic_6h_year/problem_instance_europe_apr_6h.json --run-index 51 --performance-dataframe Output/Performance_Data/performance_data.csv --cutoff-time 60 --log-dir Output/Configuration/Raw_Data/SMAC2/TestSolver_Basic_6h_year/validation   ", "working_dir": ".", "output_file": null, "stdout_file": "Output/Log/configure_solver_2025-04-22-12.14.54/SMAC2:_Validating_6_TestSolver_Configurations_on_Basic_6h_year-0006.out", "stderr_file": "Output/Log/configure_solver_2025-04-22-12.14.54/SMAC2:_Validating_6_TestSolver_Configurations_on_Basic_6h_year-0006.err", "slurm_job_id": "56309958_6", "job_state": null, "start_time_stamp": null, "end_time_stamp": null, "submit_time_stamp": null, "job_restarts": null, "job_qos": null, "job_partition": null, "job_nodes": null}, {"cmd": "python3 /rwthfs/rz/cluster/home/vx475510/miniforge3/envs/sparkle/lib/python3.10/site-packages/sparkle/solver/solver_cli.py --solver Solvers/TestSolver --instance Instances/Basic_6h_year/problem_instance_europe_apr_6h.json --run-index 52 --performance-dataframe Output/Performance_Data/performance_data.csv --cutoff-time 60 --log-dir Output/Configuration/Raw_Data/SMAC2/TestSolver_Basic_6h_year/validation   ", "working_dir": ".", "output_file": null, "stdout_file": "Output/Log/configure_solver_2025-04-22-12.14.54/SMAC2:_Validating_6_TestSolver_Configurations_on_Basic_6h_year-0007.out", "stderr_file": "Output/Log/configure_solver_2025-04-22-12.14.54/SMAC2:_Validating_6_TestSolver_Configurations_on_Basic_6h_year-0007.err", "slurm_job_id": "56309958_7", "job_state": null, "start_time_stamp": null, "end_time_stamp": null, "submit_time_stamp": null, "job_restarts": null, "job_qos": null, "job_partition": null, "job_nodes": null}, {"cmd": "python3 /rwthfs/rz/cluster/home/vx475510/miniforge3/envs/sparkle/lib/python3.10/site-packages/sparkle/solver/solver_cli.py --solver Solvers/TestSolver --instance Instances/Basic_6h_year/problem_instance_europe_apr_6h.json --run-index 53 --performance-dataframe Output/Performance_Data/performance_data.csv --cutoff-time 60 --log-dir Output/Configuration/Raw_Data/SMAC2/TestSolver_Basic_6h_year/validation   ", "working_dir": ".", "output_file": null, "stdout_file": "Output/Log/configure_solver_2025-04-22-12.14.54/SMAC2:_Validating_6_TestSolver_Configurations_on_Basic_6h_year-0008.out", "stderr_file": "Output/Log/configure_solver_2025-04-22-12.14.54/SMAC2:_Validating_6_TestSolver_Configurations_on_Basic_6h_year-0008.err", "slurm_job_id": "56309958_8", "job_state": null, "start_time_stamp": null, "end_time_stamp": null, "submit_time_stamp": null, "job_restarts": null, "job_qos": null, "job_partition": null, "job_nodes": null}, {"cmd": "python3 /rwthfs/rz/cluster/home/vx475510/miniforge3/envs/sparkle/lib/python3.10/site-packages/sparkle/solver/solver_cli.py --solver Solvers/TestSolver --instance Instances/Basic_6h_year/problem_instance_europe_apr_6h.json --run-index 54 --performance-dataframe Output/Performance_Data/performance_data.csv --cutoff-time 60 --log-dir Output/Configuration/Raw_Data/SMAC2/TestSolver_Basic_6h_year/validation   ", "working_dir": ".", "output_file": null, "stdout_file": "Output/Log/configure_solver_2025-04-22-12.14.54/SMAC2:_Validating_6_TestSolver_Configurations_on_Basic_6h_year-0009.out", "stderr_file": "Output/Log/configure_solver_2025-04-22-12.14.54/SMAC2:_Validating_6_TestSolver_Configurations_on_Basic_6h_year-0009.err", "slurm_job_id": "56309958_9", "job_state": null, "start_time_stamp": null, "end_time_stamp": null, "submit_time_stamp": null, "job_restarts": null, "job_qos": null, "job_partition": null, "job_nodes": null}, {"cmd": "python3 /rwthfs/rz/cluster/home/vx475510/miniforge3/envs/sparkle/lib/python3.10/site-packages/sparkle/solver/solver_cli.py --solver Solvers/TestSolver --instance Instances/Basic_6h_year/problem_instance_europe_apr_6h.json --run-index 55 --performance-dataframe Output/Performance_Data/performance_data.csv --cutoff-time 60 --log-dir Output/Configuration/Raw_Data/SMAC2/TestSolver_Basic_6h_year/validation   ", "working_dir": ".", "output_file": null, "stdout_file": "Output/Log/configure_solver_2025-04-22-12.14.54/SMAC2:_Validating_6_TestSolver_Configurations_on_Basic_6h_year-0010.out", "stderr_file": "Output/Log/configure_solver_2025-04-22-12.14.54/SMAC2:_Validating_6_TestSolver_Configurations_on_Basic_6h_year-0010.err", "slurm_job_id": "56309958_10", "job_state": null, "start_time_stamp": null, "end_time_stamp": null, "submit_time_stamp": null, "job_restarts": null, "job_qos": null, "job_partition": null, "job_nodes": null}, {"cmd": "python3 /rwthfs/rz/cluster/home/vx475510/miniforge3/envs/sparkle/lib/python3.10/site-packages/sparkle/solver/solver_cli.py --solver Solvers/TestSolver --instance Instances/Basic_6h_year/problem_instance_europe_apr_6h.json --run-index 56 --performance-dataframe Output/Performance_Data/performance_data.csv --cutoff-time 60 --log-dir Output/Configuration/Raw_Data/SMAC2/TestSolver_Basic_6h_year/validation   ", "working_dir": ".", "output_file": null, "stdout_file": "Output/Log/configure_solver_2025-04-22-12.14.54/SMAC2:_Validating_6_TestSolver_Configurations_on_Basic_6h_year-0011.out", "stderr_file": "Output/Log/configure_solver_2025-04-22-12.14.54/SMAC2:_Validating_6_TestSolver_Configurations_on_Basic_6h_year-0011.err", "slurm_job_id": "56309958_11", "job_state": null, "start_time_stamp": null, "end_time_stamp": null, "submit_time_stamp": null, "job_restarts": null, "job_qos": null, "job_partition": null, "job_nodes": null}, {"cmd": "python3 /rwthfs/rz/cluster/home/vx475510/miniforge3/envs/sparkle/lib/python3.10/site-packages/sparkle/solver/solver_cli.py --solver Solvers/TestSolver --instance Instances/Basic_6h_year/problem_instance_europe_dec_6h.json --run-index 51 --performance-dataframe Output/Performance_Data/performance_data.csv --cutoff-time 60 --log-dir Output/Configuration/Raw_Data/SMAC2/TestSolver_Basic_6h_year/validation   ", "working_dir": ".", "output_file": null, "stdout_file": "Output/Log/configure_solver_2025-04-22-12.14.54/SMAC2:_Validating_6_TestSolver_Configurations_on_Basic_6h_year-0012.out", "stderr_file": "Output/Log/configure_solver_2025-04-22-12.14.54/SMAC2:_Validating_6_TestSolver_Configurations_on_Basic_6h_year-0012.err", "slurm_job_id": "56309958_12", "job_state": null, "start_time_stamp": null, "end_time_stamp": null, "submit_time_stamp": null, "job_restarts": null, "job_qos": null, "job_partition": null, "job_nodes": null}, {"cmd": "python3 /rwthfs/rz/cluster/home/vx475510/miniforge3/envs/sparkle/lib/python3.10/site-packages/sparkle/solver/solver_cli.py --solver Solvers/TestSolver --instance Instances/Basic_6h_year/problem_instance_europe_dec_6h.json --run-index 52 --performance-dataframe Output/Performance_Data/performance_data.csv --cutoff-time 60 --log-dir Output/Configuration/Raw_Data/SMAC2/TestSolver_Basic_6h_year/validation   ", "working_dir": ".", "output_file": null, "stdout_file": "Output/Log/configure_solver_2025-04-22-12.14.54/SMAC2:_Validating_6_TestSolver_Configurations_on_Basic_6h_year-0013.out", "stderr_file": "Output/Log/configure_solver_2025-04-22-12.14.54/SMAC2:_Validating_6_TestSolver_Configurations_on_Basic_6h_year-0013.err", "slurm_job_id": "56309958_13", "job_state": null, "start_time_stamp": null, "end_time_stamp": null, "submit_time_stamp": null, "job_restarts": null, "job_qos": null, "job_partition": null, "job_nodes": null}, {"cmd": "python3 /rwthfs/rz/cluster/home/vx475510/miniforge3/envs/sparkle/lib/python3.10/site-packages/sparkle/solver/solver_cli.py --solver Solvers/TestSolver --instance Instances/Basic_6h_year/problem_instance_europe_dec_6h.json --run-index 53 --performance-dataframe Output/Performance_Data/performance_data.csv --cutoff-time 60 --log-dir Output/Configuration/Raw_Data/SMAC2/TestSolver_Basic_6h_year/validation   ", "working_dir": ".", "output_file": null, "stdout_file": "Output/Log/configure_solver_2025-04-22-12.14.54/SMAC2:_Validating_6_TestSolver_Configurations_on_Basic_6h_year-0014.out", "stderr_file": "Output/Log/configure_solver_2025-04-22-12.14.54/SMAC2:_Validating_6_TestSolver_Configurations_on_Basic_6h_year-0014.err", "slurm_job_id": "56309958_14", "job_state": null, "start_time_stamp": null, "end_time_stamp": null, "submit_time_stamp": null, "job_restarts": null, "job_qos": null, "job_partition": null, "job_nodes": null}, {"cmd": "python3 /rwthfs/rz/cluster/home/vx475510/miniforge3/envs/sparkle/lib/python3.10/site-packages/sparkle/solver/solver_cli.py --solver Solvers/TestSolver --instance Instances/Basic_6h_year/problem_instance_europe_dec_6h.json --run-index 54 --performance-dataframe Output/Performance_Data/performance_data.csv --cutoff-time 60 --log-dir Output/Configuration/Raw_Data/SMAC2/TestSolver_Basic_6h_year/validation   ", "working_dir": ".", "output_file": null, "stdout_file": "Output/Log/configure_solver_2025-04-22-12.14.54/SMAC2:_Validating_6_TestSolver_Configurations_on_Basic_6h_year-0015.out", "stderr_file": "Output/Log/configure_solver_2025-04-22-12.14.54/SMAC2:_Validating_6_TestSolver_Configurations_on_Basic_6h_year-0015.err", "slurm_job_id": "56309958_15", "job_state": null, "start_time_stamp": null, "end_time_stamp": null, "submit_time_stamp": null, "job_restarts": null, "job_qos": null, "job_partition": null, "job_nodes": null}, {"cmd": "python3 /rwthfs/rz/cluster/home/vx475510/miniforge3/envs/sparkle/lib/python3.10/site-packages/sparkle/solver/solver_cli.py --solver Solvers/TestSolver --instance Instances/Basic_6h_year/problem_instance_europe_dec_6h.json --run-index 55 --performance-dataframe Output/Performance_Data/performance_data.csv --cutoff-time 60 --log-dir Output/Configuration/Raw_Data/SMAC2/TestSolver_Basic_6h_year/validation   ", "working_dir": ".", "output_file": null, "stdout_file": "Output/Log/configure_solver_2025-04-22-12.14.54/SMAC2:_Validating_6_TestSolver_Configurations_on_Basic_6h_year-0016.out", "stderr_file": "Output/Log/configure_solver_2025-04-22-12.14.54/SMAC2:_Validating_6_TestSolver_Configurations_on_Basic_6h_year-0016.err", "slurm_job_id": "56309958_16", "job_state": null, "start_time_stamp": null, "end_time_stamp": null, "submit_time_stamp": null, "job_restarts": null, "job_qos": null, "job_partition": null, "job_nodes": null}, {"cmd": "python3 /rwthfs/rz/cluster/home/vx475510/miniforge3/envs/sparkle/lib/python3.10/site-packages/sparkle/solver/solver_cli.py --solver Solvers/TestSolver --instance Instances/Basic_6h_year/problem_instance_europe_dec_6h.json --run-index 56 --performance-dataframe Output/Performance_Data/performance_data.csv --cutoff-time 60 --log-dir Output/Configuration/Raw_Data/SMAC2/TestSolver_Basic_6h_year/validation   ", "working_dir": ".", "output_file": null, "stdout_file": "Output/Log/configure_solver_2025-04-22-12.14.54/SMAC2:_Validating_6_TestSolver_Configurations_on_Basic_6h_year-0017.out", "stderr_file": "Output/Log/configure_solver_2025-04-22-12.14.54/SMAC2:_Validating_6_TestSolver_Configurations_on_Basic_6h_year-0017.err", "slurm_job_id": "56309958_17", "job_state": null, "start_time_stamp": null, "end_time_stamp": null, "submit_time_stamp": null, "job_restarts": null, "job_qos": null, "job_partition": null, "job_nodes": null}, {"cmd": "python3 /rwthfs/rz/cluster/home/vx475510/miniforge3/envs/sparkle/lib/python3.10/site-packages/sparkle/solver/solver_cli.py --solver Solvers/TestSolver --instance Instances/Basic_6h_year/problem_instance_europe_mar_6h.json --run-index 51 --performance-dataframe Output/Performance_Data/performance_data.csv --cutoff-time 60 --log-dir Output/Configuration/Raw_Data/SMAC2/TestSolver_Basic_6h_year/validation   ", "working_dir": ".", "output_file": null, "stdout_file": "Output/Log/configure_solver_2025-04-22-12.14.54/SMAC2:_Validating_6_TestSolver_Configurations_on_Basic_6h_year-0018.out", "stderr_file": "Output/Log/configure_solver_2025-04-22-12.14.54/SMAC2:_Validating_6_TestSolver_Configurations_on_Basic_6h_year-0018.err", "slurm_job_id": "56309958_18", "job_state": null, "start_time_stamp": null, "end_time_stamp": null, "submit_time_stamp": null, "job_restarts": null, "job_qos": null, "job_partition": null, "job_nodes": null}, {"cmd": "python3 /rwthfs/rz/cluster/home/vx475510/miniforge3/envs/sparkle/lib/python3.10/site-packages/sparkle/solver/solver_cli.py --solver Solvers/TestSolver --instance Instances/Basic_6h_year/problem_instance_europe_mar_6h.json --run-index 52 --performance-dataframe Output/Performance_Data/performance_data.csv --cutoff-time 60 --log-dir Output/Configuration/Raw_Data/SMAC2/TestSolver_Basic_6h_year/validation   ", "working_dir": ".", "output_file": null, "stdout_file": "Output/Log/configure_solver_2025-04-22-12.14.54/SMAC2:_Validating_6_TestSolver_Configurations_on_Basic_6h_year-0019.out", "stderr_file": "Output/Log/configure_solver_2025-04-22-12.14.54/SMAC2:_Validating_6_TestSolver_Configurations_on_Basic_6h_year-0019.err", "slurm_job_id": "56309958_19", "job_state": null, "start_time_stamp": null, "end_time_stamp": null, "submit_time_stamp": null, "job_restarts": null, "job_qos": null, "job_partition": null, "job_nodes": null}, {"cmd": "python3 /rwthfs/rz/cluster/home/vx475510/miniforge3/envs/sparkle/lib/python3.10/site-packages/sparkle/solver/solver_cli.py --solver Solvers/TestSolver --instance Instances/Basic_6h_year/problem_instance_europe_mar_6h.json --run-index 53 --performance-dataframe Output/Performance_Data/performance_data.csv --cutoff-time 60 --log-dir Output/Configuration/Raw_Data/SMAC2/TestSolver_Basic_6h_year/validation   ", "working_dir": ".", "output_file": null, "stdout_file": "Output/Log/configure_solver_2025-04-22-12.14.54/SMAC2:_Validating_6_TestSolver_Configurations_on_Basic_6h_year-0020.out", "stderr_file": "Output/Log/configure_solver_2025-04-22-12.14.54/SMAC2:_Validating_6_TestSolver_Configurations_on_Basic_6h_year-0020.err", "slurm_job_id": "56309958_20", "job_state": null, "start_time_stamp": null, "end_time_stamp": null, "submit_time_stamp": null, "job_restarts": null, "job_qos": null, "job_partition": null, "job_nodes": null}, {"cmd": "python3 /rwthfs/rz/cluster/home/vx475510/miniforge3/envs/sparkle/lib/python3.10/site-packages/sparkle/solver/solver_cli.py --solver Solvers/TestSolver --instance Instances/Basic_6h_year/problem_instance_europe_mar_6h.json --run-index 54 --performance-dataframe Output/Performance_Data/performance_data.csv --cutoff-time 60 --log-dir Output/Configuration/Raw_Data/SMAC2/TestSolver_Basic_6h_year/validation   ", "working_dir": ".", "output_file": null, "stdout_file": "Output/Log/configure_solver_2025-04-22-12.14.54/SMAC2:_Validating_6_TestSolver_Configurations_on_Basic_6h_year-0021.out", "stderr_file": "Output/Log/configure_solver_2025-04-22-12.14.54/SMAC2:_Validating_6_TestSolver_Configurations_on_Basic_6h_year-0021.err", "slurm_job_id": "56309958_21", "job_state": null, "start_time_stamp": null, "end_time_stamp": null, "submit_time_stamp": null, "job_restarts": null, "job_qos": null, "job_partition": null, "job_nodes": null}, {"cmd": "python3 /rwthfs/rz/cluster/home/vx475510/miniforge3/envs/sparkle/lib/python3.10/site-packages/sparkle/solver/solver_cli.py --solver Solvers/TestSolver --instance Instances/Basic_6h_year/problem_instance_europe_mar_6h.json --run-index 55 --performance-dataframe Output/Performance_Data/performance_data.csv --cutoff-time 60 --log-dir Output/Configuration/Raw_Data/SMAC2/TestSolver_Basic_6h_year/validation   ", "working_dir": ".", "output_file": null, "stdout_file": "Output/Log/configure_solver_2025-04-22-12.14.54/SMAC2:_Validating_6_TestSolver_Configurations_on_Basic_6h_year-0022.out", "stderr_file": "Output/Log/configure_solver_2025-04-22-12.14.54/SMAC2:_Validating_6_TestSolver_Configurations_on_Basic_6h_year-0022.err", "slurm_job_id": "56309958_22", "job_state": null, "start_time_stamp": null, "end_time_stamp": null, "submit_time_stamp": null, "job_restarts": null, "job_qos": null, "job_partition": null, "job_nodes": null}, {"cmd": "python3 /rwthfs/rz/cluster/home/vx475510/miniforge3/envs/sparkle/lib/python3.10/site-packages/sparkle/solver/solver_cli.py --solver Solvers/TestSolver --instance Instances/Basic_6h_year/problem_instance_europe_mar_6h.json --run-index 56 --performance-dataframe Output/Performance_Data/performance_data.csv --cutoff-time 60 --log-dir Output/Configuration/Raw_Data/SMAC2/TestSolver_Basic_6h_year/validation   ", "working_dir": ".", "output_file": null, "stdout_file": "Output/Log/configure_solver_2025-04-22-12.14.54/SMAC2:_Validating_6_TestSolver_Configurations_on_Basic_6h_year-0023.out", "stderr_file": "Output/Log/configure_solver_2025-04-22-12.14.54/SMAC2:_Validating_6_TestSolver_Configurations_on_Basic_6h_year-0023.err", "slurm_job_id": "56309958_23", "job_state": null, "start_time_stamp": null, "end_time_stamp": null, "submit_time_stamp": null, "job_restarts": null, "job_qos": null, "job_partition": null, "job_nodes": null}, {"cmd": "python3 /rwthfs/rz/cluster/home/vx475510/miniforge3/envs/sparkle/lib/python3.10/site-packages/sparkle/solver/solver_cli.py --solver Solvers/TestSolver --instance Instances/Basic_6h_year/problem_instance_europe_oct_6h.json --run-index 51 --performance-dataframe Output/Performance_Data/performance_data.csv --cutoff-time 60 --log-dir Output/Configuration/Raw_Data/SMAC2/TestSolver_Basic_6h_year/validation   ", "working_dir": ".", "output_file": null, "stdout_file": "Output/Log/configure_solver_2025-04-22-12.14.54/SMAC2:_Validating_6_TestSolver_Configurations_on_Basic_6h_year-0024.out", "stderr_file": "Output/Log/configure_solver_2025-04-22-12.14.54/SMAC2:_Validating_6_TestSolver_Configurations_on_Basic_6h_year-0024.err", "slurm_job_id": "56309958_24", "job_state": null, "start_time_stamp": null, "end_time_stamp": null, "submit_time_stamp": null, "job_restarts": null, "job_qos": null, "job_partition": null, "job_nodes": null}, {"cmd": "python3 /rwthfs/rz/cluster/home/vx475510/miniforge3/envs/sparkle/lib/python3.10/site-packages/sparkle/solver/solver_cli.py --solver Solvers/TestSolver --instance Instances/Basic_6h_year/problem_instance_europe_oct_6h.json --run-index 52 --performance-dataframe Output/Performance_Data/performance_data.csv --cutoff-time 60 --log-dir Output/Configuration/Raw_Data/SMAC2/TestSolver_Basic_6h_year/validation   ", "working_dir": ".", "output_file": null, "stdout_file": "Output/Log/configure_solver_2025-04-22-12.14.54/SMAC2:_Validating_6_TestSolver_Configurations_on_Basic_6h_year-0025.out", "stderr_file": "Output/Log/configure_solver_2025-04-22-12.14.54/SMAC2:_Validating_6_TestSolver_Configurations_on_Basic_6h_year-0025.err", "slurm_job_id": "56309958_25", "job_state": null, "start_time_stamp": null, "end_time_stamp": null, "submit_time_stamp": null, "job_restarts": null, "job_qos": null, "job_partition": null, "job_nodes": null}, {"cmd": "python3 /rwthfs/rz/cluster/home/vx475510/miniforge3/envs/sparkle/lib/python3.10/site-packages/sparkle/solver/solver_cli.py --solver Solvers/TestSolver --instance Instances/Basic_6h_year/problem_instance_europe_oct_6h.json --run-index 53 --performance-dataframe Output/Performance_Data/performance_data.csv --cutoff-time 60 --log-dir Output/Configuration/Raw_Data/SMAC2/TestSolver_Basic_6h_year/validation   ", "working_dir": ".", "output_file": null, "stdout_file": "Output/Log/configure_solver_2025-04-22-12.14.54/SMAC2:_Validating_6_TestSolver_Configurations_on_Basic_6h_year-0026.out", "stderr_file": "Output/Log/configure_solver_2025-04-22-12.14.54/SMAC2:_Validating_6_TestSolver_Configurations_on_Basic_6h_year-0026.err", "slurm_job_id": "56309958_26", "job_state": null, "start_time_stamp": null, "end_time_stamp": null, "submit_time_stamp": null, "job_restarts": null, "job_qos": null, "job_partition": null, "job_nodes": null}, {"cmd": "python3 /rwthfs/rz/cluster/home/vx475510/miniforge3/envs/sparkle/lib/python3.10/site-packages/sparkle/solver/solver_cli.py --solver Solvers/TestSolver --instance Instances/Basic_6h_year/problem_instance_europe_oct_6h.json --run-index 54 --performance-dataframe Output/Performance_Data/performance_data.csv --cutoff-time 60 --log-dir Output/Configuration/Raw_Data/SMAC2/TestSolver_Basic_6h_year/validation   ", "working_dir": ".", "output_file": null, "stdout_file": "Output/Log/configure_solver_2025-04-22-12.14.54/SMAC2:_Validating_6_TestSolver_Configurations_on_Basic_6h_year-0027.out", "stderr_file": "Output/Log/configure_solver_2025-04-22-12.14.54/SMAC2:_Validating_6_TestSolver_Configurations_on_Basic_6h_year-0027.err", "slurm_job_id": "56309958_27", "job_state": null, "start_time_stamp": null, "end_time_stamp": null, "submit_time_stamp": null, "job_restarts": null, "job_qos": null, "job_partition": null, "job_nodes": null}, {"cmd": "python3 /rwthfs/rz/cluster/home/vx475510/miniforge3/envs/sparkle/lib/python3.10/site-packages/sparkle/solver/solver_cli.py --solver Solvers/TestSolver --instance Instances/Basic_6h_year/problem_instance_europe_oct_6h.json --run-index 55 --performance-dataframe Output/Performance_Data/performance_data.csv --cutoff-time 60 --log-dir Output/Configuration/Raw_Data/SMAC2/TestSolver_Basic_6h_year/validation   ", "working_dir": ".", "output_file": null, "stdout_file": "Output/Log/configure_solver_2025-04-22-12.14.54/SMAC2:_Validating_6_TestSolver_Configurations_on_Basic_6h_year-0028.out", "stderr_file": "Output/Log/configure_solver_2025-04-22-12.14.54/SMAC2:_Validating_6_TestSolver_Configurations_on_Basic_6h_year-0028.err", "slurm_job_id": "56309958_28", "job_state": null, "start_time_stamp": null, "end_time_stamp": null, "submit_time_stamp": null, "job_restarts": null, "job_qos": null, "job_partition": null, "job_nodes": null}, {"cmd": "python3 /rwthfs/rz/cluster/home/vx475510/miniforge3/envs/sparkle/lib/python3.10/site-packages/sparkle/solver/solver_cli.py --solver Solvers/TestSolver --instance Instances/Basic_6h_year/problem_instance_europe_oct_6h.json --run-index 56 --performance-dataframe Output/Performance_Data/performance_data.csv --cutoff-time 60 --log-dir Output/Configuration/Raw_Data/SMAC2/TestSolver_Basic_6h_year/validation   ", "working_dir": ".", "output_file": null, "stdout_file": "Output/Log/configure_solver_2025-04-22-12.14.54/SMAC2:_Validating_6_TestSolver_Configurations_on_Basic_6h_year-0029.out", "stderr_file": "Output/Log/configure_solver_2025-04-22-12.14.54/SMAC2:_Validating_6_TestSolver_Configurations_on_Basic_6h_year-0029.err", "slurm_job_id": "56309958_29", "job_state": null, "start_time_stamp": null, "end_time_stamp": null, "submit_time_stamp": null, "job_restarts": null, "job_qos": null, "job_partition": null, "job_nodes": null}, {"cmd": "python3 /rwthfs/rz/cluster/home/vx475510/miniforge3/envs/sparkle/lib/python3.10/site-packages/sparkle/solver/solver_cli.py --solver Solvers/TestSolver --instance Instances/Basic_6h_year/problem_instance_europe_may_6h.json --run-index 51 --performance-dataframe Output/Performance_Data/performance_data.csv --cutoff-time 60 --log-dir Output/Configuration/Raw_Data/SMAC2/TestSolver_Basic_6h_year/validation   ", "working_dir": ".", "output_file": null, "stdout_file": "Output/Log/configure_solver_2025-04-22-12.14.54/SMAC2:_Validating_6_TestSolver_Configurations_on_Basic_6h_year-0030.out", "stderr_file": "Output/Log/configure_solver_2025-04-22-12.14.54/SMAC2:_Validating_6_TestSolver_Configurations_on_Basic_6h_year-0030.err", "slurm_job_id": "56309958_30", "job_state": null, "start_time_stamp": null, "end_time_stamp": null, "submit_time_stamp": null, "job_restarts": null, "job_qos": null, "job_partition": null, "job_nodes": null}, {"cmd": "python3 /rwthfs/rz/cluster/home/vx475510/miniforge3/envs/sparkle/lib/python3.10/site-packages/sparkle/solver/solver_cli.py --solver Solvers/TestSolver --instance Instances/Basic_6h_year/problem_instance_europe_may_6h.json --run-index 52 --performance-dataframe Output/Performance_Data/performance_data.csv --cutoff-time 60 --log-dir Output/Configuration/Raw_Data/SMAC2/TestSolver_Basic_6h_year/validation   ", "working_dir": ".", "output_file": null, "stdout_file": "Output/Log/configure_solver_2025-04-22-12.14.54/SMAC2:_Validating_6_TestSolver_Configurations_on_Basic_6h_year-0031.out", "stderr_file": "Output/Log/configure_solver_2025-04-22-12.14.54/SMAC2:_Validating_6_TestSolver_Configurations_on_Basic_6h_year-0031.err", "slurm_job_id": "56309958_31", "job_state": null, "start_time_stamp": null, "end_time_stamp": null, "submit_time_stamp": null, "job_restarts": null, "job_qos": null, "job_partition": null, "job_nodes": null}, {"cmd": "python3 /rwthfs/rz/cluster/home/vx475510/miniforge3/envs/sparkle/lib/python3.10/site-packages/sparkle/solver/solver_cli.py --solver Solvers/TestSolver --instance Instances/Basic_6h_year/problem_instance_europe_may_6h.json --run-index 53 --performance-dataframe Output/Performance_Data/performance_data.csv --cutoff-time 60 --log-dir Output/Configuration/Raw_Data/SMAC2/TestSolver_Basic_6h_year/validation   ", "working_dir": ".", "output_file": null, "stdout_file": "Output/Log/configure_solver_2025-04-22-12.14.54/SMAC2:_Validating_6_TestSolver_Configurations_on_Basic_6h_year-0032.out", "stderr_file": "Output/Log/configure_solver_2025-04-22-12.14.54/SMAC2:_Validating_6_TestSolver_Configurations_on_Basic_6h_year-0032.err", "slurm_job_id": "56309958_32", "job_state": null, "start_time_stamp": null, "end_time_stamp": null, "submit_time_stamp": null, "job_restarts": null, "job_qos": null, "job_partition": null, "job_nodes": null}, {"cmd": "python3 /rwthfs/rz/cluster/home/vx475510/miniforge3/envs/sparkle/lib/python3.10/site-packages/sparkle/solver/solver_cli.py --solver Solvers/TestSolver --instance Instances/Basic_6h_year/problem_instance_europe_may_6h.json --run-index 54 --performance-dataframe Output/Performance_Data/performance_data.csv --cutoff-time 60 --log-dir Output/Configuration/Raw_Data/SMAC2/TestSolver_Basic_6h_year/validation   ", "working_dir": ".", "output_file": null, "stdout_file": "Output/Log/configure_solver_2025-04-22-12.14.54/SMAC2:_Validating_6_TestSolver_Configurations_on_Basic_6h_year-0033.out", "stderr_file": "Output/Log/configure_solver_2025-04-22-12.14.54/SMAC2:_Validating_6_TestSolver_Configurations_on_Basic_6h_year-0033.err", "slurm_job_id": "56309958_33", "job_state": null, "start_time_stamp": null, "end_time_stamp": null, "submit_time_stamp": null, "job_restarts": null, "job_qos": null, "job_partition": null, "job_nodes": null}, {"cmd": "python3 /rwthfs/rz/cluster/home/vx475510/miniforge3/envs/sparkle/lib/python3.10/site-packages/sparkle/solver/solver_cli.py --solver Solvers/TestSolver --instance Instances/Basic_6h_year/problem_instance_europe_may_6h.json --run-index 55 --performance-dataframe Output/Performance_Data/performance_data.csv --cutoff-time 60 --log-dir Output/Configuration/Raw_Data/SMAC2/TestSolver_Basic_6h_year/validation   ", "working_dir": ".", "output_file": null, "stdout_file": "Output/Log/configure_solver_2025-04-22-12.14.54/SMAC2:_Validating_6_TestSolver_Configurations_on_Basic_6h_year-0034.out", "stderr_file": "Output/Log/configure_solver_2025-04-22-12.14.54/SMAC2:_Validating_6_TestSolver_Configurations_on_Basic_6h_year-0034.err", "slurm_job_id": "56309958_34", "job_state": null, "start_time_stamp": null, "end_time_stamp": null, "submit_time_stamp": null, "job_restarts": null, "job_qos": null, "job_partition": null, "job_nodes": null}, {"cmd": "python3 /rwthfs/rz/cluster/home/vx475510/miniforge3/envs/sparkle/lib/python3.10/site-packages/sparkle/solver/solver_cli.py --solver Solvers/TestSolver --instance Instances/Basic_6h_year/problem_instance_europe_may_6h.json --run-index 56 --performance-dataframe Output/Performance_Data/performance_data.csv --cutoff-time 60 --log-dir Output/Configuration/Raw_Data/SMAC2/TestSolver_Basic_6h_year/validation   ", "working_dir": ".", "output_file": null, "stdout_file": "Output/Log/configure_solver_2025-04-22-12.14.54/SMAC2:_Validating_6_TestSolver_Configurations_on_Basic_6h_year-0035.out", "stderr_file": "Output/Log/configure_solver_2025-04-22-12.14.54/SMAC2:_Validating_6_TestSolver_Configurations_on_Basic_6h_year-0035.err", "slurm_job_id": "56309958_35", "job_state": null, "start_time_stamp": null, "end_time_stamp": null, "submit_time_stamp": null, "job_restarts": null, "job_qos": null, "job_partition": null, "job_nodes": null}, {"cmd": "python3 /rwthfs/rz/cluster/home/vx475510/miniforge3/envs/sparkle/lib/python3.10/site-packages/sparkle/solver/solver_cli.py --solver Solvers/TestSolver --instance Instances/Basic_6h_year/problem_instance_europe_jan_6h.json --run-index 51 --performance-dataframe Output/Performance_Data/performance_data.csv --cutoff-time 60 --log-dir Output/Configuration/Raw_Data/SMAC2/TestSolver_Basic_6h_year/validation   ", "working_dir": ".", "output_file": null, "stdout_file": "Output/Log/configure_solver_2025-04-22-12.14.54/SMAC2:_Validating_6_TestSolver_Configurations_on_Basic_6h_year-0036.out", "stderr_file": "Output/Log/configure_solver_2025-04-22-12.14.54/SMAC2:_Validating_6_TestSolver_Configurations_on_Basic_6h_year-0036.err", "slurm_job_id": "56309958_36", "job_state": null, "start_time_stamp": null, "end_time_stamp": null, "submit_time_stamp": null, "job_restarts": null, "job_qos": null, "job_partition": null, "job_nodes": null}, {"cmd": "python3 /rwthfs/rz/cluster/home/vx475510/miniforge3/envs/sparkle/lib/python3.10/site-packages/sparkle/solver/solver_cli.py --solver Solvers/TestSolver --instance Instances/Basic_6h_year/problem_instance_europe_jan_6h.json --run-index 52 --performance-dataframe Output/Performance_Data/performance_data.csv --cutoff-time 60 --log-dir Output/Configuration/Raw_Data/SMAC2/TestSolver_Basic_6h_year/validation   ", "working_dir": ".", "output_file": null, "stdout_file": "Output/Log/configure_solver_2025-04-22-12.14.54/SMAC2:_Validating_6_TestSolver_Configurations_on_Basic_6h_year-0037.out", "stderr_file": "Output/Log/configure_solver_2025-04-22-12.14.54/SMAC2:_Validating_6_TestSolver_Configurations_on_Basic_6h_year-0037.err", "slurm_job_id": "56309958_37", "job_state": null, "start_time_stamp": null, "end_time_stamp": null, "submit_time_stamp": null, "job_restarts": null, "job_qos": null, "job_partition": null, "job_nodes": null}, {"cmd": "python3 /rwthfs/rz/cluster/home/vx475510/miniforge3/envs/sparkle/lib/python3.10/site-packages/sparkle/solver/solver_cli.py --solver Solvers/TestSolver --instance Instances/Basic_6h_year/problem_instance_europe_jan_6h.json --run-index 53 --performance-dataframe Output/Performance_Data/performance_data.csv --cutoff-time 60 --log-dir Output/Configuration/Raw_Data/SMAC2/TestSolver_Basic_6h_year/validation   ", "working_dir": ".", "output_file": null, "stdout_file": "Output/Log/configure_solver_2025-04-22-12.14.54/SMAC2:_Validating_6_TestSolver_Configurations_on_Basic_6h_year-0038.out", "stderr_file": "Output/Log/configure_solver_2025-04-22-12.14.54/SMAC2:_Validating_6_TestSolver_Configurations_on_Basic_6h_year-0038.err", "slurm_job_id": "56309958_38", "job_state": null, "start_time_stamp": null, "end_time_stamp": null, "submit_time_stamp": null, "job_restarts": null, "job_qos": null, "job_partition": null, "job_nodes": null}, {"cmd": "python3 /rwthfs/rz/cluster/home/vx475510/miniforge3/envs/sparkle/lib/python3.10/site-packages/sparkle/solver/solver_cli.py --solver Solvers/TestSolver --instance Instances/Basic_6h_year/problem_instance_europe_jan_6h.json --run-index 54 --performance-dataframe Output/Performance_Data/performance_data.csv --cutoff-time 60 --log-dir Output/Configuration/Raw_Data/SMAC2/TestSolver_Basic_6h_year/validation   ", "working_dir": ".", "output_file": null, "stdout_file": "Output/Log/configure_solver_2025-04-22-12.14.54/SMAC2:_Validating_6_TestSolver_Configurations_on_Basic_6h_year-0039.out", "stderr_file": "Output/Log/configure_solver_2025-04-22-12.14.54/SMAC2:_Validating_6_TestSolver_Configurations_on_Basic_6h_year-0039.err", "slurm_job_id": "56309958_39", "job_state": null, "start_time_stamp": null, "end_time_stamp": null, "submit_time_stamp": null, "job_restarts": null, "job_qos": null, "job_partition": null, "job_nodes": null}, {"cmd": "python3 /rwthfs/rz/cluster/home/vx475510/miniforge3/envs/sparkle/lib/python3.10/site-packages/sparkle/solver/solver_cli.py --solver Solvers/TestSolver --instance Instances/Basic_6h_year/problem_instance_europe_jan_6h.json --run-index 55 --performance-dataframe Output/Performance_Data/performance_data.csv --cutoff-time 60 --log-dir Output/Configuration/Raw_Data/SMAC2/TestSolver_Basic_6h_year/validation   ", "working_dir": ".", "output_file": null, "stdout_file": "Output/Log/configure_solver_2025-04-22-12.14.54/SMAC2:_Validating_6_TestSolver_Configurations_on_Basic_6h_year-0040.out", "stderr_file": "Output/Log/configure_solver_2025-04-22-12.14.54/SMAC2:_Validating_6_TestSolver_Configurations_on_Basic_6h_year-0040.err", "slurm_job_id": "56309958_40", "job_state": null, "start_time_stamp": null, "end_time_stamp": null, "submit_time_stamp": null, "job_restarts": null, "job_qos": null, "job_partition": null, "job_nodes": null}, {"cmd": "python3 /rwthfs/rz/cluster/home/vx475510/miniforge3/envs/sparkle/lib/python3.10/site-packages/sparkle/solver/solver_cli.py --solver Solvers/TestSolver --instance Instances/Basic_6h_year/problem_instance_europe_jan_6h.json --run-index 56 --performance-dataframe Output/Performance_Data/performance_data.csv --cutoff-time 60 --log-dir Output/Configuration/Raw_Data/SMAC2/TestSolver_Basic_6h_year/validation   ", "working_dir": ".", "output_file": null, "stdout_file": "Output/Log/configure_solver_2025-04-22-12.14.54/SMAC2:_Validating_6_TestSolver_Configurations_on_Basic_6h_year-0041.out", "stderr_file": "Output/Log/configure_solver_2025-04-22-12.14.54/SMAC2:_Validating_6_TestSolver_Configurations_on_Basic_6h_year-0041.err", "slurm_job_id": "56309958_41", "job_state": null, "start_time_stamp": null, "end_time_stamp": null, "submit_time_stamp": null, "job_restarts": null, "job_qos": null, "job_partition": null, "job_nodes": null}, {"cmd": "python3 /rwthfs/rz/cluster/home/vx475510/miniforge3/envs/sparkle/lib/python3.10/site-packages/sparkle/solver/solver_cli.py --solver Solvers/TestSolver --instance Instances/Basic_6h_year/problem_instance_europe_sep_6h.json --run-index 51 --performance-dataframe Output/Performance_Data/performance_data.csv --cutoff-time 60 --log-dir Output/Configuration/Raw_Data/SMAC2/TestSolver_Basic_6h_year/validation   ", "working_dir": ".", "output_file": null, "stdout_file": "Output/Log/configure_solver_2025-04-22-12.14.54/SMAC2:_Validating_6_TestSolver_Configurations_on_Basic_6h_year-0042.out", "stderr_file": "Output/Log/configure_solver_2025-04-22-12.14.54/SMAC2:_Validating_6_TestSolver_Configurations_on_Basic_6h_year-0042.err", "slurm_job_id": "56309958_42", "job_state": null, "start_time_stamp": null, "end_time_stamp": null, "submit_time_stamp": null, "job_restarts": null, "job_qos": null, "job_partition": null, "job_nodes": null}, {"cmd": "python3 /rwthfs/rz/cluster/home/vx475510/miniforge3/envs/sparkle/lib/python3.10/site-packages/sparkle/solver/solver_cli.py --solver Solvers/TestSolver --instance Instances/Basic_6h_year/problem_instance_europe_sep_6h.json --run-index 52 --performance-dataframe Output/Performance_Data/performance_data.csv --cutoff-time 60 --log-dir Output/Configuration/Raw_Data/SMAC2/TestSolver_Basic_6h_year/validation   ", "working_dir": ".", "output_file": null, "stdout_file": "Output/Log/configure_solver_2025-04-22-12.14.54/SMAC2:_Validating_6_TestSolver_Configurations_on_Basic_6h_year-0043.out", "stderr_file": "Output/Log/configure_solver_2025-04-22-12.14.54/SMAC2:_Validating_6_TestSolver_Configurations_on_Basic_6h_year-0043.err", "slurm_job_id": "56309958_43", "job_state": null, "start_time_stamp": null, "end_time_stamp": null, "submit_time_stamp": null, "job_restarts": null, "job_qos": null, "job_partition": null, "job_nodes": null}, {"cmd": "python3 /rwthfs/rz/cluster/home/vx475510/miniforge3/envs/sparkle/lib/python3.10/site-packages/sparkle/solver/solver_cli.py --solver Solvers/TestSolver --instance Instances/Basic_6h_year/problem_instance_europe_sep_6h.json --run-index 53 --performance-dataframe Output/Performance_Data/performance_data.csv --cutoff-time 60 --log-dir Output/Configuration/Raw_Data/SMAC2/TestSolver_Basic_6h_year/validation   ", "working_dir": ".", "output_file": null, "stdout_file": "Output/Log/configure_solver_2025-04-22-12.14.54/SMAC2:_Validating_6_TestSolver_Configurations_on_Basic_6h_year-0044.out", "stderr_file": "Output/Log/configure_solver_2025-04-22-12.14.54/SMAC2:_Validating_6_TestSolver_Configurations_on_Basic_6h_year-0044.err", "slurm_job_id": "56309958_44", "job_state": null, "start_time_stamp": null, "end_time_stamp": null, "submit_time_stamp": null, "job_restarts": null, "job_qos": null, "job_partition": null, "job_nodes": null}, {"cmd": "python3 /rwthfs/rz/cluster/home/vx475510/miniforge3/envs/sparkle/lib/python3.10/site-packages/sparkle/solver/solver_cli.py --solver Solvers/TestSolver --instance Instances/Basic_6h_year/problem_instance_europe_sep_6h.json --run-index 54 --performance-dataframe Output/Performance_Data/performance_data.csv --cutoff-time 60 --log-dir Output/Configuration/Raw_Data/SMAC2/TestSolver_Basic_6h_year/validation   ", "working_dir": ".", "output_file": null, "stdout_file": "Output/Log/configure_solver_2025-04-22-12.14.54/SMAC2:_Validating_6_TestSolver_Configurations_on_Basic_6h_year-0045.out", "stderr_file": "Output/Log/configure_solver_2025-04-22-12.14.54/SMAC2:_Validating_6_TestSolver_Configurations_on_Basic_6h_year-0045.err", "slurm_job_id": "56309958_45", "job_state": null, "start_time_stamp": null, "end_time_stamp": null, "submit_time_stamp": null, "job_restarts": null, "job_qos": null, "job_partition": null, "job_nodes": null}, {"cmd": "python3 /rwthfs/rz/cluster/home/vx475510/miniforge3/envs/sparkle/lib/python3.10/site-packages/sparkle/solver/solver_cli.py --solver Solvers/TestSolver --instance Instances/Basic_6h_year/problem_instance_europe_sep_6h.json --run-index 55 --performance-dataframe Output/Performance_Data/performance_data.csv --cutoff-time 60 --log-dir Output/Configuration/Raw_Data/SMAC2/TestSolver_Basic_6h_year/validation   ", "working_dir": ".", "output_file": null, "stdout_file": "Output/Log/configure_solver_2025-04-22-12.14.54/SMAC2:_Validating_6_TestSolver_Configurations_on_Basic_6h_year-0046.out", "stderr_file": "Output/Log/configure_solver_2025-04-22-12.14.54/SMAC2:_Validating_6_TestSolver_Configurations_on_Basic_6h_year-0046.err", "slurm_job_id": "56309958_46", "job_state": null, "start_time_stamp": null, "end_time_stamp": null, "submit_time_stamp": null, "job_restarts": null, "job_qos": null, "job_partition": null, "job_nodes": null}, {"cmd": "python3 /rwthfs/rz/cluster/home/vx475510/miniforge3/envs/sparkle/lib/python3.10/site-packages/sparkle/solver/solver_cli.py --solver Solvers/TestSolver --instance Instances/Basic_6h_year/problem_instance_europe_sep_6h.json --run-index 56 --performance-dataframe Output/Performance_Data/performance_data.csv --cutoff-time 60 --log-dir Output/Configuration/Raw_Data/SMAC2/TestSolver_Basic_6h_year/validation   ", "working_dir": ".", "output_file": null, "stdout_file": "Output/Log/configure_solver_2025-04-22-12.14.54/SMAC2:_Validating_6_TestSolver_Configurations_on_Basic_6h_year-0047.out", "stderr_file": "Output/Log/configure_solver_2025-04-22-12.14.54/SMAC2:_Validating_6_TestSolver_Configurations_on_Basic_6h_year-0047.err", "slurm_job_id": "56309958_47", "job_state": null, "start_time_stamp": null, "end_time_stamp": null, "submit_time_stamp": null, "job_restarts": null, "job_qos": null, "job_partition": null, "job_nodes": null}, {"cmd": "python3 /rwthfs/rz/cluster/home/vx475510/miniforge3/envs/sparkle/lib/python3.10/site-packages/sparkle/solver/solver_cli.py --solver Solvers/TestSolver --instance Instances/Basic_6h_year/problem_instance_europe_jul_6h.json --run-index 51 --performance-dataframe Output/Performance_Data/performance_data.csv --cutoff-time 60 --log-dir Output/Configuration/Raw_Data/SMAC2/TestSolver_Basic_6h_year/validation   ", "working_dir": ".", "output_file": null, "stdout_file": "Output/Log/configure_solver_2025-04-22-12.14.54/SMAC2:_Validating_6_TestSolver_Configurations_on_Basic_6h_year-0048.out", "stderr_file": "Output/Log/configure_solver_2025-04-22-12.14.54/SMAC2:_Validating_6_TestSolver_Configurations_on_Basic_6h_year-0048.err", "slurm_job_id": "56309958_48", "job_state": null, "start_time_stamp": null, "end_time_stamp": null, "submit_time_stamp": null, "job_restarts": null, "job_qos": null, "job_partition": null, "job_nodes": null}, {"cmd": "python3 /rwthfs/rz/cluster/home/vx475510/miniforge3/envs/sparkle/lib/python3.10/site-packages/sparkle/solver/solver_cli.py --solver Solvers/TestSolver --instance Instances/Basic_6h_year/problem_instance_europe_jul_6h.json --run-index 52 --performance-dataframe Output/Performance_Data/performance_data.csv --cutoff-time 60 --log-dir Output/Configuration/Raw_Data/SMAC2/TestSolver_Basic_6h_year/validation   ", "working_dir": ".", "output_file": null, "stdout_file": "Output/Log/configure_solver_2025-04-22-12.14.54/SMAC2:_Validating_6_TestSolver_Configurations_on_Basic_6h_year-0049.out", "stderr_file": "Output/Log/configure_solver_2025-04-22-12.14.54/SMAC2:_Validating_6_TestSolver_Configurations_on_Basic_6h_year-0049.err", "slurm_job_id": "56309958_49", "job_state": null, "start_time_stamp": null, "end_time_stamp": null, "submit_time_stamp": null, "job_restarts": null, "job_qos": null, "job_partition": null, "job_nodes": null}, {"cmd": "python3 /rwthfs/rz/cluster/home/vx475510/miniforge3/envs/sparkle/lib/python3.10/site-packages/sparkle/solver/solver_cli.py --solver Solvers/TestSolver --instance Instances/Basic_6h_year/problem_instance_europe_jul_6h.json --run-index 53 --performance-dataframe Output/Performance_Data/performance_data.csv --cutoff-time 60 --log-dir Output/Configuration/Raw_Data/SMAC2/TestSolver_Basic_6h_year/validation   ", "working_dir": ".", "output_file": null, "stdout_file": "Output/Log/configure_solver_2025-04-22-12.14.54/SMAC2:_Validating_6_TestSolver_Configurations_on_Basic_6h_year-0050.out", "stderr_file": "Output/Log/configure_solver_2025-04-22-12.14.54/SMAC2:_Validating_6_TestSolver_Configurations_on_Basic_6h_year-0050.err", "slurm_job_id": "56309958_50", "job_state": null, "start_time_stamp": null, "end_time_stamp": null, "submit_time_stamp": null, "job_restarts": null, "job_qos": null, "job_partition": null, "job_nodes": null}, {"cmd": "python3 /rwthfs/rz/cluster/home/vx475510/miniforge3/envs/sparkle/lib/python3.10/site-packages/sparkle/solver/solver_cli.py --solver Solvers/TestSolver --instance Instances/Basic_6h_year/problem_instance_europe_jul_6h.json --run-index 54 --performance-dataframe Output/Performance_Data/performance_data.csv --cutoff-time 60 --log-dir Output/Configuration/Raw_Data/SMAC2/TestSolver_Basic_6h_year/validation   ", "working_dir": ".", "output_file": null, "stdout_file": "Output/Log/configure_solver_2025-04-22-12.14.54/SMAC2:_Validating_6_TestSolver_Configurations_on_Basic_6h_year-0051.out", "stderr_file": "Output/Log/configure_solver_2025-04-22-12.14.54/SMAC2:_Validating_6_TestSolver_Configurations_on_Basic_6h_year-0051.err", "slurm_job_id": "56309958_51", "job_state": null, "start_time_stamp": null, "end_time_stamp": null, "submit_time_stamp": null, "job_restarts": null, "job_qos": null, "job_partition": null, "job_nodes": null}, {"cmd": "python3 /rwthfs/rz/cluster/home/vx475510/miniforge3/envs/sparkle/lib/python3.10/site-packages/sparkle/solver/solver_cli.py --solver Solvers/TestSolver --instance Instances/Basic_6h_year/problem_instance_europe_jul_6h.json --run-index 55 --performance-dataframe Output/Performance_Data/performance_data.csv --cutoff-time 60 --log-dir Output/Configuration/Raw_Data/SMAC2/TestSolver_Basic_6h_year/validation   ", "working_dir": ".", "output_file": null, "stdout_file": "Output/Log/configure_solver_2025-04-22-12.14.54/SMAC2:_Validating_6_TestSolver_Configurations_on_Basic_6h_year-0052.out", "stderr_file": "Output/Log/configure_solver_2025-04-22-12.14.54/SMAC2:_Validating_6_TestSolver_Configurations_on_Basic_6h_year-0052.err", "slurm_job_id": "56309958_52", "job_state": null, "start_time_stamp": null, "end_time_stamp": null, "submit_time_stamp": null, "job_restarts": null, "job_qos": null, "job_partition": null, "job_nodes": null}, {"cmd": "python3 /rwthfs/rz/cluster/home/vx475510/miniforge3/envs/sparkle/lib/python3.10/site-packages/sparkle/solver/solver_cli.py --solver Solvers/TestSolver --instance Instances/Basic_6h_year/problem_instance_europe_jul_6h.json --run-index 56 --performance-dataframe Output/Performance_Data/performance_data.csv --cutoff-time 60 --log-dir Output/Configuration/Raw_Data/SMAC2/TestSolver_Basic_6h_year/validation   ", "working_dir": ".", "output_file": null, "stdout_file": "Output/Log/configure_solver_2025-04-22-12.14.54/SMAC2:_Validating_6_TestSolver_Configurations_on_Basic_6h_year-0053.out", "stderr_file": "Output/Log/configure_solver_2025-04-22-12.14.54/SMAC2:_Validating_6_TestSolver_Configurations_on_Basic_6h_year-0053.err", "slurm_job_id": "56309958_53", "job_state": null, "start_time_stamp": null, "end_time_stamp": null, "submit_time_stamp": null, "job_restarts": null, "job_qos": null, "job_partition": null, "job_nodes": null}, {"cmd": "python3 /rwthfs/rz/cluster/home/vx475510/miniforge3/envs/sparkle/lib/python3.10/site-packages/sparkle/solver/solver_cli.py --solver Solvers/TestSolver --instance Instances/Basic_6h_year/problem_instance_europe_jun_6h.json --run-index 51 --performance-dataframe Output/Performance_Data/performance_data.csv --cutoff-time 60 --log-dir Output/Configuration/Raw_Data/SMAC2/TestSolver_Basic_6h_year/validation   ", "working_dir": ".", "output_file": null, "stdout_file": "Output/Log/configure_solver_2025-04-22-12.14.54/SMAC2:_Validating_6_TestSolver_Configurations_on_Basic_6h_year-0054.out", "stderr_file": "Output/Log/configure_solver_2025-04-22-12.14.54/SMAC2:_Validating_6_TestSolver_Configurations_on_Basic_6h_year-0054.err", "slurm_job_id": "56309958_54", "job_state": null, "start_time_stamp": null, "end_time_stamp": null, "submit_time_stamp": null, "job_restarts": null, "job_qos": null, "job_partition": null, "job_nodes": null}, {"cmd": "python3 /rwthfs/rz/cluster/home/vx475510/miniforge3/envs/sparkle/lib/python3.10/site-packages/sparkle/solver/solver_cli.py --solver Solvers/TestSolver --instance Instances/Basic_6h_year/problem_instance_europe_jun_6h.json --run-index 52 --performance-dataframe Output/Performance_Data/performance_data.csv --cutoff-time 60 --log-dir Output/Configuration/Raw_Data/SMAC2/TestSolver_Basic_6h_year/validation   ", "working_dir": ".", "output_file": null, "stdout_file": "Output/Log/configure_solver_2025-04-22-12.14.54/SMAC2:_Validating_6_TestSolver_Configurations_on_Basic_6h_year-0055.out", "stderr_file": "Output/Log/configure_solver_2025-04-22-12.14.54/SMAC2:_Validating_6_TestSolver_Configurations_on_Basic_6h_year-0055.err", "slurm_job_id": "56309958_55", "job_state": null, "start_time_stamp": null, "end_time_stamp": null, "submit_time_stamp": null, "job_restarts": null, "job_qos": null, "job_partition": null, "job_nodes": null}, {"cmd": "python3 /rwthfs/rz/cluster/home/vx475510/miniforge3/envs/sparkle/lib/python3.10/site-packages/sparkle/solver/solver_cli.py --solver Solvers/TestSolver --instance Instances/Basic_6h_year/problem_instance_europe_jun_6h.json --run-index 53 --performance-dataframe Output/Performance_Data/performance_data.csv --cutoff-time 60 --log-dir Output/Configuration/Raw_Data/SMAC2/TestSolver_Basic_6h_year/validation   ", "working_dir": ".", "output_file": null, "stdout_file": "Output/Log/configure_solver_2025-04-22-12.14.54/SMAC2:_Validating_6_TestSolver_Configurations_on_Basic_6h_year-0056.out", "stderr_file": "Output/Log/configure_solver_2025-04-22-12.14.54/SMAC2:_Validating_6_TestSolver_Configurations_on_Basic_6h_year-0056.err", "slurm_job_id": "56309958_56", "job_state": null, "start_time_stamp": null, "end_time_stamp": null, "submit_time_stamp": null, "job_restarts": null, "job_qos": null, "job_partition": null, "job_nodes": null}, {"cmd": "python3 /rwthfs/rz/cluster/home/vx475510/miniforge3/envs/sparkle/lib/python3.10/site-packages/sparkle/solver/solver_cli.py --solver Solvers/TestSolver --instance Instances/Basic_6h_year/problem_instance_europe_jun_6h.json --run-index 54 --performance-dataframe Output/Performance_Data/performance_data.csv --cutoff-time 60 --log-dir Output/Configuration/Raw_Data/SMAC2/TestSolver_Basic_6h_year/validation   ", "working_dir": ".", "output_file": null, "stdout_file": "Output/Log/configure_solver_2025-04-22-12.14.54/SMAC2:_Validating_6_TestSolver_Configurations_on_Basic_6h_year-0057.out", "stderr_file": "Output/Log/configure_solver_2025-04-22-12.14.54/SMAC2:_Validating_6_TestSolver_Configurations_on_Basic_6h_year-0057.err", "slurm_job_id": "56309958_57", "job_state": null, "start_time_stamp": null, "end_time_stamp": null, "submit_time_stamp": null, "job_restarts": null, "job_qos": null, "job_partition": null, "job_nodes": null}, {"cmd": "python3 /rwthfs/rz/cluster/home/vx475510/miniforge3/envs/sparkle/lib/python3.10/site-packages/sparkle/solver/solver_cli.py --solver Solvers/TestSolver --instance Instances/Basic_6h_year/problem_instance_europe_jun_6h.json --run-index 55 --performance-dataframe Output/Performance_Data/performance_data.csv --cutoff-time 60 --log-dir Output/Configuration/Raw_Data/SMAC2/TestSolver_Basic_6h_year/validation   ", "working_dir": ".", "output_file": null, "stdout_file": "Output/Log/configure_solver_2025-04-22-12.14.54/SMAC2:_Validating_6_TestSolver_Configurations_on_Basic_6h_year-0058.out", "stderr_file": "Output/Log/configure_solver_2025-04-22-12.14.54/SMAC2:_Validating_6_TestSolver_Configurations_on_Basic_6h_year-0058.err", "slurm_job_id": "56309958_58", "job_state": null, "start_time_stamp": null, "end_time_stamp": null, "submit_time_stamp": null, "job_restarts": null, "job_qos": null, "job_partition": null, "job_nodes": null}, {"cmd": "python3 /rwthfs/rz/cluster/home/vx475510/miniforge3/envs/sparkle/lib/python3.10/site-packages/sparkle/solver/solver_cli.py --solver Solvers/TestSolver --instance Instances/Basic_6h_year/problem_instance_europe_jun_6h.json --run-index 56 --performance-dataframe Output/Performance_Data/performance_data.csv --cutoff-time 60 --log-dir Output/Configuration/Raw_Data/SMAC2/TestSolver_Basic_6h_year/validation   ", "working_dir": ".", "output_file": null, "stdout_file": "Output/Log/configure_solver_2025-04-22-12.14.54/SMAC2:_Validating_6_TestSolver_Configurations_on_Basic_6h_year-0059.out", "stderr_file": "Output/Log/configure_solver_2025-04-22-12.14.54/SMAC2:_Validating_6_TestSolver_Configurations_on_Basic_6h_year-0059.err", "slurm_job_id": "56309958_59", "job_state": null, "start_time_stamp": null, "end_time_stamp": null, "submit_time_stamp": null, "job_restarts": null, "job_qos": null, "job_partition": null, "job_nodes": null}, {"cmd": "python3 /rwthfs/rz/cluster/home/vx475510/miniforge3/envs/sparkle/lib/python3.10/site-packages/sparkle/solver/solver_cli.py --solver Solvers/TestSolver --instance Instances/Basic_6h_year/problem_instance_europe_aug_6h.json --run-index 51 --performance-dataframe Output/Performance_Data/performance_data.csv --cutoff-time 60 --log-dir Output/Configuration/Raw_Data/SMAC2/TestSolver_Basic_6h_year/validation   ", "working_dir": ".", "output_file": null, "stdout_file": "Output/Log/configure_solver_2025-04-22-12.14.54/SMAC2:_Validating_6_TestSolver_Configurations_on_Basic_6h_year-0060.out", "stderr_file": "Output/Log/configure_solver_2025-04-22-12.14.54/SMAC2:_Validating_6_TestSolver_Configurations_on_Basic_6h_year-0060.err", "slurm_job_id": "56309958_60", "job_state": null, "start_time_stamp": null, "end_time_stamp": null, "submit_time_stamp": null, "job_restarts": null, "job_qos": null, "job_partition": null, "job_nodes": null}, {"cmd": "python3 /rwthfs/rz/cluster/home/vx475510/miniforge3/envs/sparkle/lib/python3.10/site-packages/sparkle/solver/solver_cli.py --solver Solvers/TestSolver --instance Instances/Basic_6h_year/problem_instance_europe_aug_6h.json --run-index 52 --performance-dataframe Output/Performance_Data/performance_data.csv --cutoff-time 60 --log-dir Output/Configuration/Raw_Data/SMAC2/TestSolver_Basic_6h_year/validation   ", "working_dir": ".", "output_file": null, "stdout_file": "Output/Log/configure_solver_2025-04-22-12.14.54/SMAC2:_Validating_6_TestSolver_Configurations_on_Basic_6h_year-0061.out", "stderr_file": "Output/Log/configure_solver_2025-04-22-12.14.54/SMAC2:_Validating_6_TestSolver_Configurations_on_Basic_6h_year-0061.err", "slurm_job_id": "56309958_61", "job_state": null, "start_time_stamp": null, "end_time_stamp": null, "submit_time_stamp": null, "job_restarts": null, "job_qos": null, "job_partition": null, "job_nodes": null}, {"cmd": "python3 /rwthfs/rz/cluster/home/vx475510/miniforge3/envs/sparkle/lib/python3.10/site-packages/sparkle/solver/solver_cli.py --solver Solvers/TestSolver --instance Instances/Basic_6h_year/problem_instance_europe_aug_6h.json --run-index 53 --performance-dataframe Output/Performance_Data/performance_data.csv --cutoff-time 60 --log-dir Output/Configuration/Raw_Data/SMAC2/TestSolver_Basic_6h_year/validation   ", "working_dir": ".", "output_file": null, "stdout_file": "Output/Log/configure_solver_2025-04-22-12.14.54/SMAC2:_Validating_6_TestSolver_Configurations_on_Basic_6h_year-0062.out", "stderr_file": "Output/Log/configure_solver_2025-04-22-12.14.54/SMAC2:_Validating_6_TestSolver_Configurations_on_Basic_6h_year-0062.err", "slurm_job_id": "56309958_62", "job_state": null, "start_time_stamp": null, "end_time_stamp": null, "submit_time_stamp": null, "job_restarts": null, "job_qos": null, "job_partition": null, "job_nodes": null}, {"cmd": "python3 /rwthfs/rz/cluster/home/vx475510/miniforge3/envs/sparkle/lib/python3.10/site-packages/sparkle/solver/solver_cli.py --solver Solvers/TestSolver --instance Instances/Basic_6h_year/problem_instance_europe_aug_6h.json --run-index 54 --performance-dataframe Output/Performance_Data/performance_data.csv --cutoff-time 60 --log-dir Output/Configuration/Raw_Data/SMAC2/TestSolver_Basic_6h_year/validation   ", "working_dir": ".", "output_file": null, "stdout_file": "Output/Log/configure_solver_2025-04-22-12.14.54/SMAC2:_Validating_6_TestSolver_Configurations_on_Basic_6h_year-0063.out", "stderr_file": "Output/Log/configure_solver_2025-04-22-12.14.54/SMAC2:_Validating_6_TestSolver_Configurations_on_Basic_6h_year-0063.err", "slurm_job_id": "56309958_63", "job_state": null, "start_time_stamp": null, "end_time_stamp": null, "submit_time_stamp": null, "job_restarts": null, "job_qos": null, "job_partition": null, "job_nodes": null}, {"cmd": "python3 /rwthfs/rz/cluster/home/vx475510/miniforge3/envs/sparkle/lib/python3.10/site-packages/sparkle/solver/solver_cli.py --solver Solvers/TestSolver --instance Instances/Basic_6h_year/problem_instance_europe_aug_6h.json --run-index 55 --performance-dataframe Output/Performance_Data/performance_data.csv --cutoff-time 60 --log-dir Output/Configuration/Raw_Data/SMAC2/TestSolver_Basic_6h_year/validation   ", "working_dir": ".", "output_file": null, "stdout_file": "Output/Log/configure_solver_2025-04-22-12.14.54/SMAC2:_Validating_6_TestSolver_Configurations_on_Basic_6h_year-0064.out", "stderr_file": "Output/Log/configure_solver_2025-04-22-12.14.54/SMAC2:_Validating_6_TestSolver_Configurations_on_Basic_6h_year-0064.err", "slurm_job_id": "56309958_64", "job_state": null, "start_time_stamp": null, "end_time_stamp": null, "submit_time_stamp": null, "job_restarts": null, "job_qos": null, "job_partition": null, "job_nodes": null}, {"cmd": "python3 /rwthfs/rz/cluster/home/vx475510/miniforge3/envs/sparkle/lib/python3.10/site-packages/sparkle/solver/solver_cli.py --solver Solvers/TestSolver --instance Instances/Basic_6h_year/problem_instance_europe_aug_6h.json --run-index 56 --performance-dataframe Output/Performance_Data/performance_data.csv --cutoff-time 60 --log-dir Output/Configuration/Raw_Data/SMAC2/TestSolver_Basic_6h_year/validation   ", "working_dir": ".", "output_file": null, "stdout_file": "Output/Log/configure_solver_2025-04-22-12.14.54/SMAC2:_Validating_6_TestSolver_Configurations_on_Basic_6h_year-0065.out", "stderr_file": "Output/Log/configure_solver_2025-04-22-12.14.54/SMAC2:_Validating_6_TestSolver_Configurations_on_Basic_6h_year-0065.err", "slurm_job_id": "56309958_65", "job_state": null, "start_time_stamp": null, "end_time_stamp": null, "submit_time_stamp": null, "job_restarts": null, "job_qos": null, "job_partition": null, "job_nodes": null}, {"cmd": "python3 /rwthfs/rz/cluster/home/vx475510/miniforge3/envs/sparkle/lib/python3.10/site-packages/sparkle/solver/solver_cli.py --solver Solvers/TestSolver --instance Instances/Basic_6h_year/problem_instance_europe_feb_6h.json --run-index 51 --performance-dataframe Output/Performance_Data/performance_data.csv --cutoff-time 60 --log-dir Output/Configuration/Raw_Data/SMAC2/TestSolver_Basic_6h_year/validation   ", "working_dir": ".", "output_file": null, "stdout_file": "Output/Log/configure_solver_2025-04-22-12.14.54/SMAC2:_Validating_6_TestSolver_Configurations_on_Basic_6h_year-0066.out", "stderr_file": "Output/Log/configure_solver_2025-04-22-12.14.54/SMAC2:_Validating_6_TestSolver_Configurations_on_Basic_6h_year-0066.err", "slurm_job_id": "56309958_66", "job_state": null, "start_time_stamp": null, "end_time_stamp": null, "submit_time_stamp": null, "job_restarts": null, "job_qos": null, "job_partition": null, "job_nodes": null}, {"cmd": "python3 /rwthfs/rz/cluster/home/vx475510/miniforge3/envs/sparkle/lib/python3.10/site-packages/sparkle/solver/solver_cli.py --solver Solvers/TestSolver --instance Instances/Basic_6h_year/problem_instance_europe_feb_6h.json --run-index 52 --performance-dataframe Output/Performance_Data/performance_data.csv --cutoff-time 60 --log-dir Output/Configuration/Raw_Data/SMAC2/TestSolver_Basic_6h_year/validation   ", "working_dir": ".", "output_file": null, "stdout_file": "Output/Log/configure_solver_2025-04-22-12.14.54/SMAC2:_Validating_6_TestSolver_Configurations_on_Basic_6h_year-0067.out", "stderr_file": "Output/Log/configure_solver_2025-04-22-12.14.54/SMAC2:_Validating_6_TestSolver_Configurations_on_Basic_6h_year-0067.err", "slurm_job_id": "56309958_67", "job_state": null, "start_time_stamp": null, "end_time_stamp": null, "submit_time_stamp": null, "job_restarts": null, "job_qos": null, "job_partition": null, "job_nodes": null}, {"cmd": "python3 /rwthfs/rz/cluster/home/vx475510/miniforge3/envs/sparkle/lib/python3.10/site-packages/sparkle/solver/solver_cli.py --solver Solvers/TestSolver --instance Instances/Basic_6h_year/problem_instance_europe_feb_6h.json --run-index 53 --performance-dataframe Output/Performance_Data/performance_data.csv --cutoff-time 60 --log-dir Output/Configuration/Raw_Data/SMAC2/TestSolver_Basic_6h_year/validation   ", "working_dir": ".", "output_file": null, "stdout_file": "Output/Log/configure_solver_2025-04-22-12.14.54/SMAC2:_Validating_6_TestSolver_Configurations_on_Basic_6h_year-0068.out", "stderr_file": "Output/Log/configure_solver_2025-04-22-12.14.54/SMAC2:_Validating_6_TestSolver_Configurations_on_Basic_6h_year-0068.err", "slurm_job_id": "56309958_68", "job_state": null, "start_time_stamp": null, "end_time_stamp": null, "submit_time_stamp": null, "job_restarts": null, "job_qos": null, "job_partition": null, "job_nodes": null}, {"cmd": "python3 /rwthfs/rz/cluster/home/vx475510/miniforge3/envs/sparkle/lib/python3.10/site-packages/sparkle/solver/solver_cli.py --solver Solvers/TestSolver --instance Instances/Basic_6h_year/problem_instance_europe_feb_6h.json --run-index 54 --performance-dataframe Output/Performance_Data/performance_data.csv --cutoff-time 60 --log-dir Output/Configuration/Raw_Data/SMAC2/TestSolver_Basic_6h_year/validation   ", "working_dir": ".", "output_file": null, "stdout_file": "Output/Log/configure_solver_2025-04-22-12.14.54/SMAC2:_Validating_6_TestSolver_Configurations_on_Basic_6h_year-0069.out", "stderr_file": "Output/Log/configure_solver_2025-04-22-12.14.54/SMAC2:_Validating_6_TestSolver_Configurations_on_Basic_6h_year-0069.err", "slurm_job_id": "56309958_69", "job_state": null, "start_time_stamp": null, "end_time_stamp": null, "submit_time_stamp": null, "job_restarts": null, "job_qos": null, "job_partition": null, "job_nodes": null}, {"cmd": "python3 /rwthfs/rz/cluster/home/vx475510/miniforge3/envs/sparkle/lib/python3.10/site-packages/sparkle/solver/solver_cli.py --solver Solvers/TestSolver --instance Instances/Basic_6h_year/problem_instance_europe_feb_6h.json --run-index 55 --performance-dataframe Output/Performance_Data/performance_data.csv --cutoff-time 60 --log-dir Output/Configuration/Raw_Data/SMAC2/TestSolver_Basic_6h_year/validation   ", "working_dir": ".", "output_file": null, "stdout_file": "Output/Log/configure_solver_2025-04-22-12.14.54/SMAC2:_Validating_6_TestSolver_Configurations_on_Basic_6h_year-0070.out", "stderr_file": "Output/Log/configure_solver_2025-04-22-12.14.54/SMAC2:_Validating_6_TestSolver_Configurations_on_Basic_6h_year-0070.err", "slurm_job_id": "56309958_70", "job_state": null, "start_time_stamp": null, "end_time_stamp": null, "submit_time_stamp": null, "job_restarts": null, "job_qos": null, "job_partition": null, "job_nodes": null}, {"cmd": "python3 /rwthfs/rz/cluster/home/vx475510/miniforge3/envs/sparkle/lib/python3.10/site-packages/sparkle/solver/solver_cli.py --solver Solvers/TestSolver --instance Instances/Basic_6h_year/problem_instance_europe_feb_6h.json --run-index 56 --performance-dataframe Output/Performance_Data/performance_data.csv --cutoff-time 60 --log-dir Output/Configuration/Raw_Data/SMAC2/TestSolver_Basic_6h_year/validation   ", "working_dir": ".", "output_file": null, "stdout_file": "Output/Log/configure_solver_2025-04-22-12.14.54/SMAC2:_Validating_6_TestSolver_Configurations_on_Basic_6h_year-0071.out", "stderr_file": "Output/Log/configure_solver_2025-04-22-12.14.54/SMAC2:_Validating_6_TestSolver_Configurations_on_Basic_6h_year-0071.err", "slurm_job_id": "56309958_71", "job_state": null, "start_time_stamp": null, "end_time_stamp": null, "submit_time_stamp": null, "job_restarts": null, "job_qos": null, "job_partition": null, "job_nodes": null}], "parallel_jobs": 72, "submitted": true, "run_id": "56309958", "prepend": "export CONDA_ROOT=$HOME/miniforge3\nsource $CONDA_ROOT/etc/profile.d/conda.sh\nexport PATH=\"$CONDA_ROOT/bin:$PATH\"\nconda activate sparkle"}