{"name": "SMAC2: TestSolver on Basic_6h_year", "base_dir": "Output/Log/configure_solver_2025-04-22-12.14.54", "dependencies": [], "sbatch_options": ["--qos=normal", "--mem=10000", "--time=20:00", "--partition=c23ms"], "srun_options": [], "jobs": [{"cmd": "python3 /rwthfs/rz/cluster/home/vx475510/miniforge3/envs/sparkle/lib/python3.10/site-packages/sparkle/configurator/configurator_cli.py SMAC2 /rwthfs/rz/cluster/home/vx475510/satellite-operations-planning/sparkle/Output/Configuration/Raw_Data/SMAC2/TestSolver_Basic_6h_year/results/TestSolver_Basic_6h_year_seed_51_smac.txt Output/Performance_Data/performance_data.csv Output/Configuration/Raw_Data/SMAC2/TestSolver_Basic_6h_year/TestSolver_Basic_6h_year_scenario.txt 51 /rwthfs/rz/cluster/home/vx475510/miniforge3/envs/sparkle/lib/python3.10/site-packages/sparkle/Components/smac2-v2.10.03-master-778/smac --scenario-file Output/Configuration/Raw_Data/SMAC2/TestSolver_Basic_6h_year/TestSolver_Basic_6h_year_scenario.txt --seed 51 ", "working_dir": ".", "output_file": "/rwthfs/rz/cluster/home/vx475510/satellite-operations-planning/sparkle/Output/Configuration/Raw_Data/SMAC2/TestSolver_Basic_6h_year/results/TestSolver_Basic_6h_year_seed_51_smac.txt", "stdout_file": "Output/Log/configure_solver_2025-04-22-12.14.54/SMAC2:_TestSolver_on_Basic_6h_year-0000.out", "stderr_file": "Output/Log/configure_solver_2025-04-22-12.14.54/SMAC2:_TestSolver_on_Basic_6h_year-0000.err", "slurm_job_id": "56309957_0", "job_state": null, "start_time_stamp": null, "end_time_stamp": null, "submit_time_stamp": null, "job_restarts": null, "job_qos": null, "job_partition": null, "job_nodes": null}, {"cmd": "python3 /rwthfs/rz/cluster/home/vx475510/miniforge3/envs/sparkle/lib/python3.10/site-packages/sparkle/configurator/configurator_cli.py SMAC2 /rwthfs/rz/cluster/home/vx475510/satellite-operations-planning/sparkle/Output/Configuration/Raw_Data/SMAC2/TestSolver_Basic_6h_year/results/TestSolver_Basic_6h_year_seed_52_smac.txt Output/Performance_Data/performance_data.csv Output/Configuration/Raw_Data/SMAC2/TestSolver_Basic_6h_year/TestSolver_Basic_6h_year_scenario.txt 52 /rwthfs/rz/cluster/home/vx475510/miniforge3/envs/sparkle/lib/python3.10/site-packages/sparkle/Components/smac2-v2.10.03-master-778/smac --scenario-file Output/Configuration/Raw_Data/SMAC2/TestSolver_Basic_6h_year/TestSolver_Basic_6h_year_scenario.txt --seed 52 ", "working_dir": ".", "output_file": "/rwthfs/rz/cluster/home/vx475510/satellite-operations-planning/sparkle/Output/Configuration/Raw_Data/SMAC2/TestSolver_Basic_6h_year/results/TestSolver_Basic_6h_year_seed_52_smac.txt", "stdout_file": "Output/Log/configure_solver_2025-04-22-12.14.54/SMAC2:_TestSolver_on_Basic_6h_year-0001.out", "stderr_file": "Output/Log/configure_solver_2025-04-22-12.14.54/SMAC2:_TestSolver_on_Basic_6h_year-0001.err", "slurm_job_id": "56309957_1", "job_state": null, "start_time_stamp": null, "end_time_stamp": null, "submit_time_stamp": null, "job_restarts": null, "job_qos": null, "job_partition": null, "job_nodes": null}, {"cmd": "python3 /rwthfs/rz/cluster/home/vx475510/miniforge3/envs/sparkle/lib/python3.10/site-packages/sparkle/configurator/configurator_cli.py SMAC2 /rwthfs/rz/cluster/home/vx475510/satellite-operations-planning/sparkle/Output/Configuration/Raw_Data/SMAC2/TestSolver_Basic_6h_year/results/TestSolver_Basic_6h_year_seed_53_smac.txt Output/Performance_Data/performance_data.csv Output/Configuration/Raw_Data/SMAC2/TestSolver_Basic_6h_year/TestSolver_Basic_6h_year_scenario.txt 53 /rwthfs/rz/cluster/home/vx475510/miniforge3/envs/sparkle/lib/python3.10/site-packages/sparkle/Components/smac2-v2.10.03-master-778/smac --scenario-file Output/Configuration/Raw_Data/SMAC2/TestSolver_Basic_6h_year/TestSolver_Basic_6h_year_scenario.txt --seed 53 ", "working_dir": ".", "output_file": "/rwthfs/rz/cluster/home/vx475510/satellite-operations-planning/sparkle/Output/Configuration/Raw_Data/SMAC2/TestSolver_Basic_6h_year/results/TestSolver_Basic_6h_year_seed_53_smac.txt", "stdout_file": "Output/Log/configure_solver_2025-04-22-12.14.54/SMAC2:_TestSolver_on_Basic_6h_year-0002.out", "stderr_file": "Output/Log/configure_solver_2025-04-22-12.14.54/SMAC2:_TestSolver_on_Basic_6h_year-0002.err", "slurm_job_id": "56309957_2", "job_state": null, "start_time_stamp": null, "end_time_stamp": null, "submit_time_stamp": null, "job_restarts": null, "job_qos": null, "job_partition": null, "job_nodes": null}, {"cmd": "python3 /rwthfs/rz/cluster/home/vx475510/miniforge3/envs/sparkle/lib/python3.10/site-packages/sparkle/configurator/configurator_cli.py SMAC2 /rwthfs/rz/cluster/home/vx475510/satellite-operations-planning/sparkle/Output/Configuration/Raw_Data/SMAC2/TestSolver_Basic_6h_year/results/TestSolver_Basic_6h_year_seed_54_smac.txt Output/Performance_Data/performance_data.csv Output/Configuration/Raw_Data/SMAC2/TestSolver_Basic_6h_year/TestSolver_Basic_6h_year_scenario.txt 54 /rwthfs/rz/cluster/home/vx475510/miniforge3/envs/sparkle/lib/python3.10/site-packages/sparkle/Components/smac2-v2.10.03-master-778/smac --scenario-file Output/Configuration/Raw_Data/SMAC2/TestSolver_Basic_6h_year/TestSolver_Basic_6h_year_scenario.txt --seed 54 ", "working_dir": ".", "output_file": "/rwthfs/rz/cluster/home/vx475510/satellite-operations-planning/sparkle/Output/Configuration/Raw_Data/SMAC2/TestSolver_Basic_6h_year/results/TestSolver_Basic_6h_year_seed_54_smac.txt", "stdout_file": "Output/Log/configure_solver_2025-04-22-12.14.54/SMAC2:_TestSolver_on_Basic_6h_year-0003.out", "stderr_file": "Output/Log/configure_solver_2025-04-22-12.14.54/SMAC2:_TestSolver_on_Basic_6h_year-0003.err", "slurm_job_id": "56309957_3", "job_state": null, "start_time_stamp": null, "end_time_stamp": null, "submit_time_stamp": null, "job_restarts": null, "job_qos": null, "job_partition": null, "job_nodes": null}, {"cmd": "python3 /rwthfs/rz/cluster/home/vx475510/miniforge3/envs/sparkle/lib/python3.10/site-packages/sparkle/configurator/configurator_cli.py SMAC2 /rwthfs/rz/cluster/home/vx475510/satellite-operations-planning/sparkle/Output/Configuration/Raw_Data/SMAC2/TestSolver_Basic_6h_year/results/TestSolver_Basic_6h_year_seed_55_smac.txt Output/Performance_Data/performance_data.csv Output/Configuration/Raw_Data/SMAC2/TestSolver_Basic_6h_year/TestSolver_Basic_6h_year_scenario.txt 55 /rwthfs/rz/cluster/home/vx475510/miniforge3/envs/sparkle/lib/python3.10/site-packages/sparkle/Components/smac2-v2.10.03-master-778/smac --scenario-file Output/Configuration/Raw_Data/SMAC2/TestSolver_Basic_6h_year/TestSolver_Basic_6h_year_scenario.txt --seed 55 ", "working_dir": ".", "output_file": "/rwthfs/rz/cluster/home/vx475510/satellite-operations-planning/sparkle/Output/Configuration/Raw_Data/SMAC2/TestSolver_Basic_6h_year/results/TestSolver_Basic_6h_year_seed_55_smac.txt", "stdout_file": "Output/Log/configure_solver_2025-04-22-12.14.54/SMAC2:_TestSolver_on_Basic_6h_year-0004.out", "stderr_file": "Output/Log/configure_solver_2025-04-22-12.14.54/SMAC2:_TestSolver_on_Basic_6h_year-0004.err", "slurm_job_id": "56309957_4", "job_state": null, "start_time_stamp": null, "end_time_stamp": null, "submit_time_stamp": null, "job_restarts": null, "job_qos": null, "job_partition": null, "job_nodes": null}, {"cmd": "python3 /rwthfs/rz/cluster/home/vx475510/miniforge3/envs/sparkle/lib/python3.10/site-packages/sparkle/configurator/configurator_cli.py SMAC2 /rwthfs/rz/cluster/home/vx475510/satellite-operations-planning/sparkle/Output/Configuration/Raw_Data/SMAC2/TestSolver_Basic_6h_year/results/TestSolver_Basic_6h_year_seed_56_smac.txt Output/Performance_Data/performance_data.csv Output/Configuration/Raw_Data/SMAC2/TestSolver_Basic_6h_year/TestSolver_Basic_6h_year_scenario.txt 56 /rwthfs/rz/cluster/home/vx475510/miniforge3/envs/sparkle/lib/python3.10/site-packages/sparkle/Components/smac2-v2.10.03-master-778/smac --scenario-file Output/Configuration/Raw_Data/SMAC2/TestSolver_Basic_6h_year/TestSolver_Basic_6h_year_scenario.txt --seed 56 ", "working_dir": ".", "output_file": "/rwthfs/rz/cluster/home/vx475510/satellite-operations-planning/sparkle/Output/Configuration/Raw_Data/SMAC2/TestSolver_Basic_6h_year/results/TestSolver_Basic_6h_year_seed_56_smac.txt", "stdout_file": "Output/Log/configure_solver_2025-04-22-12.14.54/SMAC2:_TestSolver_on_Basic_6h_year-0005.out", "stderr_file": "Output/Log/configure_solver_2025-04-22-12.14.54/SMAC2:_TestSolver_on_Basic_6h_year-0005.err", "slurm_job_id": "56309957_5", "job_state": null, "start_time_stamp": null, "end_time_stamp": null, "submit_time_stamp": null, "job_restarts": null, "job_qos": null, "job_partition": null, "job_nodes": null}], "parallel_jobs": 25, "submitted": true, "run_id": "56309957", "prepend": "export CONDA_ROOT=$HOME/miniforge3\nsource $CONDA_ROOT/etc/profile.d/conda.sh\nexport PATH=\"$CONDA_ROOT/bin:$PATH\"\nconda activate sparkle"}