{"name": "SMAC2: TestSolver on Basic_6h_year", "base_dir": "Output/Log/configure_solver_2025-04-22-12.09.11", "dependencies": [], "sbatch_options": ["--qos=normal", "--mem=10000", "--time=20:00", "--partition=c23ms"], "srun_options": [], "jobs": [{"cmd": "python3 /rwthfs/rz/cluster/home/vx475510/miniforge3/envs/sparkle/lib/python3.10/site-packages/sparkle/configurator/configurator_cli.py SMAC2 /rwthfs/rz/cluster/home/vx475510/satellite-operations-planning/sparkle/Output/Configuration/Raw_Data/SMAC2/TestSolver_Basic_6h_year/results/TestSolver_Basic_6h_year_seed_2_smac.txt Output/Performance_Data/performance_data.csv Output/Configuration/Raw_Data/SMAC2/TestSolver_Basic_6h_year/TestSolver_Basic_6h_year_scenario.txt 2 /rwthfs/rz/cluster/home/vx475510/miniforge3/envs/sparkle/lib/python3.10/site-packages/sparkle/Components/smac2-v2.10.03-master-778/smac --scenario-file Output/Configuration/Raw_Data/SMAC2/TestSolver_Basic_6h_year/TestSolver_Basic_6h_year_scenario.txt --seed 2 ", "working_dir": ".", "output_file": "/rwthfs/rz/cluster/home/vx475510/satellite-operations-planning/sparkle/Output/Configuration/Raw_Data/SMAC2/TestSolver_Basic_6h_year/results/TestSolver_Basic_6h_year_seed_2_smac.txt", "stdout_file": "Output/Log/configure_solver_2025-04-22-12.09.11/SMAC2:_TestSolver_on_Basic_6h_year-0000.out", "stderr_file": "Output/Log/configure_solver_2025-04-22-12.09.11/SMAC2:_TestSolver_on_Basic_6h_year-0000.err", "slurm_job_id": "56309848_0", "job_state": null, "start_time_stamp": null, "end_time_stamp": null, "submit_time_stamp": null, "job_restarts": null, "job_qos": null, "job_partition": null, "job_nodes": null}, {"cmd": "python3 /rwthfs/rz/cluster/home/vx475510/miniforge3/envs/sparkle/lib/python3.10/site-packages/sparkle/configurator/configurator_cli.py SMAC2 /rwthfs/rz/cluster/home/vx475510/satellite-operations-planning/sparkle/Output/Configuration/Raw_Data/SMAC2/TestSolver_Basic_6h_year/results/TestSolver_Basic_6h_year_seed_3_smac.txt Output/Performance_Data/performance_data.csv Output/Configuration/Raw_Data/SMAC2/TestSolver_Basic_6h_year/TestSolver_Basic_6h_year_scenario.txt 3 /rwthfs/rz/cluster/home/vx475510/miniforge3/envs/sparkle/lib/python3.10/site-packages/sparkle/Components/smac2-v2.10.03-master-778/smac --scenario-file Output/Configuration/Raw_Data/SMAC2/TestSolver_Basic_6h_year/TestSolver_Basic_6h_year_scenario.txt --seed 3 ", "working_dir": ".", "output_file": "/rwthfs/rz/cluster/home/vx475510/satellite-operations-planning/sparkle/Output/Configuration/Raw_Data/SMAC2/TestSolver_Basic_6h_year/results/TestSolver_Basic_6h_year_seed_3_smac.txt", "stdout_file": "Output/Log/configure_solver_2025-04-22-12.09.11/SMAC2:_TestSolver_on_Basic_6h_year-0001.out", "stderr_file": "Output/Log/configure_solver_2025-04-22-12.09.11/SMAC2:_TestSolver_on_Basic_6h_year-0001.err", "slurm_job_id": "56309848_1", "job_state": null, "start_time_stamp": null, "end_time_stamp": null, "submit_time_stamp": null, "job_restarts": null, "job_qos": null, "job_partition": null, "job_nodes": null}, {"cmd": "python3 /rwthfs/rz/cluster/home/vx475510/miniforge3/envs/sparkle/lib/python3.10/site-packages/sparkle/configurator/configurator_cli.py SMAC2 /rwthfs/rz/cluster/home/vx475510/satellite-operations-planning/sparkle/Output/Configuration/Raw_Data/SMAC2/TestSolver_Basic_6h_year/results/TestSolver_Basic_6h_year_seed_4_smac.txt Output/Performance_Data/performance_data.csv Output/Configuration/Raw_Data/SMAC2/TestSolver_Basic_6h_year/TestSolver_Basic_6h_year_scenario.txt 4 /rwthfs/rz/cluster/home/vx475510/miniforge3/envs/sparkle/lib/python3.10/site-packages/sparkle/Components/smac2-v2.10.03-master-778/smac --scenario-file Output/Configuration/Raw_Data/SMAC2/TestSolver_Basic_6h_year/TestSolver_Basic_6h_year_scenario.txt --seed 4 ", "working_dir": ".", "output_file": "/rwthfs/rz/cluster/home/vx475510/satellite-operations-planning/sparkle/Output/Configuration/Raw_Data/SMAC2/TestSolver_Basic_6h_year/results/TestSolver_Basic_6h_year_seed_4_smac.txt", "stdout_file": "Output/Log/configure_solver_2025-04-22-12.09.11/SMAC2:_TestSolver_on_Basic_6h_year-0002.out", "stderr_file": "Output/Log/configure_solver_2025-04-22-12.09.11/SMAC2:_TestSolver_on_Basic_6h_year-0002.err", "slurm_job_id": "56309848_2", "job_state": null, "start_time_stamp": null, "end_time_stamp": null, "submit_time_stamp": null, "job_restarts": null, "job_qos": null, "job_partition": null, "job_nodes": null}, {"cmd": "python3 /rwthfs/rz/cluster/home/vx475510/miniforge3/envs/sparkle/lib/python3.10/site-packages/sparkle/configurator/configurator_cli.py SMAC2 /rwthfs/rz/cluster/home/vx475510/satellite-operations-planning/sparkle/Output/Configuration/Raw_Data/SMAC2/TestSolver_Basic_6h_year/results/TestSolver_Basic_6h_year_seed_5_smac.txt Output/Performance_Data/performance_data.csv Output/Configuration/Raw_Data/SMAC2/TestSolver_Basic_6h_year/TestSolver_Basic_6h_year_scenario.txt 5 /rwthfs/rz/cluster/home/vx475510/miniforge3/envs/sparkle/lib/python3.10/site-packages/sparkle/Components/smac2-v2.10.03-master-778/smac --scenario-file Output/Configuration/Raw_Data/SMAC2/TestSolver_Basic_6h_year/TestSolver_Basic_6h_year_scenario.txt --seed 5 ", "working_dir": ".", "output_file": "/rwthfs/rz/cluster/home/vx475510/satellite-operations-planning/sparkle/Output/Configuration/Raw_Data/SMAC2/TestSolver_Basic_6h_year/results/TestSolver_Basic_6h_year_seed_5_smac.txt", "stdout_file": "Output/Log/configure_solver_2025-04-22-12.09.11/SMAC2:_TestSolver_on_Basic_6h_year-0003.out", "stderr_file": "Output/Log/configure_solver_2025-04-22-12.09.11/SMAC2:_TestSolver_on_Basic_6h_year-0003.err", "slurm_job_id": "56309848_3", "job_state": null, "start_time_stamp": null, "end_time_stamp": null, "submit_time_stamp": null, "job_restarts": null, "job_qos": null, "job_partition": null, "job_nodes": null}, {"cmd": "python3 /rwthfs/rz/cluster/home/vx475510/miniforge3/envs/sparkle/lib/python3.10/site-packages/sparkle/configurator/configurator_cli.py SMAC2 /rwthfs/rz/cluster/home/vx475510/satellite-operations-planning/sparkle/Output/Configuration/Raw_Data/SMAC2/TestSolver_Basic_6h_year/results/TestSolver_Basic_6h_year_seed_6_smac.txt Output/Performance_Data/performance_data.csv Output/Configuration/Raw_Data/SMAC2/TestSolver_Basic_6h_year/TestSolver_Basic_6h_year_scenario.txt 6 /rwthfs/rz/cluster/home/vx475510/miniforge3/envs/sparkle/lib/python3.10/site-packages/sparkle/Components/smac2-v2.10.03-master-778/smac --scenario-file Output/Configuration/Raw_Data/SMAC2/TestSolver_Basic_6h_year/TestSolver_Basic_6h_year_scenario.txt --seed 6 ", "working_dir": ".", "output_file": "/rwthfs/rz/cluster/home/vx475510/satellite-operations-planning/sparkle/Output/Configuration/Raw_Data/SMAC2/TestSolver_Basic_6h_year/results/TestSolver_Basic_6h_year_seed_6_smac.txt", "stdout_file": "Output/Log/configure_solver_2025-04-22-12.09.11/SMAC2:_TestSolver_on_Basic_6h_year-0004.out", "stderr_file": "Output/Log/configure_solver_2025-04-22-12.09.11/SMAC2:_TestSolver_on_Basic_6h_year-0004.err", "slurm_job_id": "56309848_4", "job_state": null, "start_time_stamp": null, "end_time_stamp": null, "submit_time_stamp": null, "job_restarts": null, "job_qos": null, "job_partition": null, "job_nodes": null}, {"cmd": "python3 /rwthfs/rz/cluster/home/vx475510/miniforge3/envs/sparkle/lib/python3.10/site-packages/sparkle/configurator/configurator_cli.py SMAC2 /rwthfs/rz/cluster/home/vx475510/satellite-operations-planning/sparkle/Output/Configuration/Raw_Data/SMAC2/TestSolver_Basic_6h_year/results/TestSolver_Basic_6h_year_seed_7_smac.txt Output/Performance_Data/performance_data.csv Output/Configuration/Raw_Data/SMAC2/TestSolver_Basic_6h_year/TestSolver_Basic_6h_year_scenario.txt 7 /rwthfs/rz/cluster/home/vx475510/miniforge3/envs/sparkle/lib/python3.10/site-packages/sparkle/Components/smac2-v2.10.03-master-778/smac --scenario-file Output/Configuration/Raw_Data/SMAC2/TestSolver_Basic_6h_year/TestSolver_Basic_6h_year_scenario.txt --seed 7 ", "working_dir": ".", "output_file": "/rwthfs/rz/cluster/home/vx475510/satellite-operations-planning/sparkle/Output/Configuration/Raw_Data/SMAC2/TestSolver_Basic_6h_year/results/TestSolver_Basic_6h_year_seed_7_smac.txt", "stdout_file": "Output/Log/configure_solver_2025-04-22-12.09.11/SMAC2:_TestSolver_on_Basic_6h_year-0005.out", "stderr_file": "Output/Log/configure_solver_2025-04-22-12.09.11/SMAC2:_TestSolver_on_Basic_6h_year-0005.err", "slurm_job_id": "56309848_5", "job_state": null, "start_time_stamp": null, "end_time_stamp": null, "submit_time_stamp": null, "job_restarts": null, "job_qos": null, "job_partition": null, "job_nodes": null}, {"cmd": "python3 /rwthfs/rz/cluster/home/vx475510/miniforge3/envs/sparkle/lib/python3.10/site-packages/sparkle/configurator/configurator_cli.py SMAC2 /rwthfs/rz/cluster/home/vx475510/satellite-operations-planning/sparkle/Output/Configuration/Raw_Data/SMAC2/TestSolver_Basic_6h_year/results/TestSolver_Basic_6h_year_seed_8_smac.txt Output/Performance_Data/performance_data.csv Output/Configuration/Raw_Data/SMAC2/TestSolver_Basic_6h_year/TestSolver_Basic_6h_year_scenario.txt 8 /rwthfs/rz/cluster/home/vx475510/miniforge3/envs/sparkle/lib/python3.10/site-packages/sparkle/Components/smac2-v2.10.03-master-778/smac --scenario-file Output/Configuration/Raw_Data/SMAC2/TestSolver_Basic_6h_year/TestSolver_Basic_6h_year_scenario.txt --seed 8 ", "working_dir": ".", "output_file": "/rwthfs/rz/cluster/home/vx475510/satellite-operations-planning/sparkle/Output/Configuration/Raw_Data/SMAC2/TestSolver_Basic_6h_year/results/TestSolver_Basic_6h_year_seed_8_smac.txt", "stdout_file": "Output/Log/configure_solver_2025-04-22-12.09.11/SMAC2:_TestSolver_on_Basic_6h_year-0006.out", "stderr_file": "Output/Log/configure_solver_2025-04-22-12.09.11/SMAC2:_TestSolver_on_Basic_6h_year-0006.err", "slurm_job_id": "56309848_6", "job_state": null, "start_time_stamp": null, "end_time_stamp": null, "submit_time_stamp": null, "job_restarts": null, "job_qos": null, "job_partition": null, "job_nodes": null}, {"cmd": "python3 /rwthfs/rz/cluster/home/vx475510/miniforge3/envs/sparkle/lib/python3.10/site-packages/sparkle/configurator/configurator_cli.py SMAC2 /rwthfs/rz/cluster/home/vx475510/satellite-operations-planning/sparkle/Output/Configuration/Raw_Data/SMAC2/TestSolver_Basic_6h_year/results/TestSolver_Basic_6h_year_seed_9_smac.txt Output/Performance_Data/performance_data.csv Output/Configuration/Raw_Data/SMAC2/TestSolver_Basic_6h_year/TestSolver_Basic_6h_year_scenario.txt 9 /rwthfs/rz/cluster/home/vx475510/miniforge3/envs/sparkle/lib/python3.10/site-packages/sparkle/Components/smac2-v2.10.03-master-778/smac --scenario-file Output/Configuration/Raw_Data/SMAC2/TestSolver_Basic_6h_year/TestSolver_Basic_6h_year_scenario.txt --seed 9 ", "working_dir": ".", "output_file": "/rwthfs/rz/cluster/home/vx475510/satellite-operations-planning/sparkle/Output/Configuration/Raw_Data/SMAC2/TestSolver_Basic_6h_year/results/TestSolver_Basic_6h_year_seed_9_smac.txt", "stdout_file": "Output/Log/configure_solver_2025-04-22-12.09.11/SMAC2:_TestSolver_on_Basic_6h_year-0007.out", "stderr_file": "Output/Log/configure_solver_2025-04-22-12.09.11/SMAC2:_TestSolver_on_Basic_6h_year-0007.err", "slurm_job_id": "56309848_7", "job_state": null, "start_time_stamp": null, "end_time_stamp": null, "submit_time_stamp": null, "job_restarts": null, "job_qos": null, "job_partition": null, "job_nodes": null}, {"cmd": "python3 /rwthfs/rz/cluster/home/vx475510/miniforge3/envs/sparkle/lib/python3.10/site-packages/sparkle/configurator/configurator_cli.py SMAC2 /rwthfs/rz/cluster/home/vx475510/satellite-operations-planning/sparkle/Output/Configuration/Raw_Data/SMAC2/TestSolver_Basic_6h_year/results/TestSolver_Basic_6h_year_seed_10_smac.txt Output/Performance_Data/performance_data.csv Output/Configuration/Raw_Data/SMAC2/TestSolver_Basic_6h_year/TestSolver_Basic_6h_year_scenario.txt 10 /rwthfs/rz/cluster/home/vx475510/miniforge3/envs/sparkle/lib/python3.10/site-packages/sparkle/Components/smac2-v2.10.03-master-778/smac --scenario-file Output/Configuration/Raw_Data/SMAC2/TestSolver_Basic_6h_year/TestSolver_Basic_6h_year_scenario.txt --seed 10 ", "working_dir": ".", "output_file": "/rwthfs/rz/cluster/home/vx475510/satellite-operations-planning/sparkle/Output/Configuration/Raw_Data/SMAC2/TestSolver_Basic_6h_year/results/TestSolver_Basic_6h_year_seed_10_smac.txt", "stdout_file": "Output/Log/configure_solver_2025-04-22-12.09.11/SMAC2:_TestSolver_on_Basic_6h_year-0008.out", "stderr_file": "Output/Log/configure_solver_2025-04-22-12.09.11/SMAC2:_TestSolver_on_Basic_6h_year-0008.err", "slurm_job_id": "56309848_8", "job_state": null, "start_time_stamp": null, "end_time_stamp": null, "submit_time_stamp": null, "job_restarts": null, "job_qos": null, "job_partition": null, "job_nodes": null}, {"cmd": "python3 /rwthfs/rz/cluster/home/vx475510/miniforge3/envs/sparkle/lib/python3.10/site-packages/sparkle/configurator/configurator_cli.py SMAC2 /rwthfs/rz/cluster/home/vx475510/satellite-operations-planning/sparkle/Output/Configuration/Raw_Data/SMAC2/TestSolver_Basic_6h_year/results/TestSolver_Basic_6h_year_seed_11_smac.txt Output/Performance_Data/performance_data.csv Output/Configuration/Raw_Data/SMAC2/TestSolver_Basic_6h_year/TestSolver_Basic_6h_year_scenario.txt 11 /rwthfs/rz/cluster/home/vx475510/miniforge3/envs/sparkle/lib/python3.10/site-packages/sparkle/Components/smac2-v2.10.03-master-778/smac --scenario-file Output/Configuration/Raw_Data/SMAC2/TestSolver_Basic_6h_year/TestSolver_Basic_6h_year_scenario.txt --seed 11 ", "working_dir": ".", "output_file": "/rwthfs/rz/cluster/home/vx475510/satellite-operations-planning/sparkle/Output/Configuration/Raw_Data/SMAC2/TestSolver_Basic_6h_year/results/TestSolver_Basic_6h_year_seed_11_smac.txt", "stdout_file": "Output/Log/configure_solver_2025-04-22-12.09.11/SMAC2:_TestSolver_on_Basic_6h_year-0009.out", "stderr_file": "Output/Log/configure_solver_2025-04-22-12.09.11/SMAC2:_TestSolver_on_Basic_6h_year-0009.err", "slurm_job_id": "56309848_9", "job_state": null, "start_time_stamp": null, "end_time_stamp": null, "submit_time_stamp": null, "job_restarts": null, "job_qos": null, "job_partition": null, "job_nodes": null}, {"cmd": "python3 /rwthfs/rz/cluster/home/vx475510/miniforge3/envs/sparkle/lib/python3.10/site-packages/sparkle/configurator/configurator_cli.py SMAC2 /rwthfs/rz/cluster/home/vx475510/satellite-operations-planning/sparkle/Output/Configuration/Raw_Data/SMAC2/TestSolver_Basic_6h_year/results/TestSolver_Basic_6h_year_seed_12_smac.txt Output/Performance_Data/performance_data.csv Output/Configuration/Raw_Data/SMAC2/TestSolver_Basic_6h_year/TestSolver_Basic_6h_year_scenario.txt 12 /rwthfs/rz/cluster/home/vx475510/miniforge3/envs/sparkle/lib/python3.10/site-packages/sparkle/Components/smac2-v2.10.03-master-778/smac --scenario-file Output/Configuration/Raw_Data/SMAC2/TestSolver_Basic_6h_year/TestSolver_Basic_6h_year_scenario.txt --seed 12 ", "working_dir": ".", "output_file": "/rwthfs/rz/cluster/home/vx475510/satellite-operations-planning/sparkle/Output/Configuration/Raw_Data/SMAC2/TestSolver_Basic_6h_year/results/TestSolver_Basic_6h_year_seed_12_smac.txt", "stdout_file": "Output/Log/configure_solver_2025-04-22-12.09.11/SMAC2:_TestSolver_on_Basic_6h_year-0010.out", "stderr_file": "Output/Log/configure_solver_2025-04-22-12.09.11/SMAC2:_TestSolver_on_Basic_6h_year-0010.err", "slurm_job_id": "56309848_10", "job_state": null, "start_time_stamp": null, "end_time_stamp": null, "submit_time_stamp": null, "job_restarts": null, "job_qos": null, "job_partition": null, "job_nodes": null}, {"cmd": "python3 /rwthfs/rz/cluster/home/vx475510/miniforge3/envs/sparkle/lib/python3.10/site-packages/sparkle/configurator/configurator_cli.py SMAC2 /rwthfs/rz/cluster/home/vx475510/satellite-operations-planning/sparkle/Output/Configuration/Raw_Data/SMAC2/TestSolver_Basic_6h_year/results/TestSolver_Basic_6h_year_seed_13_smac.txt Output/Performance_Data/performance_data.csv Output/Configuration/Raw_Data/SMAC2/TestSolver_Basic_6h_year/TestSolver_Basic_6h_year_scenario.txt 13 /rwthfs/rz/cluster/home/vx475510/miniforge3/envs/sparkle/lib/python3.10/site-packages/sparkle/Components/smac2-v2.10.03-master-778/smac --scenario-file Output/Configuration/Raw_Data/SMAC2/TestSolver_Basic_6h_year/TestSolver_Basic_6h_year_scenario.txt --seed 13 ", "working_dir": ".", "output_file": "/rwthfs/rz/cluster/home/vx475510/satellite-operations-planning/sparkle/Output/Configuration/Raw_Data/SMAC2/TestSolver_Basic_6h_year/results/TestSolver_Basic_6h_year_seed_13_smac.txt", "stdout_file": "Output/Log/configure_solver_2025-04-22-12.09.11/SMAC2:_TestSolver_on_Basic_6h_year-0011.out", "stderr_file": "Output/Log/configure_solver_2025-04-22-12.09.11/SMAC2:_TestSolver_on_Basic_6h_year-0011.err", "slurm_job_id": "56309848_11", "job_state": null, "start_time_stamp": null, "end_time_stamp": null, "submit_time_stamp": null, "job_restarts": null, "job_qos": null, "job_partition": null, "job_nodes": null}, {"cmd": "python3 /rwthfs/rz/cluster/home/vx475510/miniforge3/envs/sparkle/lib/python3.10/site-packages/sparkle/configurator/configurator_cli.py SMAC2 /rwthfs/rz/cluster/home/vx475510/satellite-operations-planning/sparkle/Output/Configuration/Raw_Data/SMAC2/TestSolver_Basic_6h_year/results/TestSolver_Basic_6h_year_seed_14_smac.txt Output/Performance_Data/performance_data.csv Output/Configuration/Raw_Data/SMAC2/TestSolver_Basic_6h_year/TestSolver_Basic_6h_year_scenario.txt 14 /rwthfs/rz/cluster/home/vx475510/miniforge3/envs/sparkle/lib/python3.10/site-packages/sparkle/Components/smac2-v2.10.03-master-778/smac --scenario-file Output/Configuration/Raw_Data/SMAC2/TestSolver_Basic_6h_year/TestSolver_Basic_6h_year_scenario.txt --seed 14 ", "working_dir": ".", "output_file": "/rwthfs/rz/cluster/home/vx475510/satellite-operations-planning/sparkle/Output/Configuration/Raw_Data/SMAC2/TestSolver_Basic_6h_year/results/TestSolver_Basic_6h_year_seed_14_smac.txt", "stdout_file": "Output/Log/configure_solver_2025-04-22-12.09.11/SMAC2:_TestSolver_on_Basic_6h_year-0012.out", "stderr_file": "Output/Log/configure_solver_2025-04-22-12.09.11/SMAC2:_TestSolver_on_Basic_6h_year-0012.err", "slurm_job_id": "56309848_12", "job_state": null, "start_time_stamp": null, "end_time_stamp": null, "submit_time_stamp": null, "job_restarts": null, "job_qos": null, "job_partition": null, "job_nodes": null}, {"cmd": "python3 /rwthfs/rz/cluster/home/vx475510/miniforge3/envs/sparkle/lib/python3.10/site-packages/sparkle/configurator/configurator_cli.py SMAC2 /rwthfs/rz/cluster/home/vx475510/satellite-operations-planning/sparkle/Output/Configuration/Raw_Data/SMAC2/TestSolver_Basic_6h_year/results/TestSolver_Basic_6h_year_seed_15_smac.txt Output/Performance_Data/performance_data.csv Output/Configuration/Raw_Data/SMAC2/TestSolver_Basic_6h_year/TestSolver_Basic_6h_year_scenario.txt 15 /rwthfs/rz/cluster/home/vx475510/miniforge3/envs/sparkle/lib/python3.10/site-packages/sparkle/Components/smac2-v2.10.03-master-778/smac --scenario-file Output/Configuration/Raw_Data/SMAC2/TestSolver_Basic_6h_year/TestSolver_Basic_6h_year_scenario.txt --seed 15 ", "working_dir": ".", "output_file": "/rwthfs/rz/cluster/home/vx475510/satellite-operations-planning/sparkle/Output/Configuration/Raw_Data/SMAC2/TestSolver_Basic_6h_year/results/TestSolver_Basic_6h_year_seed_15_smac.txt", "stdout_file": "Output/Log/configure_solver_2025-04-22-12.09.11/SMAC2:_TestSolver_on_Basic_6h_year-0013.out", "stderr_file": "Output/Log/configure_solver_2025-04-22-12.09.11/SMAC2:_TestSolver_on_Basic_6h_year-0013.err", "slurm_job_id": "56309848_13", "job_state": null, "start_time_stamp": null, "end_time_stamp": null, "submit_time_stamp": null, "job_restarts": null, "job_qos": null, "job_partition": null, "job_nodes": null}, {"cmd": "python3 /rwthfs/rz/cluster/home/vx475510/miniforge3/envs/sparkle/lib/python3.10/site-packages/sparkle/configurator/configurator_cli.py SMAC2 /rwthfs/rz/cluster/home/vx475510/satellite-operations-planning/sparkle/Output/Configuration/Raw_Data/SMAC2/TestSolver_Basic_6h_year/results/TestSolver_Basic_6h_year_seed_16_smac.txt Output/Performance_Data/performance_data.csv Output/Configuration/Raw_Data/SMAC2/TestSolver_Basic_6h_year/TestSolver_Basic_6h_year_scenario.txt 16 /rwthfs/rz/cluster/home/vx475510/miniforge3/envs/sparkle/lib/python3.10/site-packages/sparkle/Components/smac2-v2.10.03-master-778/smac --scenario-file Output/Configuration/Raw_Data/SMAC2/TestSolver_Basic_6h_year/TestSolver_Basic_6h_year_scenario.txt --seed 16 ", "working_dir": ".", "output_file": "/rwthfs/rz/cluster/home/vx475510/satellite-operations-planning/sparkle/Output/Configuration/Raw_Data/SMAC2/TestSolver_Basic_6h_year/results/TestSolver_Basic_6h_year_seed_16_smac.txt", "stdout_file": "Output/Log/configure_solver_2025-04-22-12.09.11/SMAC2:_TestSolver_on_Basic_6h_year-0014.out", "stderr_file": "Output/Log/configure_solver_2025-04-22-12.09.11/SMAC2:_TestSolver_on_Basic_6h_year-0014.err", "slurm_job_id": "56309848_14", "job_state": null, "start_time_stamp": null, "end_time_stamp": null, "submit_time_stamp": null, "job_restarts": null, "job_qos": null, "job_partition": null, "job_nodes": null}], "parallel_jobs": 15, "submitted": true, "run_id": "56309848", "prepend": "export CONDA_ROOT=$HOME/miniforge3\nsource $CONDA_ROOT/etc/profile.d/conda.sh\nexport PATH=\"$CONDA_ROOT/bin:$PATH\"\nconda activate sparkle"}