{"name": "SMAC2: RandomForest on Iris", "base_dir": "Output/Log/configure_solver_2025-04-01-10.09.44", "dependencies": [], "sbatch_options": ["--qos=normal", "--mem-per-cpu=2541", "--time=3:00", "--partition=c23ms"], "srun_options": [], "jobs": [{"cmd": "python3 /rwthfs/rz/cluster/home/vx475510/miniforge3/envs/sparkle/lib/python3.10/site-packages/sparkle/configurator/configurator_cli.py SMAC2 /rwthfs/rz/cluster/home/vx475510/satellite-operations-planning/sparkle_example/Output/Configuration/Raw_Data/SMAC2/RandomForest_Iris/results/RandomForest_Iris_seed_52_smac.txt Output/Performance_Data/performance_data.csv Output/Configuration/Raw_Data/SMAC2/RandomForest_Iris/RandomForest_Iris_scenario.txt 52 /rwthfs/rz/cluster/home/vx475510/miniforge3/envs/sparkle/lib/python3.10/site-packages/sparkle/Components/smac2-v2.10.03-master-778/smac --scenario-file Output/Configuration/Raw_Data/SMAC2/RandomForest_Iris/RandomForest_Iris_scenario.txt --seed 52 ", "working_dir": ".", "output_file": "/rwthfs/rz/cluster/home/vx475510/satellite-operations-planning/sparkle_example/Output/Configuration/Raw_Data/SMAC2/RandomForest_Iris/results/RandomForest_Iris_seed_52_smac.txt", "stdout_file": "Output/Log/configure_solver_2025-04-01-10.09.44/SMAC2:_RandomForest_on_Iris-0000.out", "stderr_file": "Output/Log/configure_solver_2025-04-01-10.09.44/SMAC2:_RandomForest_on_Iris-0000.err", "slurm_job_id": "55634501_0", "job_state": null, "start_time_stamp": null, "end_time_stamp": null, "submit_time_stamp": null, "job_restarts": null, "job_qos": null, "job_partition": null, "job_nodes": null}, {"cmd": "python3 /rwthfs/rz/cluster/home/vx475510/miniforge3/envs/sparkle/lib/python3.10/site-packages/sparkle/configurator/configurator_cli.py SMAC2 /rwthfs/rz/cluster/home/vx475510/satellite-operations-planning/sparkle_example/Output/Configuration/Raw_Data/SMAC2/RandomForest_Iris/results/RandomForest_Iris_seed_53_smac.txt Output/Performance_Data/performance_data.csv Output/Configuration/Raw_Data/SMAC2/RandomForest_Iris/RandomForest_Iris_scenario.txt 53 /rwthfs/rz/cluster/home/vx475510/miniforge3/envs/sparkle/lib/python3.10/site-packages/sparkle/Components/smac2-v2.10.03-master-778/smac --scenario-file Output/Configuration/Raw_Data/SMAC2/RandomForest_Iris/RandomForest_Iris_scenario.txt --seed 53 ", "working_dir": ".", "output_file": "/rwthfs/rz/cluster/home/vx475510/satellite-operations-planning/sparkle_example/Output/Configuration/Raw_Data/SMAC2/RandomForest_Iris/results/RandomForest_Iris_seed_53_smac.txt", "stdout_file": "Output/Log/configure_solver_2025-04-01-10.09.44/SMAC2:_RandomForest_on_Iris-0001.out", "stderr_file": "Output/Log/configure_solver_2025-04-01-10.09.44/SMAC2:_RandomForest_on_Iris-0001.err", "slurm_job_id": "55634501_1", "job_state": null, "start_time_stamp": null, "end_time_stamp": null, "submit_time_stamp": null, "job_restarts": null, "job_qos": null, "job_partition": null, "job_nodes": null}, {"cmd": "python3 /rwthfs/rz/cluster/home/vx475510/miniforge3/envs/sparkle/lib/python3.10/site-packages/sparkle/configurator/configurator_cli.py SMAC2 /rwthfs/rz/cluster/home/vx475510/satellite-operations-planning/sparkle_example/Output/Configuration/Raw_Data/SMAC2/RandomForest_Iris/results/RandomForest_Iris_seed_54_smac.txt Output/Performance_Data/performance_data.csv Output/Configuration/Raw_Data/SMAC2/RandomForest_Iris/RandomForest_Iris_scenario.txt 54 /rwthfs/rz/cluster/home/vx475510/miniforge3/envs/sparkle/lib/python3.10/site-packages/sparkle/Components/smac2-v2.10.03-master-778/smac --scenario-file Output/Configuration/Raw_Data/SMAC2/RandomForest_Iris/RandomForest_Iris_scenario.txt --seed 54 ", "working_dir": ".", "output_file": "/rwthfs/rz/cluster/home/vx475510/satellite-operations-planning/sparkle_example/Output/Configuration/Raw_Data/SMAC2/RandomForest_Iris/results/RandomForest_Iris_seed_54_smac.txt", "stdout_file": "Output/Log/configure_solver_2025-04-01-10.09.44/SMAC2:_RandomForest_on_Iris-0002.out", "stderr_file": "Output/Log/configure_solver_2025-04-01-10.09.44/SMAC2:_RandomForest_on_Iris-0002.err", "slurm_job_id": "55634501_2", "job_state": null, "start_time_stamp": null, "end_time_stamp": null, "submit_time_stamp": null, "job_restarts": null, "job_qos": null, "job_partition": null, "job_nodes": null}, {"cmd": "python3 /rwthfs/rz/cluster/home/vx475510/miniforge3/envs/sparkle/lib/python3.10/site-packages/sparkle/configurator/configurator_cli.py SMAC2 /rwthfs/rz/cluster/home/vx475510/satellite-operations-planning/sparkle_example/Output/Configuration/Raw_Data/SMAC2/RandomForest_Iris/results/RandomForest_Iris_seed_55_smac.txt Output/Performance_Data/performance_data.csv Output/Configuration/Raw_Data/SMAC2/RandomForest_Iris/RandomForest_Iris_scenario.txt 55 /rwthfs/rz/cluster/home/vx475510/miniforge3/envs/sparkle/lib/python3.10/site-packages/sparkle/Components/smac2-v2.10.03-master-778/smac --scenario-file Output/Configuration/Raw_Data/SMAC2/RandomForest_Iris/RandomForest_Iris_scenario.txt --seed 55 ", "working_dir": ".", "output_file": "/rwthfs/rz/cluster/home/vx475510/satellite-operations-planning/sparkle_example/Output/Configuration/Raw_Data/SMAC2/RandomForest_Iris/results/RandomForest_Iris_seed_55_smac.txt", "stdout_file": "Output/Log/configure_solver_2025-04-01-10.09.44/SMAC2:_RandomForest_on_Iris-0003.out", "stderr_file": "Output/Log/configure_solver_2025-04-01-10.09.44/SMAC2:_RandomForest_on_Iris-0003.err", "slurm_job_id": "55634501_3", "job_state": null, "start_time_stamp": null, "end_time_stamp": null, "submit_time_stamp": null, "job_restarts": null, "job_qos": null, "job_partition": null, "job_nodes": null}, {"cmd": "python3 /rwthfs/rz/cluster/home/vx475510/miniforge3/envs/sparkle/lib/python3.10/site-packages/sparkle/configurator/configurator_cli.py SMAC2 /rwthfs/rz/cluster/home/vx475510/satellite-operations-planning/sparkle_example/Output/Configuration/Raw_Data/SMAC2/RandomForest_Iris/results/RandomForest_Iris_seed_56_smac.txt Output/Performance_Data/performance_data.csv Output/Configuration/Raw_Data/SMAC2/RandomForest_Iris/RandomForest_Iris_scenario.txt 56 /rwthfs/rz/cluster/home/vx475510/miniforge3/envs/sparkle/lib/python3.10/site-packages/sparkle/Components/smac2-v2.10.03-master-778/smac --scenario-file Output/Configuration/Raw_Data/SMAC2/RandomForest_Iris/RandomForest_Iris_scenario.txt --seed 56 ", "working_dir": ".", "output_file": "/rwthfs/rz/cluster/home/vx475510/satellite-operations-planning/sparkle_example/Output/Configuration/Raw_Data/SMAC2/RandomForest_Iris/results/RandomForest_Iris_seed_56_smac.txt", "stdout_file": "Output/Log/configure_solver_2025-04-01-10.09.44/SMAC2:_RandomForest_on_Iris-0004.out", "stderr_file": "Output/Log/configure_solver_2025-04-01-10.09.44/SMAC2:_RandomForest_on_Iris-0004.err", "slurm_job_id": "55634501_4", "job_state": null, "start_time_stamp": null, "end_time_stamp": null, "submit_time_stamp": null, "job_restarts": null, "job_qos": null, "job_partition": null, "job_nodes": null}, {"cmd": "python3 /rwthfs/rz/cluster/home/vx475510/miniforge3/envs/sparkle/lib/python3.10/site-packages/sparkle/configurator/configurator_cli.py SMAC2 /rwthfs/rz/cluster/home/vx475510/satellite-operations-planning/sparkle_example/Output/Configuration/Raw_Data/SMAC2/RandomForest_Iris/results/RandomForest_Iris_seed_57_smac.txt Output/Performance_Data/performance_data.csv Output/Configuration/Raw_Data/SMAC2/RandomForest_Iris/RandomForest_Iris_scenario.txt 57 /rwthfs/rz/cluster/home/vx475510/miniforge3/envs/sparkle/lib/python3.10/site-packages/sparkle/Components/smac2-v2.10.03-master-778/smac --scenario-file Output/Configuration/Raw_Data/SMAC2/RandomForest_Iris/RandomForest_Iris_scenario.txt --seed 57 ", "working_dir": ".", "output_file": "/rwthfs/rz/cluster/home/vx475510/satellite-operations-planning/sparkle_example/Output/Configuration/Raw_Data/SMAC2/RandomForest_Iris/results/RandomForest_Iris_seed_57_smac.txt", "stdout_file": "Output/Log/configure_solver_2025-04-01-10.09.44/SMAC2:_RandomForest_on_Iris-0005.out", "stderr_file": "Output/Log/configure_solver_2025-04-01-10.09.44/SMAC2:_RandomForest_on_Iris-0005.err", "slurm_job_id": "55634501_5", "job_state": null, "start_time_stamp": null, "end_time_stamp": null, "submit_time_stamp": null, "job_restarts": null, "job_qos": null, "job_partition": null, "job_nodes": null}, {"cmd": "python3 /rwthfs/rz/cluster/home/vx475510/miniforge3/envs/sparkle/lib/python3.10/site-packages/sparkle/configurator/configurator_cli.py SMAC2 /rwthfs/rz/cluster/home/vx475510/satellite-operations-planning/sparkle_example/Output/Configuration/Raw_Data/SMAC2/RandomForest_Iris/results/RandomForest_Iris_seed_58_smac.txt Output/Performance_Data/performance_data.csv Output/Configuration/Raw_Data/SMAC2/RandomForest_Iris/RandomForest_Iris_scenario.txt 58 /rwthfs/rz/cluster/home/vx475510/miniforge3/envs/sparkle/lib/python3.10/site-packages/sparkle/Components/smac2-v2.10.03-master-778/smac --scenario-file Output/Configuration/Raw_Data/SMAC2/RandomForest_Iris/RandomForest_Iris_scenario.txt --seed 58 ", "working_dir": ".", "output_file": "/rwthfs/rz/cluster/home/vx475510/satellite-operations-planning/sparkle_example/Output/Configuration/Raw_Data/SMAC2/RandomForest_Iris/results/RandomForest_Iris_seed_58_smac.txt", "stdout_file": "Output/Log/configure_solver_2025-04-01-10.09.44/SMAC2:_RandomForest_on_Iris-0006.out", "stderr_file": "Output/Log/configure_solver_2025-04-01-10.09.44/SMAC2:_RandomForest_on_Iris-0006.err", "slurm_job_id": "55634501_6", "job_state": null, "start_time_stamp": null, "end_time_stamp": null, "submit_time_stamp": null, "job_restarts": null, "job_qos": null, "job_partition": null, "job_nodes": null}, {"cmd": "python3 /rwthfs/rz/cluster/home/vx475510/miniforge3/envs/sparkle/lib/python3.10/site-packages/sparkle/configurator/configurator_cli.py SMAC2 /rwthfs/rz/cluster/home/vx475510/satellite-operations-planning/sparkle_example/Output/Configuration/Raw_Data/SMAC2/RandomForest_Iris/results/RandomForest_Iris_seed_59_smac.txt Output/Performance_Data/performance_data.csv Output/Configuration/Raw_Data/SMAC2/RandomForest_Iris/RandomForest_Iris_scenario.txt 59 /rwthfs/rz/cluster/home/vx475510/miniforge3/envs/sparkle/lib/python3.10/site-packages/sparkle/Components/smac2-v2.10.03-master-778/smac --scenario-file Output/Configuration/Raw_Data/SMAC2/RandomForest_Iris/RandomForest_Iris_scenario.txt --seed 59 ", "working_dir": ".", "output_file": "/rwthfs/rz/cluster/home/vx475510/satellite-operations-planning/sparkle_example/Output/Configuration/Raw_Data/SMAC2/RandomForest_Iris/results/RandomForest_Iris_seed_59_smac.txt", "stdout_file": "Output/Log/configure_solver_2025-04-01-10.09.44/SMAC2:_RandomForest_on_Iris-0007.out", "stderr_file": "Output/Log/configure_solver_2025-04-01-10.09.44/SMAC2:_RandomForest_on_Iris-0007.err", "slurm_job_id": "55634501_7", "job_state": null, "start_time_stamp": null, "end_time_stamp": null, "submit_time_stamp": null, "job_restarts": null, "job_qos": null, "job_partition": null, "job_nodes": null}, {"cmd": "python3 /rwthfs/rz/cluster/home/vx475510/miniforge3/envs/sparkle/lib/python3.10/site-packages/sparkle/configurator/configurator_cli.py SMAC2 /rwthfs/rz/cluster/home/vx475510/satellite-operations-planning/sparkle_example/Output/Configuration/Raw_Data/SMAC2/RandomForest_Iris/results/RandomForest_Iris_seed_60_smac.txt Output/Performance_Data/performance_data.csv Output/Configuration/Raw_Data/SMAC2/RandomForest_Iris/RandomForest_Iris_scenario.txt 60 /rwthfs/rz/cluster/home/vx475510/miniforge3/envs/sparkle/lib/python3.10/site-packages/sparkle/Components/smac2-v2.10.03-master-778/smac --scenario-file Output/Configuration/Raw_Data/SMAC2/RandomForest_Iris/RandomForest_Iris_scenario.txt --seed 60 ", "working_dir": ".", "output_file": "/rwthfs/rz/cluster/home/vx475510/satellite-operations-planning/sparkle_example/Output/Configuration/Raw_Data/SMAC2/RandomForest_Iris/results/RandomForest_Iris_seed_60_smac.txt", "stdout_file": "Output/Log/configure_solver_2025-04-01-10.09.44/SMAC2:_RandomForest_on_Iris-0008.out", "stderr_file": "Output/Log/configure_solver_2025-04-01-10.09.44/SMAC2:_RandomForest_on_Iris-0008.err", "slurm_job_id": "55634501_8", "job_state": null, "start_time_stamp": null, "end_time_stamp": null, "submit_time_stamp": null, "job_restarts": null, "job_qos": null, "job_partition": null, "job_nodes": null}, {"cmd": "python3 /rwthfs/rz/cluster/home/vx475510/miniforge3/envs/sparkle/lib/python3.10/site-packages/sparkle/configurator/configurator_cli.py SMAC2 /rwthfs/rz/cluster/home/vx475510/satellite-operations-planning/sparkle_example/Output/Configuration/Raw_Data/SMAC2/RandomForest_Iris/results/RandomForest_Iris_seed_61_smac.txt Output/Performance_Data/performance_data.csv Output/Configuration/Raw_Data/SMAC2/RandomForest_Iris/RandomForest_Iris_scenario.txt 61 /rwthfs/rz/cluster/home/vx475510/miniforge3/envs/sparkle/lib/python3.10/site-packages/sparkle/Components/smac2-v2.10.03-master-778/smac --scenario-file Output/Configuration/Raw_Data/SMAC2/RandomForest_Iris/RandomForest_Iris_scenario.txt --seed 61 ", "working_dir": ".", "output_file": "/rwthfs/rz/cluster/home/vx475510/satellite-operations-planning/sparkle_example/Output/Configuration/Raw_Data/SMAC2/RandomForest_Iris/results/RandomForest_Iris_seed_61_smac.txt", "stdout_file": "Output/Log/configure_solver_2025-04-01-10.09.44/SMAC2:_RandomForest_on_Iris-0009.out", "stderr_file": "Output/Log/configure_solver_2025-04-01-10.09.44/SMAC2:_RandomForest_on_Iris-0009.err", "slurm_job_id": "55634501_9", "job_state": null, "start_time_stamp": null, "end_time_stamp": null, "submit_time_stamp": null, "job_restarts": null, "job_qos": null, "job_partition": null, "job_nodes": null}, {"cmd": "python3 /rwthfs/rz/cluster/home/vx475510/miniforge3/envs/sparkle/lib/python3.10/site-packages/sparkle/configurator/configurator_cli.py SMAC2 /rwthfs/rz/cluster/home/vx475510/satellite-operations-planning/sparkle_example/Output/Configuration/Raw_Data/SMAC2/RandomForest_Iris/results/RandomForest_Iris_seed_62_smac.txt Output/Performance_Data/performance_data.csv Output/Configuration/Raw_Data/SMAC2/RandomForest_Iris/RandomForest_Iris_scenario.txt 62 /rwthfs/rz/cluster/home/vx475510/miniforge3/envs/sparkle/lib/python3.10/site-packages/sparkle/Components/smac2-v2.10.03-master-778/smac --scenario-file Output/Configuration/Raw_Data/SMAC2/RandomForest_Iris/RandomForest_Iris_scenario.txt --seed 62 ", "working_dir": ".", "output_file": "/rwthfs/rz/cluster/home/vx475510/satellite-operations-planning/sparkle_example/Output/Configuration/Raw_Data/SMAC2/RandomForest_Iris/results/RandomForest_Iris_seed_62_smac.txt", "stdout_file": "Output/Log/configure_solver_2025-04-01-10.09.44/SMAC2:_RandomForest_on_Iris-0010.out", "stderr_file": "Output/Log/configure_solver_2025-04-01-10.09.44/SMAC2:_RandomForest_on_Iris-0010.err", "slurm_job_id": "55634501_10", "job_state": null, "start_time_stamp": null, "end_time_stamp": null, "submit_time_stamp": null, "job_restarts": null, "job_qos": null, "job_partition": null, "job_nodes": null}, {"cmd": "python3 /rwthfs/rz/cluster/home/vx475510/miniforge3/envs/sparkle/lib/python3.10/site-packages/sparkle/configurator/configurator_cli.py SMAC2 /rwthfs/rz/cluster/home/vx475510/satellite-operations-planning/sparkle_example/Output/Configuration/Raw_Data/SMAC2/RandomForest_Iris/results/RandomForest_Iris_seed_63_smac.txt Output/Performance_Data/performance_data.csv Output/Configuration/Raw_Data/SMAC2/RandomForest_Iris/RandomForest_Iris_scenario.txt 63 /rwthfs/rz/cluster/home/vx475510/miniforge3/envs/sparkle/lib/python3.10/site-packages/sparkle/Components/smac2-v2.10.03-master-778/smac --scenario-file Output/Configuration/Raw_Data/SMAC2/RandomForest_Iris/RandomForest_Iris_scenario.txt --seed 63 ", "working_dir": ".", "output_file": "/rwthfs/rz/cluster/home/vx475510/satellite-operations-planning/sparkle_example/Output/Configuration/Raw_Data/SMAC2/RandomForest_Iris/results/RandomForest_Iris_seed_63_smac.txt", "stdout_file": "Output/Log/configure_solver_2025-04-01-10.09.44/SMAC2:_RandomForest_on_Iris-0011.out", "stderr_file": "Output/Log/configure_solver_2025-04-01-10.09.44/SMAC2:_RandomForest_on_Iris-0011.err", "slurm_job_id": "55634501_11", "job_state": null, "start_time_stamp": null, "end_time_stamp": null, "submit_time_stamp": null, "job_restarts": null, "job_qos": null, "job_partition": null, "job_nodes": null}, {"cmd": "python3 /rwthfs/rz/cluster/home/vx475510/miniforge3/envs/sparkle/lib/python3.10/site-packages/sparkle/configurator/configurator_cli.py SMAC2 /rwthfs/rz/cluster/home/vx475510/satellite-operations-planning/sparkle_example/Output/Configuration/Raw_Data/SMAC2/RandomForest_Iris/results/RandomForest_Iris_seed_64_smac.txt Output/Performance_Data/performance_data.csv Output/Configuration/Raw_Data/SMAC2/RandomForest_Iris/RandomForest_Iris_scenario.txt 64 /rwthfs/rz/cluster/home/vx475510/miniforge3/envs/sparkle/lib/python3.10/site-packages/sparkle/Components/smac2-v2.10.03-master-778/smac --scenario-file Output/Configuration/Raw_Data/SMAC2/RandomForest_Iris/RandomForest_Iris_scenario.txt --seed 64 ", "working_dir": ".", "output_file": "/rwthfs/rz/cluster/home/vx475510/satellite-operations-planning/sparkle_example/Output/Configuration/Raw_Data/SMAC2/RandomForest_Iris/results/RandomForest_Iris_seed_64_smac.txt", "stdout_file": "Output/Log/configure_solver_2025-04-01-10.09.44/SMAC2:_RandomForest_on_Iris-0012.out", "stderr_file": "Output/Log/configure_solver_2025-04-01-10.09.44/SMAC2:_RandomForest_on_Iris-0012.err", "slurm_job_id": "55634501_12", "job_state": null, "start_time_stamp": null, "end_time_stamp": null, "submit_time_stamp": null, "job_restarts": null, "job_qos": null, "job_partition": null, "job_nodes": null}, {"cmd": "python3 /rwthfs/rz/cluster/home/vx475510/miniforge3/envs/sparkle/lib/python3.10/site-packages/sparkle/configurator/configurator_cli.py SMAC2 /rwthfs/rz/cluster/home/vx475510/satellite-operations-planning/sparkle_example/Output/Configuration/Raw_Data/SMAC2/RandomForest_Iris/results/RandomForest_Iris_seed_65_smac.txt Output/Performance_Data/performance_data.csv Output/Configuration/Raw_Data/SMAC2/RandomForest_Iris/RandomForest_Iris_scenario.txt 65 /rwthfs/rz/cluster/home/vx475510/miniforge3/envs/sparkle/lib/python3.10/site-packages/sparkle/Components/smac2-v2.10.03-master-778/smac --scenario-file Output/Configuration/Raw_Data/SMAC2/RandomForest_Iris/RandomForest_Iris_scenario.txt --seed 65 ", "working_dir": ".", "output_file": "/rwthfs/rz/cluster/home/vx475510/satellite-operations-planning/sparkle_example/Output/Configuration/Raw_Data/SMAC2/RandomForest_Iris/results/RandomForest_Iris_seed_65_smac.txt", "stdout_file": "Output/Log/configure_solver_2025-04-01-10.09.44/SMAC2:_RandomForest_on_Iris-0013.out", "stderr_file": "Output/Log/configure_solver_2025-04-01-10.09.44/SMAC2:_RandomForest_on_Iris-0013.err", "slurm_job_id": "55634501_13", "job_state": null, "start_time_stamp": null, "end_time_stamp": null, "submit_time_stamp": null, "job_restarts": null, "job_qos": null, "job_partition": null, "job_nodes": null}, {"cmd": "python3 /rwthfs/rz/cluster/home/vx475510/miniforge3/envs/sparkle/lib/python3.10/site-packages/sparkle/configurator/configurator_cli.py SMAC2 /rwthfs/rz/cluster/home/vx475510/satellite-operations-planning/sparkle_example/Output/Configuration/Raw_Data/SMAC2/RandomForest_Iris/results/RandomForest_Iris_seed_66_smac.txt Output/Performance_Data/performance_data.csv Output/Configuration/Raw_Data/SMAC2/RandomForest_Iris/RandomForest_Iris_scenario.txt 66 /rwthfs/rz/cluster/home/vx475510/miniforge3/envs/sparkle/lib/python3.10/site-packages/sparkle/Components/smac2-v2.10.03-master-778/smac --scenario-file Output/Configuration/Raw_Data/SMAC2/RandomForest_Iris/RandomForest_Iris_scenario.txt --seed 66 ", "working_dir": ".", "output_file": "/rwthfs/rz/cluster/home/vx475510/satellite-operations-planning/sparkle_example/Output/Configuration/Raw_Data/SMAC2/RandomForest_Iris/results/RandomForest_Iris_seed_66_smac.txt", "stdout_file": "Output/Log/configure_solver_2025-04-01-10.09.44/SMAC2:_RandomForest_on_Iris-0014.out", "stderr_file": "Output/Log/configure_solver_2025-04-01-10.09.44/SMAC2:_RandomForest_on_Iris-0014.err", "slurm_job_id": "55634501_14", "job_state": null, "start_time_stamp": null, "end_time_stamp": null, "submit_time_stamp": null, "job_restarts": null, "job_qos": null, "job_partition": null, "job_nodes": null}, {"cmd": "python3 /rwthfs/rz/cluster/home/vx475510/miniforge3/envs/sparkle/lib/python3.10/site-packages/sparkle/configurator/configurator_cli.py SMAC2 /rwthfs/rz/cluster/home/vx475510/satellite-operations-planning/sparkle_example/Output/Configuration/Raw_Data/SMAC2/RandomForest_Iris/results/RandomForest_Iris_seed_67_smac.txt Output/Performance_Data/performance_data.csv Output/Configuration/Raw_Data/SMAC2/RandomForest_Iris/RandomForest_Iris_scenario.txt 67 /rwthfs/rz/cluster/home/vx475510/miniforge3/envs/sparkle/lib/python3.10/site-packages/sparkle/Components/smac2-v2.10.03-master-778/smac --scenario-file Output/Configuration/Raw_Data/SMAC2/RandomForest_Iris/RandomForest_Iris_scenario.txt --seed 67 ", "working_dir": ".", "output_file": "/rwthfs/rz/cluster/home/vx475510/satellite-operations-planning/sparkle_example/Output/Configuration/Raw_Data/SMAC2/RandomForest_Iris/results/RandomForest_Iris_seed_67_smac.txt", "stdout_file": "Output/Log/configure_solver_2025-04-01-10.09.44/SMAC2:_RandomForest_on_Iris-0015.out", "stderr_file": "Output/Log/configure_solver_2025-04-01-10.09.44/SMAC2:_RandomForest_on_Iris-0015.err", "slurm_job_id": "55634501_15", "job_state": null, "start_time_stamp": null, "end_time_stamp": null, "submit_time_stamp": null, "job_restarts": null, "job_qos": null, "job_partition": null, "job_nodes": null}, {"cmd": "python3 /rwthfs/rz/cluster/home/vx475510/miniforge3/envs/sparkle/lib/python3.10/site-packages/sparkle/configurator/configurator_cli.py SMAC2 /rwthfs/rz/cluster/home/vx475510/satellite-operations-planning/sparkle_example/Output/Configuration/Raw_Data/SMAC2/RandomForest_Iris/results/RandomForest_Iris_seed_68_smac.txt Output/Performance_Data/performance_data.csv Output/Configuration/Raw_Data/SMAC2/RandomForest_Iris/RandomForest_Iris_scenario.txt 68 /rwthfs/rz/cluster/home/vx475510/miniforge3/envs/sparkle/lib/python3.10/site-packages/sparkle/Components/smac2-v2.10.03-master-778/smac --scenario-file Output/Configuration/Raw_Data/SMAC2/RandomForest_Iris/RandomForest_Iris_scenario.txt --seed 68 ", "working_dir": ".", "output_file": "/rwthfs/rz/cluster/home/vx475510/satellite-operations-planning/sparkle_example/Output/Configuration/Raw_Data/SMAC2/RandomForest_Iris/results/RandomForest_Iris_seed_68_smac.txt", "stdout_file": "Output/Log/configure_solver_2025-04-01-10.09.44/SMAC2:_RandomForest_on_Iris-0016.out", "stderr_file": "Output/Log/configure_solver_2025-04-01-10.09.44/SMAC2:_RandomForest_on_Iris-0016.err", "slurm_job_id": "55634501_16", "job_state": null, "start_time_stamp": null, "end_time_stamp": null, "submit_time_stamp": null, "job_restarts": null, "job_qos": null, "job_partition": null, "job_nodes": null}, {"cmd": "python3 /rwthfs/rz/cluster/home/vx475510/miniforge3/envs/sparkle/lib/python3.10/site-packages/sparkle/configurator/configurator_cli.py SMAC2 /rwthfs/rz/cluster/home/vx475510/satellite-operations-planning/sparkle_example/Output/Configuration/Raw_Data/SMAC2/RandomForest_Iris/results/RandomForest_Iris_seed_69_smac.txt Output/Performance_Data/performance_data.csv Output/Configuration/Raw_Data/SMAC2/RandomForest_Iris/RandomForest_Iris_scenario.txt 69 /rwthfs/rz/cluster/home/vx475510/miniforge3/envs/sparkle/lib/python3.10/site-packages/sparkle/Components/smac2-v2.10.03-master-778/smac --scenario-file Output/Configuration/Raw_Data/SMAC2/RandomForest_Iris/RandomForest_Iris_scenario.txt --seed 69 ", "working_dir": ".", "output_file": "/rwthfs/rz/cluster/home/vx475510/satellite-operations-planning/sparkle_example/Output/Configuration/Raw_Data/SMAC2/RandomForest_Iris/results/RandomForest_Iris_seed_69_smac.txt", "stdout_file": "Output/Log/configure_solver_2025-04-01-10.09.44/SMAC2:_RandomForest_on_Iris-0017.out", "stderr_file": "Output/Log/configure_solver_2025-04-01-10.09.44/SMAC2:_RandomForest_on_Iris-0017.err", "slurm_job_id": "55634501_17", "job_state": null, "start_time_stamp": null, "end_time_stamp": null, "submit_time_stamp": null, "job_restarts": null, "job_qos": null, "job_partition": null, "job_nodes": null}, {"cmd": "python3 /rwthfs/rz/cluster/home/vx475510/miniforge3/envs/sparkle/lib/python3.10/site-packages/sparkle/configurator/configurator_cli.py SMAC2 /rwthfs/rz/cluster/home/vx475510/satellite-operations-planning/sparkle_example/Output/Configuration/Raw_Data/SMAC2/RandomForest_Iris/results/RandomForest_Iris_seed_70_smac.txt Output/Performance_Data/performance_data.csv Output/Configuration/Raw_Data/SMAC2/RandomForest_Iris/RandomForest_Iris_scenario.txt 70 /rwthfs/rz/cluster/home/vx475510/miniforge3/envs/sparkle/lib/python3.10/site-packages/sparkle/Components/smac2-v2.10.03-master-778/smac --scenario-file Output/Configuration/Raw_Data/SMAC2/RandomForest_Iris/RandomForest_Iris_scenario.txt --seed 70 ", "working_dir": ".", "output_file": "/rwthfs/rz/cluster/home/vx475510/satellite-operations-planning/sparkle_example/Output/Configuration/Raw_Data/SMAC2/RandomForest_Iris/results/RandomForest_Iris_seed_70_smac.txt", "stdout_file": "Output/Log/configure_solver_2025-04-01-10.09.44/SMAC2:_RandomForest_on_Iris-0018.out", "stderr_file": "Output/Log/configure_solver_2025-04-01-10.09.44/SMAC2:_RandomForest_on_Iris-0018.err", "slurm_job_id": "55634501_18", "job_state": null, "start_time_stamp": null, "end_time_stamp": null, "submit_time_stamp": null, "job_restarts": null, "job_qos": null, "job_partition": null, "job_nodes": null}, {"cmd": "python3 /rwthfs/rz/cluster/home/vx475510/miniforge3/envs/sparkle/lib/python3.10/site-packages/sparkle/configurator/configurator_cli.py SMAC2 /rwthfs/rz/cluster/home/vx475510/satellite-operations-planning/sparkle_example/Output/Configuration/Raw_Data/SMAC2/RandomForest_Iris/results/RandomForest_Iris_seed_71_smac.txt Output/Performance_Data/performance_data.csv Output/Configuration/Raw_Data/SMAC2/RandomForest_Iris/RandomForest_Iris_scenario.txt 71 /rwthfs/rz/cluster/home/vx475510/miniforge3/envs/sparkle/lib/python3.10/site-packages/sparkle/Components/smac2-v2.10.03-master-778/smac --scenario-file Output/Configuration/Raw_Data/SMAC2/RandomForest_Iris/RandomForest_Iris_scenario.txt --seed 71 ", "working_dir": ".", "output_file": "/rwthfs/rz/cluster/home/vx475510/satellite-operations-planning/sparkle_example/Output/Configuration/Raw_Data/SMAC2/RandomForest_Iris/results/RandomForest_Iris_seed_71_smac.txt", "stdout_file": "Output/Log/configure_solver_2025-04-01-10.09.44/SMAC2:_RandomForest_on_Iris-0019.out", "stderr_file": "Output/Log/configure_solver_2025-04-01-10.09.44/SMAC2:_RandomForest_on_Iris-0019.err", "slurm_job_id": "55634501_19", "job_state": null, "start_time_stamp": null, "end_time_stamp": null, "submit_time_stamp": null, "job_restarts": null, "job_qos": null, "job_partition": null, "job_nodes": null}, {"cmd": "python3 /rwthfs/rz/cluster/home/vx475510/miniforge3/envs/sparkle/lib/python3.10/site-packages/sparkle/configurator/configurator_cli.py SMAC2 /rwthfs/rz/cluster/home/vx475510/satellite-operations-planning/sparkle_example/Output/Configuration/Raw_Data/SMAC2/RandomForest_Iris/results/RandomForest_Iris_seed_72_smac.txt Output/Performance_Data/performance_data.csv Output/Configuration/Raw_Data/SMAC2/RandomForest_Iris/RandomForest_Iris_scenario.txt 72 /rwthfs/rz/cluster/home/vx475510/miniforge3/envs/sparkle/lib/python3.10/site-packages/sparkle/Components/smac2-v2.10.03-master-778/smac --scenario-file Output/Configuration/Raw_Data/SMAC2/RandomForest_Iris/RandomForest_Iris_scenario.txt --seed 72 ", "working_dir": ".", "output_file": "/rwthfs/rz/cluster/home/vx475510/satellite-operations-planning/sparkle_example/Output/Configuration/Raw_Data/SMAC2/RandomForest_Iris/results/RandomForest_Iris_seed_72_smac.txt", "stdout_file": "Output/Log/configure_solver_2025-04-01-10.09.44/SMAC2:_RandomForest_on_Iris-0020.out", "stderr_file": "Output/Log/configure_solver_2025-04-01-10.09.44/SMAC2:_RandomForest_on_Iris-0020.err", "slurm_job_id": "55634501_20", "job_state": null, "start_time_stamp": null, "end_time_stamp": null, "submit_time_stamp": null, "job_restarts": null, "job_qos": null, "job_partition": null, "job_nodes": null}, {"cmd": "python3 /rwthfs/rz/cluster/home/vx475510/miniforge3/envs/sparkle/lib/python3.10/site-packages/sparkle/configurator/configurator_cli.py SMAC2 /rwthfs/rz/cluster/home/vx475510/satellite-operations-planning/sparkle_example/Output/Configuration/Raw_Data/SMAC2/RandomForest_Iris/results/RandomForest_Iris_seed_73_smac.txt Output/Performance_Data/performance_data.csv Output/Configuration/Raw_Data/SMAC2/RandomForest_Iris/RandomForest_Iris_scenario.txt 73 /rwthfs/rz/cluster/home/vx475510/miniforge3/envs/sparkle/lib/python3.10/site-packages/sparkle/Components/smac2-v2.10.03-master-778/smac --scenario-file Output/Configuration/Raw_Data/SMAC2/RandomForest_Iris/RandomForest_Iris_scenario.txt --seed 73 ", "working_dir": ".", "output_file": "/rwthfs/rz/cluster/home/vx475510/satellite-operations-planning/sparkle_example/Output/Configuration/Raw_Data/SMAC2/RandomForest_Iris/results/RandomForest_Iris_seed_73_smac.txt", "stdout_file": "Output/Log/configure_solver_2025-04-01-10.09.44/SMAC2:_RandomForest_on_Iris-0021.out", "stderr_file": "Output/Log/configure_solver_2025-04-01-10.09.44/SMAC2:_RandomForest_on_Iris-0021.err", "slurm_job_id": "55634501_21", "job_state": null, "start_time_stamp": null, "end_time_stamp": null, "submit_time_stamp": null, "job_restarts": null, "job_qos": null, "job_partition": null, "job_nodes": null}, {"cmd": "python3 /rwthfs/rz/cluster/home/vx475510/miniforge3/envs/sparkle/lib/python3.10/site-packages/sparkle/configurator/configurator_cli.py SMAC2 /rwthfs/rz/cluster/home/vx475510/satellite-operations-planning/sparkle_example/Output/Configuration/Raw_Data/SMAC2/RandomForest_Iris/results/RandomForest_Iris_seed_74_smac.txt Output/Performance_Data/performance_data.csv Output/Configuration/Raw_Data/SMAC2/RandomForest_Iris/RandomForest_Iris_scenario.txt 74 /rwthfs/rz/cluster/home/vx475510/miniforge3/envs/sparkle/lib/python3.10/site-packages/sparkle/Components/smac2-v2.10.03-master-778/smac --scenario-file Output/Configuration/Raw_Data/SMAC2/RandomForest_Iris/RandomForest_Iris_scenario.txt --seed 74 ", "working_dir": ".", "output_file": "/rwthfs/rz/cluster/home/vx475510/satellite-operations-planning/sparkle_example/Output/Configuration/Raw_Data/SMAC2/RandomForest_Iris/results/RandomForest_Iris_seed_74_smac.txt", "stdout_file": "Output/Log/configure_solver_2025-04-01-10.09.44/SMAC2:_RandomForest_on_Iris-0022.out", "stderr_file": "Output/Log/configure_solver_2025-04-01-10.09.44/SMAC2:_RandomForest_on_Iris-0022.err", "slurm_job_id": "55634501_22", "job_state": null, "start_time_stamp": null, "end_time_stamp": null, "submit_time_stamp": null, "job_restarts": null, "job_qos": null, "job_partition": null, "job_nodes": null}, {"cmd": "python3 /rwthfs/rz/cluster/home/vx475510/miniforge3/envs/sparkle/lib/python3.10/site-packages/sparkle/configurator/configurator_cli.py SMAC2 /rwthfs/rz/cluster/home/vx475510/satellite-operations-planning/sparkle_example/Output/Configuration/Raw_Data/SMAC2/RandomForest_Iris/results/RandomForest_Iris_seed_75_smac.txt Output/Performance_Data/performance_data.csv Output/Configuration/Raw_Data/SMAC2/RandomForest_Iris/RandomForest_Iris_scenario.txt 75 /rwthfs/rz/cluster/home/vx475510/miniforge3/envs/sparkle/lib/python3.10/site-packages/sparkle/Components/smac2-v2.10.03-master-778/smac --scenario-file Output/Configuration/Raw_Data/SMAC2/RandomForest_Iris/RandomForest_Iris_scenario.txt --seed 75 ", "working_dir": ".", "output_file": "/rwthfs/rz/cluster/home/vx475510/satellite-operations-planning/sparkle_example/Output/Configuration/Raw_Data/SMAC2/RandomForest_Iris/results/RandomForest_Iris_seed_75_smac.txt", "stdout_file": "Output/Log/configure_solver_2025-04-01-10.09.44/SMAC2:_RandomForest_on_Iris-0023.out", "stderr_file": "Output/Log/configure_solver_2025-04-01-10.09.44/SMAC2:_RandomForest_on_Iris-0023.err", "slurm_job_id": "55634501_23", "job_state": null, "start_time_stamp": null, "end_time_stamp": null, "submit_time_stamp": null, "job_restarts": null, "job_qos": null, "job_partition": null, "job_nodes": null}, {"cmd": "python3 /rwthfs/rz/cluster/home/vx475510/miniforge3/envs/sparkle/lib/python3.10/site-packages/sparkle/configurator/configurator_cli.py SMAC2 /rwthfs/rz/cluster/home/vx475510/satellite-operations-planning/sparkle_example/Output/Configuration/Raw_Data/SMAC2/RandomForest_Iris/results/RandomForest_Iris_seed_76_smac.txt Output/Performance_Data/performance_data.csv Output/Configuration/Raw_Data/SMAC2/RandomForest_Iris/RandomForest_Iris_scenario.txt 76 /rwthfs/rz/cluster/home/vx475510/miniforge3/envs/sparkle/lib/python3.10/site-packages/sparkle/Components/smac2-v2.10.03-master-778/smac --scenario-file Output/Configuration/Raw_Data/SMAC2/RandomForest_Iris/RandomForest_Iris_scenario.txt --seed 76 ", "working_dir": ".", "output_file": "/rwthfs/rz/cluster/home/vx475510/satellite-operations-planning/sparkle_example/Output/Configuration/Raw_Data/SMAC2/RandomForest_Iris/results/RandomForest_Iris_seed_76_smac.txt", "stdout_file": "Output/Log/configure_solver_2025-04-01-10.09.44/SMAC2:_RandomForest_on_Iris-0024.out", "stderr_file": "Output/Log/configure_solver_2025-04-01-10.09.44/SMAC2:_RandomForest_on_Iris-0024.err", "slurm_job_id": "55634501_24", "job_state": null, "start_time_stamp": null, "end_time_stamp": null, "submit_time_stamp": null, "job_restarts": null, "job_qos": null, "job_partition": null, "job_nodes": null}], "parallel_jobs": 25, "submitted": true, "run_id": "55634501", "prepend": ""}