{"name": "SMAC2: Validating 6 TestSolver Configurations on Basic_6h_year", "base_dir": "Output/Log/configure_solver_2025-04-22-12.17.06", "dependencies": [{"name": "SMAC2: TestSolver on Basic_6h_year", "base_dir": "Output/Log/configure_solver_2025-04-22-12.17.06", "dependencies": [], "sbatch_options": ["--qos=normal", "--mem=10000", "--time=40:00", "--partition=c23ms"], "srun_options": [], "jobs": [{"cmd": "python3 /rwthfs/rz/cluster/home/vx475510/miniforge3/envs/sparkle/lib/python3.10/site-packages/sparkle/configurator/configurator_cli.py SMAC2 /rwthfs/rz/cluster/home/vx475510/satellite-operations-planning/sparkle/Output/Configuration/Raw_Data/SMAC2/TestSolver_Basic_6h_year/results/TestSolver_Basic_6h_year_seed_2_smac.txt Output/Performance_Data/performance_data.csv Output/Configuration/Raw_Data/SMAC2/TestSolver_Basic_6h_year/TestSolver_Basic_6h_year_scenario.txt 2 /rwthfs/rz/cluster/home/vx475510/miniforge3/envs/sparkle/lib/python3.10/site-packages/sparkle/Components/smac2-v2.10.03-master-778/smac --scenario-file Output/Configuration/Raw_Data/SMAC2/TestSolver_Basic_6h_year/TestSolver_Basic_6h_year_scenario.txt --seed 2 ", "working_dir": ".", "output_file": "/rwthfs/rz/cluster/home/vx475510/satellite-operations-planning/sparkle/Output/Configuration/Raw_Data/SMAC2/TestSolver_Basic_6h_year/results/TestSolver_Basic_6h_year_seed_2_smac.txt", "stdout_file": "Output/Log/configure_solver_2025-04-22-12.17.06/SMAC2:_TestSolver_on_Basic_6h_year-0000.out", "stderr_file": "Output/Log/configure_solver_2025-04-22-12.17.06/SMAC2:_TestSolver_on_Basic_6h_year-0000.err", "slurm_job_id": "56309973_0", "job_state": null, "start_time_stamp": null, "end_time_stamp": null, "submit_time_stamp": null, "job_restarts": null, "job_qos": null, "job_partition": null, "job_nodes": null}, {"cmd": "python3 /rwthfs/rz/cluster/home/vx475510/miniforge3/envs/sparkle/lib/python3.10/site-packages/sparkle/configurator/configurator_cli.py SMAC2 /rwthfs/rz/cluster/home/vx475510/satellite-operations-planning/sparkle/Output/Configuration/Raw_Data/SMAC2/TestSolver_Basic_6h_year/results/TestSolver_Basic_6h_year_seed_3_smac.txt Output/Performance_Data/performance_data.csv Output/Configuration/Raw_Data/SMAC2/TestSolver_Basic_6h_year/TestSolver_Basic_6h_year_scenario.txt 3 /rwthfs/rz/cluster/home/vx475510/miniforge3/envs/sparkle/lib/python3.10/site-packages/sparkle/Components/smac2-v2.10.03-master-778/smac --scenario-file Output/Configuration/Raw_Data/SMAC2/TestSolver_Basic_6h_year/TestSolver_Basic_6h_year_scenario.txt --seed 3 ", "working_dir": ".", "output_file": "/rwthfs/rz/cluster/home/vx475510/satellite-operations-planning/sparkle/Output/Configuration/Raw_Data/SMAC2/TestSolver_Basic_6h_year/results/TestSolver_Basic_6h_year_seed_3_smac.txt", "stdout_file": "Output/Log/configure_solver_2025-04-22-12.17.06/SMAC2:_TestSolver_on_Basic_6h_year-0001.out", "stderr_file": "Output/Log/configure_solver_2025-04-22-12.17.06/SMAC2:_TestSolver_on_Basic_6h_year-0001.err", "slurm_job_id": "56309973_1", "job_state": null, "start_time_stamp": null, "end_time_stamp": null, "submit_time_stamp": null, "job_restarts": null, "job_qos": null, "job_partition": null, "job_nodes": null}, {"cmd": "python3 /rwthfs/rz/cluster/home/vx475510/miniforge3/envs/sparkle/lib/python3.10/site-packages/sparkle/configurator/configurator_cli.py SMAC2 /rwthfs/rz/cluster/home/vx475510/satellite-operations-planning/sparkle/Output/Configuration/Raw_Data/SMAC2/TestSolver_Basic_6h_year/results/TestSolver_Basic_6h_year_seed_4_smac.txt Output/Performance_Data/performance_data.csv Output/Configuration/Raw_Data/SMAC2/TestSolver_Basic_6h_year/TestSolver_Basic_6h_year_scenario.txt 4 /rwthfs/rz/cluster/home/vx475510/miniforge3/envs/sparkle/lib/python3.10/site-packages/sparkle/Components/smac2-v2.10.03-master-778/smac --scenario-file Output/Configuration/Raw_Data/SMAC2/TestSolver_Basic_6h_year/TestSolver_Basic_6h_year_scenario.txt --seed 4 ", "working_dir": ".", "output_file": "/rwthfs/rz/cluster/home/vx475510/satellite-operations-planning/sparkle/Output/Configuration/Raw_Data/SMAC2/TestSolver_Basic_6h_year/results/TestSolver_Basic_6h_year_seed_4_smac.txt", "stdout_file": "Output/Log/configure_solver_2025-04-22-12.17.06/SMAC2:_TestSolver_on_Basic_6h_year-0002.out", "stderr_file": "Output/Log/configure_solver_2025-04-22-12.17.06/SMAC2:_TestSolver_on_Basic_6h_year-0002.err", "slurm_job_id": "56309973_2", "job_state": null, "start_time_stamp": null, "end_time_stamp": null, "submit_time_stamp": null, "job_restarts": null, "job_qos": null, "job_partition": null, "job_nodes": null}, {"cmd": "python3 /rwthfs/rz/cluster/home/vx475510/miniforge3/envs/sparkle/lib/python3.10/site-packages/sparkle/configurator/configurator_cli.py SMAC2 /rwthfs/rz/cluster/home/vx475510/satellite-operations-planning/sparkle/Output/Configuration/Raw_Data/SMAC2/TestSolver_Basic_6h_year/results/TestSolver_Basic_6h_year_seed_5_smac.txt Output/Performance_Data/performance_data.csv Output/Configuration/Raw_Data/SMAC2/TestSolver_Basic_6h_year/TestSolver_Basic_6h_year_scenario.txt 5 /rwthfs/rz/cluster/home/vx475510/miniforge3/envs/sparkle/lib/python3.10/site-packages/sparkle/Components/smac2-v2.10.03-master-778/smac --scenario-file Output/Configuration/Raw_Data/SMAC2/TestSolver_Basic_6h_year/TestSolver_Basic_6h_year_scenario.txt --seed 5 ", "working_dir": ".", "output_file": "/rwthfs/rz/cluster/home/vx475510/satellite-operations-planning/sparkle/Output/Configuration/Raw_Data/SMAC2/TestSolver_Basic_6h_year/results/TestSolver_Basic_6h_year_seed_5_smac.txt", "stdout_file": "Output/Log/configure_solver_2025-04-22-12.17.06/SMAC2:_TestSolver_on_Basic_6h_year-0003.out", "stderr_file": "Output/Log/configure_solver_2025-04-22-12.17.06/SMAC2:_TestSolver_on_Basic_6h_year-0003.err", "slurm_job_id": "56309973_3", "job_state": null, "start_time_stamp": null, "end_time_stamp": null, "submit_time_stamp": null, "job_restarts": null, "job_qos": null, "job_partition": null, "job_nodes": null}, {"cmd": "python3 /rwthfs/rz/cluster/home/vx475510/miniforge3/envs/sparkle/lib/python3.10/site-packages/sparkle/configurator/configurator_cli.py SMAC2 /rwthfs/rz/cluster/home/vx475510/satellite-operations-planning/sparkle/Output/Configuration/Raw_Data/SMAC2/TestSolver_Basic_6h_year/results/TestSolver_Basic_6h_year_seed_6_smac.txt Output/Performance_Data/performance_data.csv Output/Configuration/Raw_Data/SMAC2/TestSolver_Basic_6h_year/TestSolver_Basic_6h_year_scenario.txt 6 /rwthfs/rz/cluster/home/vx475510/miniforge3/envs/sparkle/lib/python3.10/site-packages/sparkle/Components/smac2-v2.10.03-master-778/smac --scenario-file Output/Configuration/Raw_Data/SMAC2/TestSolver_Basic_6h_year/TestSolver_Basic_6h_year_scenario.txt --seed 6 ", "working_dir": ".", "output_file": "/rwthfs/rz/cluster/home/vx475510/satellite-operations-planning/sparkle/Output/Configuration/Raw_Data/SMAC2/TestSolver_Basic_6h_year/results/TestSolver_Basic_6h_year_seed_6_smac.txt", "stdout_file": "Output/Log/configure_solver_2025-04-22-12.17.06/SMAC2:_TestSolver_on_Basic_6h_year-0004.out", "stderr_file": "Output/Log/configure_solver_2025-04-22-12.17.06/SMAC2:_TestSolver_on_Basic_6h_year-0004.err", "slurm_job_id": "56309973_4", "job_state": null, "start_time_stamp": null, "end_time_stamp": null, "submit_time_stamp": null, "job_restarts": null, "job_qos": null, "job_partition": null, "job_nodes": null}, {"cmd": "python3 /rwthfs/rz/cluster/home/vx475510/miniforge3/envs/sparkle/lib/python3.10/site-packages/sparkle/configurator/configurator_cli.py SMAC2 /rwthfs/rz/cluster/home/vx475510/satellite-operations-planning/sparkle/Output/Configuration/Raw_Data/SMAC2/TestSolver_Basic_6h_year/results/TestSolver_Basic_6h_year_seed_7_smac.txt Output/Performance_Data/performance_data.csv Output/Configuration/Raw_Data/SMAC2/TestSolver_Basic_6h_year/TestSolver_Basic_6h_year_scenario.txt 7 /rwthfs/rz/cluster/home/vx475510/miniforge3/envs/sparkle/lib/python3.10/site-packages/sparkle/Components/smac2-v2.10.03-master-778/smac --scenario-file Output/Configuration/Raw_Data/SMAC2/TestSolver_Basic_6h_year/TestSolver_Basic_6h_year_scenario.txt --seed 7 ", "working_dir": ".", "output_file": "/rwthfs/rz/cluster/home/vx475510/satellite-operations-planning/sparkle/Output/Configuration/Raw_Data/SMAC2/TestSolver_Basic_6h_year/results/TestSolver_Basic_6h_year_seed_7_smac.txt", "stdout_file": "Output/Log/configure_solver_2025-04-22-12.17.06/SMAC2:_TestSolver_on_Basic_6h_year-0005.out", "stderr_file": "Output/Log/configure_solver_2025-04-22-12.17.06/SMAC2:_TestSolver_on_Basic_6h_year-0005.err", "slurm_job_id": "56309973_5", "job_state": null, "start_time_stamp": null, "end_time_stamp": null, "submit_time_stamp": null, "job_restarts": null, "job_qos": null, "job_partition": null, "job_nodes": null}], "parallel_jobs": 25, "submitted": true, "run_id": "56309973", "prepend": "export CONDA_ROOT=$HOME/miniforge3\nsource $CONDA_ROOT/etc/profile.d/conda.sh\nexport PATH=\"$CONDA_ROOT/bin:$PATH\"\nconda activate sparkle"}], "sbatch_options": ["--qos=normal", "--mem=10000", "--time=40:00", "--partition=c23ms"], "srun_options": [], "jobs": [{"cmd": "python3 /rwthfs/rz/cluster/home/vx475510/miniforge3/envs/sparkle/lib/python3.10/site-packages/sparkle/solver/solver_cli.py --solver Solvers/TestSolver --instance Instances/Basic_6h_year/problem_instance_europe_nov_6h.json --run-index 2 --performance-dataframe Output/Performance_Data/performance_data.csv --cutoff-time 60 --log-dir Output/Configuration/Raw_Data/SMAC2/TestSolver_Basic_6h_year/validation   ", "working_dir": ".", "output_file": null, "stdout_file": "Output/Log/configure_solver_2025-04-22-12.17.06/SMAC2:_Validating_6_TestSolver_Configurations_on_Basic_6h_year-0000.out", "stderr_file": "Output/Log/configure_solver_2025-04-22-12.17.06/SMAC2:_Validating_6_TestSolver_Configurations_on_Basic_6h_year-0000.err", "slurm_job_id": "56309974_0", "job_state": null, "start_time_stamp": null, "end_time_stamp": null, "submit_time_stamp": null, "job_restarts": null, "job_qos": null, "job_partition": null, "job_nodes": null}, {"cmd": "python3 /rwthfs/rz/cluster/home/vx475510/miniforge3/envs/sparkle/lib/python3.10/site-packages/sparkle/solver/solver_cli.py --solver Solvers/TestSolver --instance Instances/Basic_6h_year/problem_instance_europe_nov_6h.json --run-index 3 --performance-dataframe Output/Performance_Data/performance_data.csv --cutoff-time 60 --log-dir Output/Configuration/Raw_Data/SMAC2/TestSolver_Basic_6h_year/validation   ", "working_dir": ".", "output_file": null, "stdout_file": "Output/Log/configure_solver_2025-04-22-12.17.06/SMAC2:_Validating_6_TestSolver_Configurations_on_Basic_6h_year-0001.out", "stderr_file": "Output/Log/configure_solver_2025-04-22-12.17.06/SMAC2:_Validating_6_TestSolver_Configurations_on_Basic_6h_year-0001.err", "slurm_job_id": "56309974_1", "job_state": null, "start_time_stamp": null, "end_time_stamp": null, "submit_time_stamp": null, "job_restarts": null, "job_qos": null, "job_partition": null, "job_nodes": null}, {"cmd": "python3 /rwthfs/rz/cluster/home/vx475510/miniforge3/envs/sparkle/lib/python3.10/site-packages/sparkle/solver/solver_cli.py --solver Solvers/TestSolver --instance Instances/Basic_6h_year/problem_instance_europe_nov_6h.json --run-index 4 --performance-dataframe Output/Performance_Data/performance_data.csv --cutoff-time 60 --log-dir Output/Configuration/Raw_Data/SMAC2/TestSolver_Basic_6h_year/validation   ", "working_dir": ".", "output_file": null, "stdout_file": "Output/Log/configure_solver_2025-04-22-12.17.06/SMAC2:_Validating_6_TestSolver_Configurations_on_Basic_6h_year-0002.out", "stderr_file": "Output/Log/configure_solver_2025-04-22-12.17.06/SMAC2:_Validating_6_TestSolver_Configurations_on_Basic_6h_year-0002.err", "slurm_job_id": "56309974_2", "job_state": null, "start_time_stamp": null, "end_time_stamp": null, "submit_time_stamp": null, "job_restarts": null, "job_qos": null, "job_partition": null, "job_nodes": null}, {"cmd": "python3 /rwthfs/rz/cluster/home/vx475510/miniforge3/envs/sparkle/lib/python3.10/site-packages/sparkle/solver/solver_cli.py --solver Solvers/TestSolver --instance Instances/Basic_6h_year/problem_instance_europe_nov_6h.json --run-index 5 --performance-dataframe Output/Performance_Data/performance_data.csv --cutoff-time 60 --log-dir Output/Configuration/Raw_Data/SMAC2/TestSolver_Basic_6h_year/validation   ", "working_dir": ".", "output_file": null, "stdout_file": "Output/Log/configure_solver_2025-04-22-12.17.06/SMAC2:_Validating_6_TestSolver_Configurations_on_Basic_6h_year-0003.out", "stderr_file": "Output/Log/configure_solver_2025-04-22-12.17.06/SMAC2:_Validating_6_TestSolver_Configurations_on_Basic_6h_year-0003.err", "slurm_job_id": "56309974_3", "job_state": null, "start_time_stamp": null, "end_time_stamp": null, "submit_time_stamp": null, "job_restarts": null, "job_qos": null, "job_partition": null, "job_nodes": null}, {"cmd": "python3 /rwthfs/rz/cluster/home/vx475510/miniforge3/envs/sparkle/lib/python3.10/site-packages/sparkle/solver/solver_cli.py --solver Solvers/TestSolver --instance Instances/Basic_6h_year/problem_instance_europe_nov_6h.json --run-index 6 --performance-dataframe Output/Performance_Data/performance_data.csv --cutoff-time 60 --log-dir Output/Configuration/Raw_Data/SMAC2/TestSolver_Basic_6h_year/validation   ", "working_dir": ".", "output_file": null, "stdout_file": "Output/Log/configure_solver_2025-04-22-12.17.06/SMAC2:_Validating_6_TestSolver_Configurations_on_Basic_6h_year-0004.out", "stderr_file": "Output/Log/configure_solver_2025-04-22-12.17.06/SMAC2:_Validating_6_TestSolver_Configurations_on_Basic_6h_year-0004.err", "slurm_job_id": "56309974_4", "job_state": null, "start_time_stamp": null, "end_time_stamp": null, "submit_time_stamp": null, "job_restarts": null, "job_qos": null, "job_partition": null, "job_nodes": null}, {"cmd": "python3 /rwthfs/rz/cluster/home/vx475510/miniforge3/envs/sparkle/lib/python3.10/site-packages/sparkle/solver/solver_cli.py --solver Solvers/TestSolver --instance Instances/Basic_6h_year/problem_instance_europe_nov_6h.json --run-index 7 --performance-dataframe Output/Performance_Data/performance_data.csv --cutoff-time 60 --log-dir Output/Configuration/Raw_Data/SMAC2/TestSolver_Basic_6h_year/validation   ", "working_dir": ".", "output_file": null, "stdout_file": "Output/Log/configure_solver_2025-04-22-12.17.06/SMAC2:_Validating_6_TestSolver_Configurations_on_Basic_6h_year-0005.out", "stderr_file": "Output/Log/configure_solver_2025-04-22-12.17.06/SMAC2:_Validating_6_TestSolver_Configurations_on_Basic_6h_year-0005.err", "slurm_job_id": "56309974_5", "job_state": null, "start_time_stamp": null, "end_time_stamp": null, "submit_time_stamp": null, "job_restarts": null, "job_qos": null, "job_partition": null, "job_nodes": null}, {"cmd": "python3 /rwthfs/rz/cluster/home/vx475510/miniforge3/envs/sparkle/lib/python3.10/site-packages/sparkle/solver/solver_cli.py --solver Solvers/TestSolver --instance Instances/Basic_6h_year/problem_instance_europe_apr_6h.json --run-index 2 --performance-dataframe Output/Performance_Data/performance_data.csv --cutoff-time 60 --log-dir Output/Configuration/Raw_Data/SMAC2/TestSolver_Basic_6h_year/validation   ", "working_dir": ".", "output_file": null, "stdout_file": "Output/Log/configure_solver_2025-04-22-12.17.06/SMAC2:_Validating_6_TestSolver_Configurations_on_Basic_6h_year-0006.out", "stderr_file": "Output/Log/configure_solver_2025-04-22-12.17.06/SMAC2:_Validating_6_TestSolver_Configurations_on_Basic_6h_year-0006.err", "slurm_job_id": "56309974_6", "job_state": null, "start_time_stamp": null, "end_time_stamp": null, "submit_time_stamp": null, "job_restarts": null, "job_qos": null, "job_partition": null, "job_nodes": null}, {"cmd": "python3 /rwthfs/rz/cluster/home/vx475510/miniforge3/envs/sparkle/lib/python3.10/site-packages/sparkle/solver/solver_cli.py --solver Solvers/TestSolver --instance Instances/Basic_6h_year/problem_instance_europe_apr_6h.json --run-index 3 --performance-dataframe Output/Performance_Data/performance_data.csv --cutoff-time 60 --log-dir Output/Configuration/Raw_Data/SMAC2/TestSolver_Basic_6h_year/validation   ", "working_dir": ".", "output_file": null, "stdout_file": "Output/Log/configure_solver_2025-04-22-12.17.06/SMAC2:_Validating_6_TestSolver_Configurations_on_Basic_6h_year-0007.out", "stderr_file": "Output/Log/configure_solver_2025-04-22-12.17.06/SMAC2:_Validating_6_TestSolver_Configurations_on_Basic_6h_year-0007.err", "slurm_job_id": "56309974_7", "job_state": null, "start_time_stamp": null, "end_time_stamp": null, "submit_time_stamp": null, "job_restarts": null, "job_qos": null, "job_partition": null, "job_nodes": null}, {"cmd": "python3 /rwthfs/rz/cluster/home/vx475510/miniforge3/envs/sparkle/lib/python3.10/site-packages/sparkle/solver/solver_cli.py --solver Solvers/TestSolver --instance Instances/Basic_6h_year/problem_instance_europe_apr_6h.json --run-index 4 --performance-dataframe Output/Performance_Data/performance_data.csv --cutoff-time 60 --log-dir Output/Configuration/Raw_Data/SMAC2/TestSolver_Basic_6h_year/validation   ", "working_dir": ".", "output_file": null, "stdout_file": "Output/Log/configure_solver_2025-04-22-12.17.06/SMAC2:_Validating_6_TestSolver_Configurations_on_Basic_6h_year-0008.out", "stderr_file": "Output/Log/configure_solver_2025-04-22-12.17.06/SMAC2:_Validating_6_TestSolver_Configurations_on_Basic_6h_year-0008.err", "slurm_job_id": "56309974_8", "job_state": null, "start_time_stamp": null, "end_time_stamp": null, "submit_time_stamp": null, "job_restarts": null, "job_qos": null, "job_partition": null, "job_nodes": null}, {"cmd": "python3 /rwthfs/rz/cluster/home/vx475510/miniforge3/envs/sparkle/lib/python3.10/site-packages/sparkle/solver/solver_cli.py --solver Solvers/TestSolver --instance Instances/Basic_6h_year/problem_instance_europe_apr_6h.json --run-index 5 --performance-dataframe Output/Performance_Data/performance_data.csv --cutoff-time 60 --log-dir Output/Configuration/Raw_Data/SMAC2/TestSolver_Basic_6h_year/validation   ", "working_dir": ".", "output_file": null, "stdout_file": "Output/Log/configure_solver_2025-04-22-12.17.06/SMAC2:_Validating_6_TestSolver_Configurations_on_Basic_6h_year-0009.out", "stderr_file": "Output/Log/configure_solver_2025-04-22-12.17.06/SMAC2:_Validating_6_TestSolver_Configurations_on_Basic_6h_year-0009.err", "slurm_job_id": "56309974_9", "job_state": null, "start_time_stamp": null, "end_time_stamp": null, "submit_time_stamp": null, "job_restarts": null, "job_qos": null, "job_partition": null, "job_nodes": null}, {"cmd": "python3 /rwthfs/rz/cluster/home/vx475510/miniforge3/envs/sparkle/lib/python3.10/site-packages/sparkle/solver/solver_cli.py --solver Solvers/TestSolver --instance Instances/Basic_6h_year/problem_instance_europe_apr_6h.json --run-index 6 --performance-dataframe Output/Performance_Data/performance_data.csv --cutoff-time 60 --log-dir Output/Configuration/Raw_Data/SMAC2/TestSolver_Basic_6h_year/validation   ", "working_dir": ".", "output_file": null, "stdout_file": "Output/Log/configure_solver_2025-04-22-12.17.06/SMAC2:_Validating_6_TestSolver_Configurations_on_Basic_6h_year-0010.out", "stderr_file": "Output/Log/configure_solver_2025-04-22-12.17.06/SMAC2:_Validating_6_TestSolver_Configurations_on_Basic_6h_year-0010.err", "slurm_job_id": "56309974_10", "job_state": null, "start_time_stamp": null, "end_time_stamp": null, "submit_time_stamp": null, "job_restarts": null, "job_qos": null, "job_partition": null, "job_nodes": null}, {"cmd": "python3 /rwthfs/rz/cluster/home/vx475510/miniforge3/envs/sparkle/lib/python3.10/site-packages/sparkle/solver/solver_cli.py --solver Solvers/TestSolver --instance Instances/Basic_6h_year/problem_instance_europe_apr_6h.json --run-index 7 --performance-dataframe Output/Performance_Data/performance_data.csv --cutoff-time 60 --log-dir Output/Configuration/Raw_Data/SMAC2/TestSolver_Basic_6h_year/validation   ", "working_dir": ".", "output_file": null, "stdout_file": "Output/Log/configure_solver_2025-04-22-12.17.06/SMAC2:_Validating_6_TestSolver_Configurations_on_Basic_6h_year-0011.out", "stderr_file": "Output/Log/configure_solver_2025-04-22-12.17.06/SMAC2:_Validating_6_TestSolver_Configurations_on_Basic_6h_year-0011.err", "slurm_job_id": "56309974_11", "job_state": null, "start_time_stamp": null, "end_time_stamp": null, "submit_time_stamp": null, "job_restarts": null, "job_qos": null, "job_partition": null, "job_nodes": null}, {"cmd": "python3 /rwthfs/rz/cluster/home/vx475510/miniforge3/envs/sparkle/lib/python3.10/site-packages/sparkle/solver/solver_cli.py --solver Solvers/TestSolver --instance Instances/Basic_6h_year/problem_instance_europe_dec_6h.json --run-index 2 --performance-dataframe Output/Performance_Data/performance_data.csv --cutoff-time 60 --log-dir Output/Configuration/Raw_Data/SMAC2/TestSolver_Basic_6h_year/validation   ", "working_dir": ".", "output_file": null, "stdout_file": "Output/Log/configure_solver_2025-04-22-12.17.06/SMAC2:_Validating_6_TestSolver_Configurations_on_Basic_6h_year-0012.out", "stderr_file": "Output/Log/configure_solver_2025-04-22-12.17.06/SMAC2:_Validating_6_TestSolver_Configurations_on_Basic_6h_year-0012.err", "slurm_job_id": "56309974_12", "job_state": null, "start_time_stamp": null, "end_time_stamp": null, "submit_time_stamp": null, "job_restarts": null, "job_qos": null, "job_partition": null, "job_nodes": null}, {"cmd": "python3 /rwthfs/rz/cluster/home/vx475510/miniforge3/envs/sparkle/lib/python3.10/site-packages/sparkle/solver/solver_cli.py --solver Solvers/TestSolver --instance Instances/Basic_6h_year/problem_instance_europe_dec_6h.json --run-index 3 --performance-dataframe Output/Performance_Data/performance_data.csv --cutoff-time 60 --log-dir Output/Configuration/Raw_Data/SMAC2/TestSolver_Basic_6h_year/validation   ", "working_dir": ".", "output_file": null, "stdout_file": "Output/Log/configure_solver_2025-04-22-12.17.06/SMAC2:_Validating_6_TestSolver_Configurations_on_Basic_6h_year-0013.out", "stderr_file": "Output/Log/configure_solver_2025-04-22-12.17.06/SMAC2:_Validating_6_TestSolver_Configurations_on_Basic_6h_year-0013.err", "slurm_job_id": "56309974_13", "job_state": null, "start_time_stamp": null, "end_time_stamp": null, "submit_time_stamp": null, "job_restarts": null, "job_qos": null, "job_partition": null, "job_nodes": null}, {"cmd": "python3 /rwthfs/rz/cluster/home/vx475510/miniforge3/envs/sparkle/lib/python3.10/site-packages/sparkle/solver/solver_cli.py --solver Solvers/TestSolver --instance Instances/Basic_6h_year/problem_instance_europe_dec_6h.json --run-index 4 --performance-dataframe Output/Performance_Data/performance_data.csv --cutoff-time 60 --log-dir Output/Configuration/Raw_Data/SMAC2/TestSolver_Basic_6h_year/validation   ", "working_dir": ".", "output_file": null, "stdout_file": "Output/Log/configure_solver_2025-04-22-12.17.06/SMAC2:_Validating_6_TestSolver_Configurations_on_Basic_6h_year-0014.out", "stderr_file": "Output/Log/configure_solver_2025-04-22-12.17.06/SMAC2:_Validating_6_TestSolver_Configurations_on_Basic_6h_year-0014.err", "slurm_job_id": "56309974_14", "job_state": null, "start_time_stamp": null, "end_time_stamp": null, "submit_time_stamp": null, "job_restarts": null, "job_qos": null, "job_partition": null, "job_nodes": null}, {"cmd": "python3 /rwthfs/rz/cluster/home/vx475510/miniforge3/envs/sparkle/lib/python3.10/site-packages/sparkle/solver/solver_cli.py --solver Solvers/TestSolver --instance Instances/Basic_6h_year/problem_instance_europe_dec_6h.json --run-index 5 --performance-dataframe Output/Performance_Data/performance_data.csv --cutoff-time 60 --log-dir Output/Configuration/Raw_Data/SMAC2/TestSolver_Basic_6h_year/validation   ", "working_dir": ".", "output_file": null, "stdout_file": "Output/Log/configure_solver_2025-04-22-12.17.06/SMAC2:_Validating_6_TestSolver_Configurations_on_Basic_6h_year-0015.out", "stderr_file": "Output/Log/configure_solver_2025-04-22-12.17.06/SMAC2:_Validating_6_TestSolver_Configurations_on_Basic_6h_year-0015.err", "slurm_job_id": "56309974_15", "job_state": null, "start_time_stamp": null, "end_time_stamp": null, "submit_time_stamp": null, "job_restarts": null, "job_qos": null, "job_partition": null, "job_nodes": null}, {"cmd": "python3 /rwthfs/rz/cluster/home/vx475510/miniforge3/envs/sparkle/lib/python3.10/site-packages/sparkle/solver/solver_cli.py --solver Solvers/TestSolver --instance Instances/Basic_6h_year/problem_instance_europe_dec_6h.json --run-index 6 --performance-dataframe Output/Performance_Data/performance_data.csv --cutoff-time 60 --log-dir Output/Configuration/Raw_Data/SMAC2/TestSolver_Basic_6h_year/validation   ", "working_dir": ".", "output_file": null, "stdout_file": "Output/Log/configure_solver_2025-04-22-12.17.06/SMAC2:_Validating_6_TestSolver_Configurations_on_Basic_6h_year-0016.out", "stderr_file": "Output/Log/configure_solver_2025-04-22-12.17.06/SMAC2:_Validating_6_TestSolver_Configurations_on_Basic_6h_year-0016.err", "slurm_job_id": "56309974_16", "job_state": null, "start_time_stamp": null, "end_time_stamp": null, "submit_time_stamp": null, "job_restarts": null, "job_qos": null, "job_partition": null, "job_nodes": null}, {"cmd": "python3 /rwthfs/rz/cluster/home/vx475510/miniforge3/envs/sparkle/lib/python3.10/site-packages/sparkle/solver/solver_cli.py --solver Solvers/TestSolver --instance Instances/Basic_6h_year/problem_instance_europe_dec_6h.json --run-index 7 --performance-dataframe Output/Performance_Data/performance_data.csv --cutoff-time 60 --log-dir Output/Configuration/Raw_Data/SMAC2/TestSolver_Basic_6h_year/validation   ", "working_dir": ".", "output_file": null, "stdout_file": "Output/Log/configure_solver_2025-04-22-12.17.06/SMAC2:_Validating_6_TestSolver_Configurations_on_Basic_6h_year-0017.out", "stderr_file": "Output/Log/configure_solver_2025-04-22-12.17.06/SMAC2:_Validating_6_TestSolver_Configurations_on_Basic_6h_year-0017.err", "slurm_job_id": "56309974_17", "job_state": null, "start_time_stamp": null, "end_time_stamp": null, "submit_time_stamp": null, "job_restarts": null, "job_qos": null, "job_partition": null, "job_nodes": null}, {"cmd": "python3 /rwthfs/rz/cluster/home/vx475510/miniforge3/envs/sparkle/lib/python3.10/site-packages/sparkle/solver/solver_cli.py --solver Solvers/TestSolver --instance Instances/Basic_6h_year/problem_instance_europe_mar_6h.json --run-index 2 --performance-dataframe Output/Performance_Data/performance_data.csv --cutoff-time 60 --log-dir Output/Configuration/Raw_Data/SMAC2/TestSolver_Basic_6h_year/validation   ", "working_dir": ".", "output_file": null, "stdout_file": "Output/Log/configure_solver_2025-04-22-12.17.06/SMAC2:_Validating_6_TestSolver_Configurations_on_Basic_6h_year-0018.out", "stderr_file": "Output/Log/configure_solver_2025-04-22-12.17.06/SMAC2:_Validating_6_TestSolver_Configurations_on_Basic_6h_year-0018.err", "slurm_job_id": "56309974_18", "job_state": null, "start_time_stamp": null, "end_time_stamp": null, "submit_time_stamp": null, "job_restarts": null, "job_qos": null, "job_partition": null, "job_nodes": null}, {"cmd": "python3 /rwthfs/rz/cluster/home/vx475510/miniforge3/envs/sparkle/lib/python3.10/site-packages/sparkle/solver/solver_cli.py --solver Solvers/TestSolver --instance Instances/Basic_6h_year/problem_instance_europe_mar_6h.json --run-index 3 --performance-dataframe Output/Performance_Data/performance_data.csv --cutoff-time 60 --log-dir Output/Configuration/Raw_Data/SMAC2/TestSolver_Basic_6h_year/validation   ", "working_dir": ".", "output_file": null, "stdout_file": "Output/Log/configure_solver_2025-04-22-12.17.06/SMAC2:_Validating_6_TestSolver_Configurations_on_Basic_6h_year-0019.out", "stderr_file": "Output/Log/configure_solver_2025-04-22-12.17.06/SMAC2:_Validating_6_TestSolver_Configurations_on_Basic_6h_year-0019.err", "slurm_job_id": "56309974_19", "job_state": null, "start_time_stamp": null, "end_time_stamp": null, "submit_time_stamp": null, "job_restarts": null, "job_qos": null, "job_partition": null, "job_nodes": null}, {"cmd": "python3 /rwthfs/rz/cluster/home/vx475510/miniforge3/envs/sparkle/lib/python3.10/site-packages/sparkle/solver/solver_cli.py --solver Solvers/TestSolver --instance Instances/Basic_6h_year/problem_instance_europe_mar_6h.json --run-index 4 --performance-dataframe Output/Performance_Data/performance_data.csv --cutoff-time 60 --log-dir Output/Configuration/Raw_Data/SMAC2/TestSolver_Basic_6h_year/validation   ", "working_dir": ".", "output_file": null, "stdout_file": "Output/Log/configure_solver_2025-04-22-12.17.06/SMAC2:_Validating_6_TestSolver_Configurations_on_Basic_6h_year-0020.out", "stderr_file": "Output/Log/configure_solver_2025-04-22-12.17.06/SMAC2:_Validating_6_TestSolver_Configurations_on_Basic_6h_year-0020.err", "slurm_job_id": "56309974_20", "job_state": null, "start_time_stamp": null, "end_time_stamp": null, "submit_time_stamp": null, "job_restarts": null, "job_qos": null, "job_partition": null, "job_nodes": null}, {"cmd": "python3 /rwthfs/rz/cluster/home/vx475510/miniforge3/envs/sparkle/lib/python3.10/site-packages/sparkle/solver/solver_cli.py --solver Solvers/TestSolver --instance Instances/Basic_6h_year/problem_instance_europe_mar_6h.json --run-index 5 --performance-dataframe Output/Performance_Data/performance_data.csv --cutoff-time 60 --log-dir Output/Configuration/Raw_Data/SMAC2/TestSolver_Basic_6h_year/validation   ", "working_dir": ".", "output_file": null, "stdout_file": "Output/Log/configure_solver_2025-04-22-12.17.06/SMAC2:_Validating_6_TestSolver_Configurations_on_Basic_6h_year-0021.out", "stderr_file": "Output/Log/configure_solver_2025-04-22-12.17.06/SMAC2:_Validating_6_TestSolver_Configurations_on_Basic_6h_year-0021.err", "slurm_job_id": "56309974_21", "job_state": null, "start_time_stamp": null, "end_time_stamp": null, "submit_time_stamp": null, "job_restarts": null, "job_qos": null, "job_partition": null, "job_nodes": null}, {"cmd": "python3 /rwthfs/rz/cluster/home/vx475510/miniforge3/envs/sparkle/lib/python3.10/site-packages/sparkle/solver/solver_cli.py --solver Solvers/TestSolver --instance Instances/Basic_6h_year/problem_instance_europe_mar_6h.json --run-index 6 --performance-dataframe Output/Performance_Data/performance_data.csv --cutoff-time 60 --log-dir Output/Configuration/Raw_Data/SMAC2/TestSolver_Basic_6h_year/validation   ", "working_dir": ".", "output_file": null, "stdout_file": "Output/Log/configure_solver_2025-04-22-12.17.06/SMAC2:_Validating_6_TestSolver_Configurations_on_Basic_6h_year-0022.out", "stderr_file": "Output/Log/configure_solver_2025-04-22-12.17.06/SMAC2:_Validating_6_TestSolver_Configurations_on_Basic_6h_year-0022.err", "slurm_job_id": "56309974_22", "job_state": null, "start_time_stamp": null, "end_time_stamp": null, "submit_time_stamp": null, "job_restarts": null, "job_qos": null, "job_partition": null, "job_nodes": null}, {"cmd": "python3 /rwthfs/rz/cluster/home/vx475510/miniforge3/envs/sparkle/lib/python3.10/site-packages/sparkle/solver/solver_cli.py --solver Solvers/TestSolver --instance Instances/Basic_6h_year/problem_instance_europe_mar_6h.json --run-index 7 --performance-dataframe Output/Performance_Data/performance_data.csv --cutoff-time 60 --log-dir Output/Configuration/Raw_Data/SMAC2/TestSolver_Basic_6h_year/validation   ", "working_dir": ".", "output_file": null, "stdout_file": "Output/Log/configure_solver_2025-04-22-12.17.06/SMAC2:_Validating_6_TestSolver_Configurations_on_Basic_6h_year-0023.out", "stderr_file": "Output/Log/configure_solver_2025-04-22-12.17.06/SMAC2:_Validating_6_TestSolver_Configurations_on_Basic_6h_year-0023.err", "slurm_job_id": "56309974_23", "job_state": null, "start_time_stamp": null, "end_time_stamp": null, "submit_time_stamp": null, "job_restarts": null, "job_qos": null, "job_partition": null, "job_nodes": null}, {"cmd": "python3 /rwthfs/rz/cluster/home/vx475510/miniforge3/envs/sparkle/lib/python3.10/site-packages/sparkle/solver/solver_cli.py --solver Solvers/TestSolver --instance Instances/Basic_6h_year/problem_instance_europe_oct_6h.json --run-index 2 --performance-dataframe Output/Performance_Data/performance_data.csv --cutoff-time 60 --log-dir Output/Configuration/Raw_Data/SMAC2/TestSolver_Basic_6h_year/validation   ", "working_dir": ".", "output_file": null, "stdout_file": "Output/Log/configure_solver_2025-04-22-12.17.06/SMAC2:_Validating_6_TestSolver_Configurations_on_Basic_6h_year-0024.out", "stderr_file": "Output/Log/configure_solver_2025-04-22-12.17.06/SMAC2:_Validating_6_TestSolver_Configurations_on_Basic_6h_year-0024.err", "slurm_job_id": "56309974_24", "job_state": null, "start_time_stamp": null, "end_time_stamp": null, "submit_time_stamp": null, "job_restarts": null, "job_qos": null, "job_partition": null, "job_nodes": null}, {"cmd": "python3 /rwthfs/rz/cluster/home/vx475510/miniforge3/envs/sparkle/lib/python3.10/site-packages/sparkle/solver/solver_cli.py --solver Solvers/TestSolver --instance Instances/Basic_6h_year/problem_instance_europe_oct_6h.json --run-index 3 --performance-dataframe Output/Performance_Data/performance_data.csv --cutoff-time 60 --log-dir Output/Configuration/Raw_Data/SMAC2/TestSolver_Basic_6h_year/validation   ", "working_dir": ".", "output_file": null, "stdout_file": "Output/Log/configure_solver_2025-04-22-12.17.06/SMAC2:_Validating_6_TestSolver_Configurations_on_Basic_6h_year-0025.out", "stderr_file": "Output/Log/configure_solver_2025-04-22-12.17.06/SMAC2:_Validating_6_TestSolver_Configurations_on_Basic_6h_year-0025.err", "slurm_job_id": "56309974_25", "job_state": null, "start_time_stamp": null, "end_time_stamp": null, "submit_time_stamp": null, "job_restarts": null, "job_qos": null, "job_partition": null, "job_nodes": null}, {"cmd": "python3 /rwthfs/rz/cluster/home/vx475510/miniforge3/envs/sparkle/lib/python3.10/site-packages/sparkle/solver/solver_cli.py --solver Solvers/TestSolver --instance Instances/Basic_6h_year/problem_instance_europe_oct_6h.json --run-index 4 --performance-dataframe Output/Performance_Data/performance_data.csv --cutoff-time 60 --log-dir Output/Configuration/Raw_Data/SMAC2/TestSolver_Basic_6h_year/validation   ", "working_dir": ".", "output_file": null, "stdout_file": "Output/Log/configure_solver_2025-04-22-12.17.06/SMAC2:_Validating_6_TestSolver_Configurations_on_Basic_6h_year-0026.out", "stderr_file": "Output/Log/configure_solver_2025-04-22-12.17.06/SMAC2:_Validating_6_TestSolver_Configurations_on_Basic_6h_year-0026.err", "slurm_job_id": "56309974_26", "job_state": null, "start_time_stamp": null, "end_time_stamp": null, "submit_time_stamp": null, "job_restarts": null, "job_qos": null, "job_partition": null, "job_nodes": null}, {"cmd": "python3 /rwthfs/rz/cluster/home/vx475510/miniforge3/envs/sparkle/lib/python3.10/site-packages/sparkle/solver/solver_cli.py --solver Solvers/TestSolver --instance Instances/Basic_6h_year/problem_instance_europe_oct_6h.json --run-index 5 --performance-dataframe Output/Performance_Data/performance_data.csv --cutoff-time 60 --log-dir Output/Configuration/Raw_Data/SMAC2/TestSolver_Basic_6h_year/validation   ", "working_dir": ".", "output_file": null, "stdout_file": "Output/Log/configure_solver_2025-04-22-12.17.06/SMAC2:_Validating_6_TestSolver_Configurations_on_Basic_6h_year-0027.out", "stderr_file": "Output/Log/configure_solver_2025-04-22-12.17.06/SMAC2:_Validating_6_TestSolver_Configurations_on_Basic_6h_year-0027.err", "slurm_job_id": "56309974_27", "job_state": null, "start_time_stamp": null, "end_time_stamp": null, "submit_time_stamp": null, "job_restarts": null, "job_qos": null, "job_partition": null, "job_nodes": null}, {"cmd": "python3 /rwthfs/rz/cluster/home/vx475510/miniforge3/envs/sparkle/lib/python3.10/site-packages/sparkle/solver/solver_cli.py --solver Solvers/TestSolver --instance Instances/Basic_6h_year/problem_instance_europe_oct_6h.json --run-index 6 --performance-dataframe Output/Performance_Data/performance_data.csv --cutoff-time 60 --log-dir Output/Configuration/Raw_Data/SMAC2/TestSolver_Basic_6h_year/validation   ", "working_dir": ".", "output_file": null, "stdout_file": "Output/Log/configure_solver_2025-04-22-12.17.06/SMAC2:_Validating_6_TestSolver_Configurations_on_Basic_6h_year-0028.out", "stderr_file": "Output/Log/configure_solver_2025-04-22-12.17.06/SMAC2:_Validating_6_TestSolver_Configurations_on_Basic_6h_year-0028.err", "slurm_job_id": "56309974_28", "job_state": null, "start_time_stamp": null, "end_time_stamp": null, "submit_time_stamp": null, "job_restarts": null, "job_qos": null, "job_partition": null, "job_nodes": null}, {"cmd": "python3 /rwthfs/rz/cluster/home/vx475510/miniforge3/envs/sparkle/lib/python3.10/site-packages/sparkle/solver/solver_cli.py --solver Solvers/TestSolver --instance Instances/Basic_6h_year/problem_instance_europe_oct_6h.json --run-index 7 --performance-dataframe Output/Performance_Data/performance_data.csv --cutoff-time 60 --log-dir Output/Configuration/Raw_Data/SMAC2/TestSolver_Basic_6h_year/validation   ", "working_dir": ".", "output_file": null, "stdout_file": "Output/Log/configure_solver_2025-04-22-12.17.06/SMAC2:_Validating_6_TestSolver_Configurations_on_Basic_6h_year-0029.out", "stderr_file": "Output/Log/configure_solver_2025-04-22-12.17.06/SMAC2:_Validating_6_TestSolver_Configurations_on_Basic_6h_year-0029.err", "slurm_job_id": "56309974_29", "job_state": null, "start_time_stamp": null, "end_time_stamp": null, "submit_time_stamp": null, "job_restarts": null, "job_qos": null, "job_partition": null, "job_nodes": null}, {"cmd": "python3 /rwthfs/rz/cluster/home/vx475510/miniforge3/envs/sparkle/lib/python3.10/site-packages/sparkle/solver/solver_cli.py --solver Solvers/TestSolver --instance Instances/Basic_6h_year/problem_instance_europe_may_6h.json --run-index 2 --performance-dataframe Output/Performance_Data/performance_data.csv --cutoff-time 60 --log-dir Output/Configuration/Raw_Data/SMAC2/TestSolver_Basic_6h_year/validation   ", "working_dir": ".", "output_file": null, "stdout_file": "Output/Log/configure_solver_2025-04-22-12.17.06/SMAC2:_Validating_6_TestSolver_Configurations_on_Basic_6h_year-0030.out", "stderr_file": "Output/Log/configure_solver_2025-04-22-12.17.06/SMAC2:_Validating_6_TestSolver_Configurations_on_Basic_6h_year-0030.err", "slurm_job_id": "56309974_30", "job_state": null, "start_time_stamp": null, "end_time_stamp": null, "submit_time_stamp": null, "job_restarts": null, "job_qos": null, "job_partition": null, "job_nodes": null}, {"cmd": "python3 /rwthfs/rz/cluster/home/vx475510/miniforge3/envs/sparkle/lib/python3.10/site-packages/sparkle/solver/solver_cli.py --solver Solvers/TestSolver --instance Instances/Basic_6h_year/problem_instance_europe_may_6h.json --run-index 3 --performance-dataframe Output/Performance_Data/performance_data.csv --cutoff-time 60 --log-dir Output/Configuration/Raw_Data/SMAC2/TestSolver_Basic_6h_year/validation   ", "working_dir": ".", "output_file": null, "stdout_file": "Output/Log/configure_solver_2025-04-22-12.17.06/SMAC2:_Validating_6_TestSolver_Configurations_on_Basic_6h_year-0031.out", "stderr_file": "Output/Log/configure_solver_2025-04-22-12.17.06/SMAC2:_Validating_6_TestSolver_Configurations_on_Basic_6h_year-0031.err", "slurm_job_id": "56309974_31", "job_state": null, "start_time_stamp": null, "end_time_stamp": null, "submit_time_stamp": null, "job_restarts": null, "job_qos": null, "job_partition": null, "job_nodes": null}, {"cmd": "python3 /rwthfs/rz/cluster/home/vx475510/miniforge3/envs/sparkle/lib/python3.10/site-packages/sparkle/solver/solver_cli.py --solver Solvers/TestSolver --instance Instances/Basic_6h_year/problem_instance_europe_may_6h.json --run-index 4 --performance-dataframe Output/Performance_Data/performance_data.csv --cutoff-time 60 --log-dir Output/Configuration/Raw_Data/SMAC2/TestSolver_Basic_6h_year/validation   ", "working_dir": ".", "output_file": null, "stdout_file": "Output/Log/configure_solver_2025-04-22-12.17.06/SMAC2:_Validating_6_TestSolver_Configurations_on_Basic_6h_year-0032.out", "stderr_file": "Output/Log/configure_solver_2025-04-22-12.17.06/SMAC2:_Validating_6_TestSolver_Configurations_on_Basic_6h_year-0032.err", "slurm_job_id": "56309974_32", "job_state": null, "start_time_stamp": null, "end_time_stamp": null, "submit_time_stamp": null, "job_restarts": null, "job_qos": null, "job_partition": null, "job_nodes": null}, {"cmd": "python3 /rwthfs/rz/cluster/home/vx475510/miniforge3/envs/sparkle/lib/python3.10/site-packages/sparkle/solver/solver_cli.py --solver Solvers/TestSolver --instance Instances/Basic_6h_year/problem_instance_europe_may_6h.json --run-index 5 --performance-dataframe Output/Performance_Data/performance_data.csv --cutoff-time 60 --log-dir Output/Configuration/Raw_Data/SMAC2/TestSolver_Basic_6h_year/validation   ", "working_dir": ".", "output_file": null, "stdout_file": "Output/Log/configure_solver_2025-04-22-12.17.06/SMAC2:_Validating_6_TestSolver_Configurations_on_Basic_6h_year-0033.out", "stderr_file": "Output/Log/configure_solver_2025-04-22-12.17.06/SMAC2:_Validating_6_TestSolver_Configurations_on_Basic_6h_year-0033.err", "slurm_job_id": "56309974_33", "job_state": null, "start_time_stamp": null, "end_time_stamp": null, "submit_time_stamp": null, "job_restarts": null, "job_qos": null, "job_partition": null, "job_nodes": null}, {"cmd": "python3 /rwthfs/rz/cluster/home/vx475510/miniforge3/envs/sparkle/lib/python3.10/site-packages/sparkle/solver/solver_cli.py --solver Solvers/TestSolver --instance Instances/Basic_6h_year/problem_instance_europe_may_6h.json --run-index 6 --performance-dataframe Output/Performance_Data/performance_data.csv --cutoff-time 60 --log-dir Output/Configuration/Raw_Data/SMAC2/TestSolver_Basic_6h_year/validation   ", "working_dir": ".", "output_file": null, "stdout_file": "Output/Log/configure_solver_2025-04-22-12.17.06/SMAC2:_Validating_6_TestSolver_Configurations_on_Basic_6h_year-0034.out", "stderr_file": "Output/Log/configure_solver_2025-04-22-12.17.06/SMAC2:_Validating_6_TestSolver_Configurations_on_Basic_6h_year-0034.err", "slurm_job_id": "56309974_34", "job_state": null, "start_time_stamp": null, "end_time_stamp": null, "submit_time_stamp": null, "job_restarts": null, "job_qos": null, "job_partition": null, "job_nodes": null}, {"cmd": "python3 /rwthfs/rz/cluster/home/vx475510/miniforge3/envs/sparkle/lib/python3.10/site-packages/sparkle/solver/solver_cli.py --solver Solvers/TestSolver --instance Instances/Basic_6h_year/problem_instance_europe_may_6h.json --run-index 7 --performance-dataframe Output/Performance_Data/performance_data.csv --cutoff-time 60 --log-dir Output/Configuration/Raw_Data/SMAC2/TestSolver_Basic_6h_year/validation   ", "working_dir": ".", "output_file": null, "stdout_file": "Output/Log/configure_solver_2025-04-22-12.17.06/SMAC2:_Validating_6_TestSolver_Configurations_on_Basic_6h_year-0035.out", "stderr_file": "Output/Log/configure_solver_2025-04-22-12.17.06/SMAC2:_Validating_6_TestSolver_Configurations_on_Basic_6h_year-0035.err", "slurm_job_id": "56309974_35", "job_state": null, "start_time_stamp": null, "end_time_stamp": null, "submit_time_stamp": null, "job_restarts": null, "job_qos": null, "job_partition": null, "job_nodes": null}, {"cmd": "python3 /rwthfs/rz/cluster/home/vx475510/miniforge3/envs/sparkle/lib/python3.10/site-packages/sparkle/solver/solver_cli.py --solver Solvers/TestSolver --instance Instances/Basic_6h_year/problem_instance_europe_jan_6h.json --run-index 2 --performance-dataframe Output/Performance_Data/performance_data.csv --cutoff-time 60 --log-dir Output/Configuration/Raw_Data/SMAC2/TestSolver_Basic_6h_year/validation   ", "working_dir": ".", "output_file": null, "stdout_file": "Output/Log/configure_solver_2025-04-22-12.17.06/SMAC2:_Validating_6_TestSolver_Configurations_on_Basic_6h_year-0036.out", "stderr_file": "Output/Log/configure_solver_2025-04-22-12.17.06/SMAC2:_Validating_6_TestSolver_Configurations_on_Basic_6h_year-0036.err", "slurm_job_id": "56309974_36", "job_state": null, "start_time_stamp": null, "end_time_stamp": null, "submit_time_stamp": null, "job_restarts": null, "job_qos": null, "job_partition": null, "job_nodes": null}, {"cmd": "python3 /rwthfs/rz/cluster/home/vx475510/miniforge3/envs/sparkle/lib/python3.10/site-packages/sparkle/solver/solver_cli.py --solver Solvers/TestSolver --instance Instances/Basic_6h_year/problem_instance_europe_jan_6h.json --run-index 3 --performance-dataframe Output/Performance_Data/performance_data.csv --cutoff-time 60 --log-dir Output/Configuration/Raw_Data/SMAC2/TestSolver_Basic_6h_year/validation   ", "working_dir": ".", "output_file": null, "stdout_file": "Output/Log/configure_solver_2025-04-22-12.17.06/SMAC2:_Validating_6_TestSolver_Configurations_on_Basic_6h_year-0037.out", "stderr_file": "Output/Log/configure_solver_2025-04-22-12.17.06/SMAC2:_Validating_6_TestSolver_Configurations_on_Basic_6h_year-0037.err", "slurm_job_id": "56309974_37", "job_state": null, "start_time_stamp": null, "end_time_stamp": null, "submit_time_stamp": null, "job_restarts": null, "job_qos": null, "job_partition": null, "job_nodes": null}, {"cmd": "python3 /rwthfs/rz/cluster/home/vx475510/miniforge3/envs/sparkle/lib/python3.10/site-packages/sparkle/solver/solver_cli.py --solver Solvers/TestSolver --instance Instances/Basic_6h_year/problem_instance_europe_jan_6h.json --run-index 4 --performance-dataframe Output/Performance_Data/performance_data.csv --cutoff-time 60 --log-dir Output/Configuration/Raw_Data/SMAC2/TestSolver_Basic_6h_year/validation   ", "working_dir": ".", "output_file": null, "stdout_file": "Output/Log/configure_solver_2025-04-22-12.17.06/SMAC2:_Validating_6_TestSolver_Configurations_on_Basic_6h_year-0038.out", "stderr_file": "Output/Log/configure_solver_2025-04-22-12.17.06/SMAC2:_Validating_6_TestSolver_Configurations_on_Basic_6h_year-0038.err", "slurm_job_id": "56309974_38", "job_state": null, "start_time_stamp": null, "end_time_stamp": null, "submit_time_stamp": null, "job_restarts": null, "job_qos": null, "job_partition": null, "job_nodes": null}, {"cmd": "python3 /rwthfs/rz/cluster/home/vx475510/miniforge3/envs/sparkle/lib/python3.10/site-packages/sparkle/solver/solver_cli.py --solver Solvers/TestSolver --instance Instances/Basic_6h_year/problem_instance_europe_jan_6h.json --run-index 5 --performance-dataframe Output/Performance_Data/performance_data.csv --cutoff-time 60 --log-dir Output/Configuration/Raw_Data/SMAC2/TestSolver_Basic_6h_year/validation   ", "working_dir": ".", "output_file": null, "stdout_file": "Output/Log/configure_solver_2025-04-22-12.17.06/SMAC2:_Validating_6_TestSolver_Configurations_on_Basic_6h_year-0039.out", "stderr_file": "Output/Log/configure_solver_2025-04-22-12.17.06/SMAC2:_Validating_6_TestSolver_Configurations_on_Basic_6h_year-0039.err", "slurm_job_id": "56309974_39", "job_state": null, "start_time_stamp": null, "end_time_stamp": null, "submit_time_stamp": null, "job_restarts": null, "job_qos": null, "job_partition": null, "job_nodes": null}, {"cmd": "python3 /rwthfs/rz/cluster/home/vx475510/miniforge3/envs/sparkle/lib/python3.10/site-packages/sparkle/solver/solver_cli.py --solver Solvers/TestSolver --instance Instances/Basic_6h_year/problem_instance_europe_jan_6h.json --run-index 6 --performance-dataframe Output/Performance_Data/performance_data.csv --cutoff-time 60 --log-dir Output/Configuration/Raw_Data/SMAC2/TestSolver_Basic_6h_year/validation   ", "working_dir": ".", "output_file": null, "stdout_file": "Output/Log/configure_solver_2025-04-22-12.17.06/SMAC2:_Validating_6_TestSolver_Configurations_on_Basic_6h_year-0040.out", "stderr_file": "Output/Log/configure_solver_2025-04-22-12.17.06/SMAC2:_Validating_6_TestSolver_Configurations_on_Basic_6h_year-0040.err", "slurm_job_id": "56309974_40", "job_state": null, "start_time_stamp": null, "end_time_stamp": null, "submit_time_stamp": null, "job_restarts": null, "job_qos": null, "job_partition": null, "job_nodes": null}, {"cmd": "python3 /rwthfs/rz/cluster/home/vx475510/miniforge3/envs/sparkle/lib/python3.10/site-packages/sparkle/solver/solver_cli.py --solver Solvers/TestSolver --instance Instances/Basic_6h_year/problem_instance_europe_jan_6h.json --run-index 7 --performance-dataframe Output/Performance_Data/performance_data.csv --cutoff-time 60 --log-dir Output/Configuration/Raw_Data/SMAC2/TestSolver_Basic_6h_year/validation   ", "working_dir": ".", "output_file": null, "stdout_file": "Output/Log/configure_solver_2025-04-22-12.17.06/SMAC2:_Validating_6_TestSolver_Configurations_on_Basic_6h_year-0041.out", "stderr_file": "Output/Log/configure_solver_2025-04-22-12.17.06/SMAC2:_Validating_6_TestSolver_Configurations_on_Basic_6h_year-0041.err", "slurm_job_id": "56309974_41", "job_state": null, "start_time_stamp": null, "end_time_stamp": null, "submit_time_stamp": null, "job_restarts": null, "job_qos": null, "job_partition": null, "job_nodes": null}, {"cmd": "python3 /rwthfs/rz/cluster/home/vx475510/miniforge3/envs/sparkle/lib/python3.10/site-packages/sparkle/solver/solver_cli.py --solver Solvers/TestSolver --instance Instances/Basic_6h_year/problem_instance_europe_sep_6h.json --run-index 2 --performance-dataframe Output/Performance_Data/performance_data.csv --cutoff-time 60 --log-dir Output/Configuration/Raw_Data/SMAC2/TestSolver_Basic_6h_year/validation   ", "working_dir": ".", "output_file": null, "stdout_file": "Output/Log/configure_solver_2025-04-22-12.17.06/SMAC2:_Validating_6_TestSolver_Configurations_on_Basic_6h_year-0042.out", "stderr_file": "Output/Log/configure_solver_2025-04-22-12.17.06/SMAC2:_Validating_6_TestSolver_Configurations_on_Basic_6h_year-0042.err", "slurm_job_id": "56309974_42", "job_state": null, "start_time_stamp": null, "end_time_stamp": null, "submit_time_stamp": null, "job_restarts": null, "job_qos": null, "job_partition": null, "job_nodes": null}, {"cmd": "python3 /rwthfs/rz/cluster/home/vx475510/miniforge3/envs/sparkle/lib/python3.10/site-packages/sparkle/solver/solver_cli.py --solver Solvers/TestSolver --instance Instances/Basic_6h_year/problem_instance_europe_sep_6h.json --run-index 3 --performance-dataframe Output/Performance_Data/performance_data.csv --cutoff-time 60 --log-dir Output/Configuration/Raw_Data/SMAC2/TestSolver_Basic_6h_year/validation   ", "working_dir": ".", "output_file": null, "stdout_file": "Output/Log/configure_solver_2025-04-22-12.17.06/SMAC2:_Validating_6_TestSolver_Configurations_on_Basic_6h_year-0043.out", "stderr_file": "Output/Log/configure_solver_2025-04-22-12.17.06/SMAC2:_Validating_6_TestSolver_Configurations_on_Basic_6h_year-0043.err", "slurm_job_id": "56309974_43", "job_state": null, "start_time_stamp": null, "end_time_stamp": null, "submit_time_stamp": null, "job_restarts": null, "job_qos": null, "job_partition": null, "job_nodes": null}, {"cmd": "python3 /rwthfs/rz/cluster/home/vx475510/miniforge3/envs/sparkle/lib/python3.10/site-packages/sparkle/solver/solver_cli.py --solver Solvers/TestSolver --instance Instances/Basic_6h_year/problem_instance_europe_sep_6h.json --run-index 4 --performance-dataframe Output/Performance_Data/performance_data.csv --cutoff-time 60 --log-dir Output/Configuration/Raw_Data/SMAC2/TestSolver_Basic_6h_year/validation   ", "working_dir": ".", "output_file": null, "stdout_file": "Output/Log/configure_solver_2025-04-22-12.17.06/SMAC2:_Validating_6_TestSolver_Configurations_on_Basic_6h_year-0044.out", "stderr_file": "Output/Log/configure_solver_2025-04-22-12.17.06/SMAC2:_Validating_6_TestSolver_Configurations_on_Basic_6h_year-0044.err", "slurm_job_id": "56309974_44", "job_state": null, "start_time_stamp": null, "end_time_stamp": null, "submit_time_stamp": null, "job_restarts": null, "job_qos": null, "job_partition": null, "job_nodes": null}, {"cmd": "python3 /rwthfs/rz/cluster/home/vx475510/miniforge3/envs/sparkle/lib/python3.10/site-packages/sparkle/solver/solver_cli.py --solver Solvers/TestSolver --instance Instances/Basic_6h_year/problem_instance_europe_sep_6h.json --run-index 5 --performance-dataframe Output/Performance_Data/performance_data.csv --cutoff-time 60 --log-dir Output/Configuration/Raw_Data/SMAC2/TestSolver_Basic_6h_year/validation   ", "working_dir": ".", "output_file": null, "stdout_file": "Output/Log/configure_solver_2025-04-22-12.17.06/SMAC2:_Validating_6_TestSolver_Configurations_on_Basic_6h_year-0045.out", "stderr_file": "Output/Log/configure_solver_2025-04-22-12.17.06/SMAC2:_Validating_6_TestSolver_Configurations_on_Basic_6h_year-0045.err", "slurm_job_id": "56309974_45", "job_state": null, "start_time_stamp": null, "end_time_stamp": null, "submit_time_stamp": null, "job_restarts": null, "job_qos": null, "job_partition": null, "job_nodes": null}, {"cmd": "python3 /rwthfs/rz/cluster/home/vx475510/miniforge3/envs/sparkle/lib/python3.10/site-packages/sparkle/solver/solver_cli.py --solver Solvers/TestSolver --instance Instances/Basic_6h_year/problem_instance_europe_sep_6h.json --run-index 6 --performance-dataframe Output/Performance_Data/performance_data.csv --cutoff-time 60 --log-dir Output/Configuration/Raw_Data/SMAC2/TestSolver_Basic_6h_year/validation   ", "working_dir": ".", "output_file": null, "stdout_file": "Output/Log/configure_solver_2025-04-22-12.17.06/SMAC2:_Validating_6_TestSolver_Configurations_on_Basic_6h_year-0046.out", "stderr_file": "Output/Log/configure_solver_2025-04-22-12.17.06/SMAC2:_Validating_6_TestSolver_Configurations_on_Basic_6h_year-0046.err", "slurm_job_id": "56309974_46", "job_state": null, "start_time_stamp": null, "end_time_stamp": null, "submit_time_stamp": null, "job_restarts": null, "job_qos": null, "job_partition": null, "job_nodes": null}, {"cmd": "python3 /rwthfs/rz/cluster/home/vx475510/miniforge3/envs/sparkle/lib/python3.10/site-packages/sparkle/solver/solver_cli.py --solver Solvers/TestSolver --instance Instances/Basic_6h_year/problem_instance_europe_sep_6h.json --run-index 7 --performance-dataframe Output/Performance_Data/performance_data.csv --cutoff-time 60 --log-dir Output/Configuration/Raw_Data/SMAC2/TestSolver_Basic_6h_year/validation   ", "working_dir": ".", "output_file": null, "stdout_file": "Output/Log/configure_solver_2025-04-22-12.17.06/SMAC2:_Validating_6_TestSolver_Configurations_on_Basic_6h_year-0047.out", "stderr_file": "Output/Log/configure_solver_2025-04-22-12.17.06/SMAC2:_Validating_6_TestSolver_Configurations_on_Basic_6h_year-0047.err", "slurm_job_id": "56309974_47", "job_state": null, "start_time_stamp": null, "end_time_stamp": null, "submit_time_stamp": null, "job_restarts": null, "job_qos": null, "job_partition": null, "job_nodes": null}, {"cmd": "python3 /rwthfs/rz/cluster/home/vx475510/miniforge3/envs/sparkle/lib/python3.10/site-packages/sparkle/solver/solver_cli.py --solver Solvers/TestSolver --instance Instances/Basic_6h_year/problem_instance_europe_jul_6h.json --run-index 2 --performance-dataframe Output/Performance_Data/performance_data.csv --cutoff-time 60 --log-dir Output/Configuration/Raw_Data/SMAC2/TestSolver_Basic_6h_year/validation   ", "working_dir": ".", "output_file": null, "stdout_file": "Output/Log/configure_solver_2025-04-22-12.17.06/SMAC2:_Validating_6_TestSolver_Configurations_on_Basic_6h_year-0048.out", "stderr_file": "Output/Log/configure_solver_2025-04-22-12.17.06/SMAC2:_Validating_6_TestSolver_Configurations_on_Basic_6h_year-0048.err", "slurm_job_id": "56309974_48", "job_state": null, "start_time_stamp": null, "end_time_stamp": null, "submit_time_stamp": null, "job_restarts": null, "job_qos": null, "job_partition": null, "job_nodes": null}, {"cmd": "python3 /rwthfs/rz/cluster/home/vx475510/miniforge3/envs/sparkle/lib/python3.10/site-packages/sparkle/solver/solver_cli.py --solver Solvers/TestSolver --instance Instances/Basic_6h_year/problem_instance_europe_jul_6h.json --run-index 3 --performance-dataframe Output/Performance_Data/performance_data.csv --cutoff-time 60 --log-dir Output/Configuration/Raw_Data/SMAC2/TestSolver_Basic_6h_year/validation   ", "working_dir": ".", "output_file": null, "stdout_file": "Output/Log/configure_solver_2025-04-22-12.17.06/SMAC2:_Validating_6_TestSolver_Configurations_on_Basic_6h_year-0049.out", "stderr_file": "Output/Log/configure_solver_2025-04-22-12.17.06/SMAC2:_Validating_6_TestSolver_Configurations_on_Basic_6h_year-0049.err", "slurm_job_id": "56309974_49", "job_state": null, "start_time_stamp": null, "end_time_stamp": null, "submit_time_stamp": null, "job_restarts": null, "job_qos": null, "job_partition": null, "job_nodes": null}, {"cmd": "python3 /rwthfs/rz/cluster/home/vx475510/miniforge3/envs/sparkle/lib/python3.10/site-packages/sparkle/solver/solver_cli.py --solver Solvers/TestSolver --instance Instances/Basic_6h_year/problem_instance_europe_jul_6h.json --run-index 4 --performance-dataframe Output/Performance_Data/performance_data.csv --cutoff-time 60 --log-dir Output/Configuration/Raw_Data/SMAC2/TestSolver_Basic_6h_year/validation   ", "working_dir": ".", "output_file": null, "stdout_file": "Output/Log/configure_solver_2025-04-22-12.17.06/SMAC2:_Validating_6_TestSolver_Configurations_on_Basic_6h_year-0050.out", "stderr_file": "Output/Log/configure_solver_2025-04-22-12.17.06/SMAC2:_Validating_6_TestSolver_Configurations_on_Basic_6h_year-0050.err", "slurm_job_id": "56309974_50", "job_state": null, "start_time_stamp": null, "end_time_stamp": null, "submit_time_stamp": null, "job_restarts": null, "job_qos": null, "job_partition": null, "job_nodes": null}, {"cmd": "python3 /rwthfs/rz/cluster/home/vx475510/miniforge3/envs/sparkle/lib/python3.10/site-packages/sparkle/solver/solver_cli.py --solver Solvers/TestSolver --instance Instances/Basic_6h_year/problem_instance_europe_jul_6h.json --run-index 5 --performance-dataframe Output/Performance_Data/performance_data.csv --cutoff-time 60 --log-dir Output/Configuration/Raw_Data/SMAC2/TestSolver_Basic_6h_year/validation   ", "working_dir": ".", "output_file": null, "stdout_file": "Output/Log/configure_solver_2025-04-22-12.17.06/SMAC2:_Validating_6_TestSolver_Configurations_on_Basic_6h_year-0051.out", "stderr_file": "Output/Log/configure_solver_2025-04-22-12.17.06/SMAC2:_Validating_6_TestSolver_Configurations_on_Basic_6h_year-0051.err", "slurm_job_id": "56309974_51", "job_state": null, "start_time_stamp": null, "end_time_stamp": null, "submit_time_stamp": null, "job_restarts": null, "job_qos": null, "job_partition": null, "job_nodes": null}, {"cmd": "python3 /rwthfs/rz/cluster/home/vx475510/miniforge3/envs/sparkle/lib/python3.10/site-packages/sparkle/solver/solver_cli.py --solver Solvers/TestSolver --instance Instances/Basic_6h_year/problem_instance_europe_jul_6h.json --run-index 6 --performance-dataframe Output/Performance_Data/performance_data.csv --cutoff-time 60 --log-dir Output/Configuration/Raw_Data/SMAC2/TestSolver_Basic_6h_year/validation   ", "working_dir": ".", "output_file": null, "stdout_file": "Output/Log/configure_solver_2025-04-22-12.17.06/SMAC2:_Validating_6_TestSolver_Configurations_on_Basic_6h_year-0052.out", "stderr_file": "Output/Log/configure_solver_2025-04-22-12.17.06/SMAC2:_Validating_6_TestSolver_Configurations_on_Basic_6h_year-0052.err", "slurm_job_id": "56309974_52", "job_state": null, "start_time_stamp": null, "end_time_stamp": null, "submit_time_stamp": null, "job_restarts": null, "job_qos": null, "job_partition": null, "job_nodes": null}, {"cmd": "python3 /rwthfs/rz/cluster/home/vx475510/miniforge3/envs/sparkle/lib/python3.10/site-packages/sparkle/solver/solver_cli.py --solver Solvers/TestSolver --instance Instances/Basic_6h_year/problem_instance_europe_jul_6h.json --run-index 7 --performance-dataframe Output/Performance_Data/performance_data.csv --cutoff-time 60 --log-dir Output/Configuration/Raw_Data/SMAC2/TestSolver_Basic_6h_year/validation   ", "working_dir": ".", "output_file": null, "stdout_file": "Output/Log/configure_solver_2025-04-22-12.17.06/SMAC2:_Validating_6_TestSolver_Configurations_on_Basic_6h_year-0053.out", "stderr_file": "Output/Log/configure_solver_2025-04-22-12.17.06/SMAC2:_Validating_6_TestSolver_Configurations_on_Basic_6h_year-0053.err", "slurm_job_id": "56309974_53", "job_state": null, "start_time_stamp": null, "end_time_stamp": null, "submit_time_stamp": null, "job_restarts": null, "job_qos": null, "job_partition": null, "job_nodes": null}, {"cmd": "python3 /rwthfs/rz/cluster/home/vx475510/miniforge3/envs/sparkle/lib/python3.10/site-packages/sparkle/solver/solver_cli.py --solver Solvers/TestSolver --instance Instances/Basic_6h_year/problem_instance_europe_jun_6h.json --run-index 2 --performance-dataframe Output/Performance_Data/performance_data.csv --cutoff-time 60 --log-dir Output/Configuration/Raw_Data/SMAC2/TestSolver_Basic_6h_year/validation   ", "working_dir": ".", "output_file": null, "stdout_file": "Output/Log/configure_solver_2025-04-22-12.17.06/SMAC2:_Validating_6_TestSolver_Configurations_on_Basic_6h_year-0054.out", "stderr_file": "Output/Log/configure_solver_2025-04-22-12.17.06/SMAC2:_Validating_6_TestSolver_Configurations_on_Basic_6h_year-0054.err", "slurm_job_id": "56309974_54", "job_state": null, "start_time_stamp": null, "end_time_stamp": null, "submit_time_stamp": null, "job_restarts": null, "job_qos": null, "job_partition": null, "job_nodes": null}, {"cmd": "python3 /rwthfs/rz/cluster/home/vx475510/miniforge3/envs/sparkle/lib/python3.10/site-packages/sparkle/solver/solver_cli.py --solver Solvers/TestSolver --instance Instances/Basic_6h_year/problem_instance_europe_jun_6h.json --run-index 3 --performance-dataframe Output/Performance_Data/performance_data.csv --cutoff-time 60 --log-dir Output/Configuration/Raw_Data/SMAC2/TestSolver_Basic_6h_year/validation   ", "working_dir": ".", "output_file": null, "stdout_file": "Output/Log/configure_solver_2025-04-22-12.17.06/SMAC2:_Validating_6_TestSolver_Configurations_on_Basic_6h_year-0055.out", "stderr_file": "Output/Log/configure_solver_2025-04-22-12.17.06/SMAC2:_Validating_6_TestSolver_Configurations_on_Basic_6h_year-0055.err", "slurm_job_id": "56309974_55", "job_state": null, "start_time_stamp": null, "end_time_stamp": null, "submit_time_stamp": null, "job_restarts": null, "job_qos": null, "job_partition": null, "job_nodes": null}, {"cmd": "python3 /rwthfs/rz/cluster/home/vx475510/miniforge3/envs/sparkle/lib/python3.10/site-packages/sparkle/solver/solver_cli.py --solver Solvers/TestSolver --instance Instances/Basic_6h_year/problem_instance_europe_jun_6h.json --run-index 4 --performance-dataframe Output/Performance_Data/performance_data.csv --cutoff-time 60 --log-dir Output/Configuration/Raw_Data/SMAC2/TestSolver_Basic_6h_year/validation   ", "working_dir": ".", "output_file": null, "stdout_file": "Output/Log/configure_solver_2025-04-22-12.17.06/SMAC2:_Validating_6_TestSolver_Configurations_on_Basic_6h_year-0056.out", "stderr_file": "Output/Log/configure_solver_2025-04-22-12.17.06/SMAC2:_Validating_6_TestSolver_Configurations_on_Basic_6h_year-0056.err", "slurm_job_id": "56309974_56", "job_state": null, "start_time_stamp": null, "end_time_stamp": null, "submit_time_stamp": null, "job_restarts": null, "job_qos": null, "job_partition": null, "job_nodes": null}, {"cmd": "python3 /rwthfs/rz/cluster/home/vx475510/miniforge3/envs/sparkle/lib/python3.10/site-packages/sparkle/solver/solver_cli.py --solver Solvers/TestSolver --instance Instances/Basic_6h_year/problem_instance_europe_jun_6h.json --run-index 5 --performance-dataframe Output/Performance_Data/performance_data.csv --cutoff-time 60 --log-dir Output/Configuration/Raw_Data/SMAC2/TestSolver_Basic_6h_year/validation   ", "working_dir": ".", "output_file": null, "stdout_file": "Output/Log/configure_solver_2025-04-22-12.17.06/SMAC2:_Validating_6_TestSolver_Configurations_on_Basic_6h_year-0057.out", "stderr_file": "Output/Log/configure_solver_2025-04-22-12.17.06/SMAC2:_Validating_6_TestSolver_Configurations_on_Basic_6h_year-0057.err", "slurm_job_id": "56309974_57", "job_state": null, "start_time_stamp": null, "end_time_stamp": null, "submit_time_stamp": null, "job_restarts": null, "job_qos": null, "job_partition": null, "job_nodes": null}, {"cmd": "python3 /rwthfs/rz/cluster/home/vx475510/miniforge3/envs/sparkle/lib/python3.10/site-packages/sparkle/solver/solver_cli.py --solver Solvers/TestSolver --instance Instances/Basic_6h_year/problem_instance_europe_jun_6h.json --run-index 6 --performance-dataframe Output/Performance_Data/performance_data.csv --cutoff-time 60 --log-dir Output/Configuration/Raw_Data/SMAC2/TestSolver_Basic_6h_year/validation   ", "working_dir": ".", "output_file": null, "stdout_file": "Output/Log/configure_solver_2025-04-22-12.17.06/SMAC2:_Validating_6_TestSolver_Configurations_on_Basic_6h_year-0058.out", "stderr_file": "Output/Log/configure_solver_2025-04-22-12.17.06/SMAC2:_Validating_6_TestSolver_Configurations_on_Basic_6h_year-0058.err", "slurm_job_id": "56309974_58", "job_state": null, "start_time_stamp": null, "end_time_stamp": null, "submit_time_stamp": null, "job_restarts": null, "job_qos": null, "job_partition": null, "job_nodes": null}, {"cmd": "python3 /rwthfs/rz/cluster/home/vx475510/miniforge3/envs/sparkle/lib/python3.10/site-packages/sparkle/solver/solver_cli.py --solver Solvers/TestSolver --instance Instances/Basic_6h_year/problem_instance_europe_jun_6h.json --run-index 7 --performance-dataframe Output/Performance_Data/performance_data.csv --cutoff-time 60 --log-dir Output/Configuration/Raw_Data/SMAC2/TestSolver_Basic_6h_year/validation   ", "working_dir": ".", "output_file": null, "stdout_file": "Output/Log/configure_solver_2025-04-22-12.17.06/SMAC2:_Validating_6_TestSolver_Configurations_on_Basic_6h_year-0059.out", "stderr_file": "Output/Log/configure_solver_2025-04-22-12.17.06/SMAC2:_Validating_6_TestSolver_Configurations_on_Basic_6h_year-0059.err", "slurm_job_id": "56309974_59", "job_state": null, "start_time_stamp": null, "end_time_stamp": null, "submit_time_stamp": null, "job_restarts": null, "job_qos": null, "job_partition": null, "job_nodes": null}, {"cmd": "python3 /rwthfs/rz/cluster/home/vx475510/miniforge3/envs/sparkle/lib/python3.10/site-packages/sparkle/solver/solver_cli.py --solver Solvers/TestSolver --instance Instances/Basic_6h_year/problem_instance_europe_aug_6h.json --run-index 2 --performance-dataframe Output/Performance_Data/performance_data.csv --cutoff-time 60 --log-dir Output/Configuration/Raw_Data/SMAC2/TestSolver_Basic_6h_year/validation   ", "working_dir": ".", "output_file": null, "stdout_file": "Output/Log/configure_solver_2025-04-22-12.17.06/SMAC2:_Validating_6_TestSolver_Configurations_on_Basic_6h_year-0060.out", "stderr_file": "Output/Log/configure_solver_2025-04-22-12.17.06/SMAC2:_Validating_6_TestSolver_Configurations_on_Basic_6h_year-0060.err", "slurm_job_id": "56309974_60", "job_state": null, "start_time_stamp": null, "end_time_stamp": null, "submit_time_stamp": null, "job_restarts": null, "job_qos": null, "job_partition": null, "job_nodes": null}, {"cmd": "python3 /rwthfs/rz/cluster/home/vx475510/miniforge3/envs/sparkle/lib/python3.10/site-packages/sparkle/solver/solver_cli.py --solver Solvers/TestSolver --instance Instances/Basic_6h_year/problem_instance_europe_aug_6h.json --run-index 3 --performance-dataframe Output/Performance_Data/performance_data.csv --cutoff-time 60 --log-dir Output/Configuration/Raw_Data/SMAC2/TestSolver_Basic_6h_year/validation   ", "working_dir": ".", "output_file": null, "stdout_file": "Output/Log/configure_solver_2025-04-22-12.17.06/SMAC2:_Validating_6_TestSolver_Configurations_on_Basic_6h_year-0061.out", "stderr_file": "Output/Log/configure_solver_2025-04-22-12.17.06/SMAC2:_Validating_6_TestSolver_Configurations_on_Basic_6h_year-0061.err", "slurm_job_id": "56309974_61", "job_state": null, "start_time_stamp": null, "end_time_stamp": null, "submit_time_stamp": null, "job_restarts": null, "job_qos": null, "job_partition": null, "job_nodes": null}, {"cmd": "python3 /rwthfs/rz/cluster/home/vx475510/miniforge3/envs/sparkle/lib/python3.10/site-packages/sparkle/solver/solver_cli.py --solver Solvers/TestSolver --instance Instances/Basic_6h_year/problem_instance_europe_aug_6h.json --run-index 4 --performance-dataframe Output/Performance_Data/performance_data.csv --cutoff-time 60 --log-dir Output/Configuration/Raw_Data/SMAC2/TestSolver_Basic_6h_year/validation   ", "working_dir": ".", "output_file": null, "stdout_file": "Output/Log/configure_solver_2025-04-22-12.17.06/SMAC2:_Validating_6_TestSolver_Configurations_on_Basic_6h_year-0062.out", "stderr_file": "Output/Log/configure_solver_2025-04-22-12.17.06/SMAC2:_Validating_6_TestSolver_Configurations_on_Basic_6h_year-0062.err", "slurm_job_id": "56309974_62", "job_state": null, "start_time_stamp": null, "end_time_stamp": null, "submit_time_stamp": null, "job_restarts": null, "job_qos": null, "job_partition": null, "job_nodes": null}, {"cmd": "python3 /rwthfs/rz/cluster/home/vx475510/miniforge3/envs/sparkle/lib/python3.10/site-packages/sparkle/solver/solver_cli.py --solver Solvers/TestSolver --instance Instances/Basic_6h_year/problem_instance_europe_aug_6h.json --run-index 5 --performance-dataframe Output/Performance_Data/performance_data.csv --cutoff-time 60 --log-dir Output/Configuration/Raw_Data/SMAC2/TestSolver_Basic_6h_year/validation   ", "working_dir": ".", "output_file": null, "stdout_file": "Output/Log/configure_solver_2025-04-22-12.17.06/SMAC2:_Validating_6_TestSolver_Configurations_on_Basic_6h_year-0063.out", "stderr_file": "Output/Log/configure_solver_2025-04-22-12.17.06/SMAC2:_Validating_6_TestSolver_Configurations_on_Basic_6h_year-0063.err", "slurm_job_id": "56309974_63", "job_state": null, "start_time_stamp": null, "end_time_stamp": null, "submit_time_stamp": null, "job_restarts": null, "job_qos": null, "job_partition": null, "job_nodes": null}, {"cmd": "python3 /rwthfs/rz/cluster/home/vx475510/miniforge3/envs/sparkle/lib/python3.10/site-packages/sparkle/solver/solver_cli.py --solver Solvers/TestSolver --instance Instances/Basic_6h_year/problem_instance_europe_aug_6h.json --run-index 6 --performance-dataframe Output/Performance_Data/performance_data.csv --cutoff-time 60 --log-dir Output/Configuration/Raw_Data/SMAC2/TestSolver_Basic_6h_year/validation   ", "working_dir": ".", "output_file": null, "stdout_file": "Output/Log/configure_solver_2025-04-22-12.17.06/SMAC2:_Validating_6_TestSolver_Configurations_on_Basic_6h_year-0064.out", "stderr_file": "Output/Log/configure_solver_2025-04-22-12.17.06/SMAC2:_Validating_6_TestSolver_Configurations_on_Basic_6h_year-0064.err", "slurm_job_id": "56309974_64", "job_state": null, "start_time_stamp": null, "end_time_stamp": null, "submit_time_stamp": null, "job_restarts": null, "job_qos": null, "job_partition": null, "job_nodes": null}, {"cmd": "python3 /rwthfs/rz/cluster/home/vx475510/miniforge3/envs/sparkle/lib/python3.10/site-packages/sparkle/solver/solver_cli.py --solver Solvers/TestSolver --instance Instances/Basic_6h_year/problem_instance_europe_aug_6h.json --run-index 7 --performance-dataframe Output/Performance_Data/performance_data.csv --cutoff-time 60 --log-dir Output/Configuration/Raw_Data/SMAC2/TestSolver_Basic_6h_year/validation   ", "working_dir": ".", "output_file": null, "stdout_file": "Output/Log/configure_solver_2025-04-22-12.17.06/SMAC2:_Validating_6_TestSolver_Configurations_on_Basic_6h_year-0065.out", "stderr_file": "Output/Log/configure_solver_2025-04-22-12.17.06/SMAC2:_Validating_6_TestSolver_Configurations_on_Basic_6h_year-0065.err", "slurm_job_id": "56309974_65", "job_state": null, "start_time_stamp": null, "end_time_stamp": null, "submit_time_stamp": null, "job_restarts": null, "job_qos": null, "job_partition": null, "job_nodes": null}, {"cmd": "python3 /rwthfs/rz/cluster/home/vx475510/miniforge3/envs/sparkle/lib/python3.10/site-packages/sparkle/solver/solver_cli.py --solver Solvers/TestSolver --instance Instances/Basic_6h_year/problem_instance_europe_feb_6h.json --run-index 2 --performance-dataframe Output/Performance_Data/performance_data.csv --cutoff-time 60 --log-dir Output/Configuration/Raw_Data/SMAC2/TestSolver_Basic_6h_year/validation   ", "working_dir": ".", "output_file": null, "stdout_file": "Output/Log/configure_solver_2025-04-22-12.17.06/SMAC2:_Validating_6_TestSolver_Configurations_on_Basic_6h_year-0066.out", "stderr_file": "Output/Log/configure_solver_2025-04-22-12.17.06/SMAC2:_Validating_6_TestSolver_Configurations_on_Basic_6h_year-0066.err", "slurm_job_id": "56309974_66", "job_state": null, "start_time_stamp": null, "end_time_stamp": null, "submit_time_stamp": null, "job_restarts": null, "job_qos": null, "job_partition": null, "job_nodes": null}, {"cmd": "python3 /rwthfs/rz/cluster/home/vx475510/miniforge3/envs/sparkle/lib/python3.10/site-packages/sparkle/solver/solver_cli.py --solver Solvers/TestSolver --instance Instances/Basic_6h_year/problem_instance_europe_feb_6h.json --run-index 3 --performance-dataframe Output/Performance_Data/performance_data.csv --cutoff-time 60 --log-dir Output/Configuration/Raw_Data/SMAC2/TestSolver_Basic_6h_year/validation   ", "working_dir": ".", "output_file": null, "stdout_file": "Output/Log/configure_solver_2025-04-22-12.17.06/SMAC2:_Validating_6_TestSolver_Configurations_on_Basic_6h_year-0067.out", "stderr_file": "Output/Log/configure_solver_2025-04-22-12.17.06/SMAC2:_Validating_6_TestSolver_Configurations_on_Basic_6h_year-0067.err", "slurm_job_id": "56309974_67", "job_state": null, "start_time_stamp": null, "end_time_stamp": null, "submit_time_stamp": null, "job_restarts": null, "job_qos": null, "job_partition": null, "job_nodes": null}, {"cmd": "python3 /rwthfs/rz/cluster/home/vx475510/miniforge3/envs/sparkle/lib/python3.10/site-packages/sparkle/solver/solver_cli.py --solver Solvers/TestSolver --instance Instances/Basic_6h_year/problem_instance_europe_feb_6h.json --run-index 4 --performance-dataframe Output/Performance_Data/performance_data.csv --cutoff-time 60 --log-dir Output/Configuration/Raw_Data/SMAC2/TestSolver_Basic_6h_year/validation   ", "working_dir": ".", "output_file": null, "stdout_file": "Output/Log/configure_solver_2025-04-22-12.17.06/SMAC2:_Validating_6_TestSolver_Configurations_on_Basic_6h_year-0068.out", "stderr_file": "Output/Log/configure_solver_2025-04-22-12.17.06/SMAC2:_Validating_6_TestSolver_Configurations_on_Basic_6h_year-0068.err", "slurm_job_id": "56309974_68", "job_state": null, "start_time_stamp": null, "end_time_stamp": null, "submit_time_stamp": null, "job_restarts": null, "job_qos": null, "job_partition": null, "job_nodes": null}, {"cmd": "python3 /rwthfs/rz/cluster/home/vx475510/miniforge3/envs/sparkle/lib/python3.10/site-packages/sparkle/solver/solver_cli.py --solver Solvers/TestSolver --instance Instances/Basic_6h_year/problem_instance_europe_feb_6h.json --run-index 5 --performance-dataframe Output/Performance_Data/performance_data.csv --cutoff-time 60 --log-dir Output/Configuration/Raw_Data/SMAC2/TestSolver_Basic_6h_year/validation   ", "working_dir": ".", "output_file": null, "stdout_file": "Output/Log/configure_solver_2025-04-22-12.17.06/SMAC2:_Validating_6_TestSolver_Configurations_on_Basic_6h_year-0069.out", "stderr_file": "Output/Log/configure_solver_2025-04-22-12.17.06/SMAC2:_Validating_6_TestSolver_Configurations_on_Basic_6h_year-0069.err", "slurm_job_id": "56309974_69", "job_state": null, "start_time_stamp": null, "end_time_stamp": null, "submit_time_stamp": null, "job_restarts": null, "job_qos": null, "job_partition": null, "job_nodes": null}, {"cmd": "python3 /rwthfs/rz/cluster/home/vx475510/miniforge3/envs/sparkle/lib/python3.10/site-packages/sparkle/solver/solver_cli.py --solver Solvers/TestSolver --instance Instances/Basic_6h_year/problem_instance_europe_feb_6h.json --run-index 6 --performance-dataframe Output/Performance_Data/performance_data.csv --cutoff-time 60 --log-dir Output/Configuration/Raw_Data/SMAC2/TestSolver_Basic_6h_year/validation   ", "working_dir": ".", "output_file": null, "stdout_file": "Output/Log/configure_solver_2025-04-22-12.17.06/SMAC2:_Validating_6_TestSolver_Configurations_on_Basic_6h_year-0070.out", "stderr_file": "Output/Log/configure_solver_2025-04-22-12.17.06/SMAC2:_Validating_6_TestSolver_Configurations_on_Basic_6h_year-0070.err", "slurm_job_id": "56309974_70", "job_state": null, "start_time_stamp": null, "end_time_stamp": null, "submit_time_stamp": null, "job_restarts": null, "job_qos": null, "job_partition": null, "job_nodes": null}, {"cmd": "python3 /rwthfs/rz/cluster/home/vx475510/miniforge3/envs/sparkle/lib/python3.10/site-packages/sparkle/solver/solver_cli.py --solver Solvers/TestSolver --instance Instances/Basic_6h_year/problem_instance_europe_feb_6h.json --run-index 7 --performance-dataframe Output/Performance_Data/performance_data.csv --cutoff-time 60 --log-dir Output/Configuration/Raw_Data/SMAC2/TestSolver_Basic_6h_year/validation   ", "working_dir": ".", "output_file": null, "stdout_file": "Output/Log/configure_solver_2025-04-22-12.17.06/SMAC2:_Validating_6_TestSolver_Configurations_on_Basic_6h_year-0071.out", "stderr_file": "Output/Log/configure_solver_2025-04-22-12.17.06/SMAC2:_Validating_6_TestSolver_Configurations_on_Basic_6h_year-0071.err", "slurm_job_id": "56309974_71", "job_state": null, "start_time_stamp": null, "end_time_stamp": null, "submit_time_stamp": null, "job_restarts": null, "job_qos": null, "job_partition": null, "job_nodes": null}], "parallel_jobs": 72, "submitted": true, "run_id": "56309974", "prepend": "export CONDA_ROOT=$HOME/miniforge3\nsource $CONDA_ROOT/etc/profile.d/conda.sh\nexport PATH=\"$CONDA_ROOT/bin:$PATH\"\nconda activate sparkle"}