[ {
  "@pi-id" : 2,
  "pi-name" : "Instances/Basic_6h_year/problem_instance_europe_nov_6h.json",
  "pi-instance-specific-info" : "0",
  "pi-features" : { },
  "pi-instance-id(deprecated)" : 1
}, {
  "@pi-id" : 3,
  "pi-name" : "Instances/Basic_6h_year/problem_instance_europe_apr_6h.json",
  "pi-instance-specific-info" : "0",
  "pi-features" : { },
  "pi-instance-id(deprecated)" : 2
}, {
  "@pi-id" : 4,
  "pi-name" : "Instances/Basic_6h_year/problem_instance_europe_dec_6h.json",
  "pi-instance-specific-info" : "0",
  "pi-features" : { },
  "pi-instance-id(deprecated)" : 3
}, {
  "@pi-id" : 5,
  "pi-name" : "Instances/Basic_6h_year/problem_instance_europe_mar_6h.json",
  "pi-instance-specific-info" : "0",
  "pi-features" : { },
  "pi-instance-id(deprecated)" : 4
}, {
  "@pi-id" : 6,
  "pi-name" : "Instances/Basic_6h_year/problem_instance_europe_oct_6h.json",
  "pi-instance-specific-info" : "0",
  "pi-features" : { },
  "pi-instance-id(deprecated)" : 5
}, {
  "@pi-id" : 7,
  "pi-name" : "Instances/Basic_6h_year/problem_instance_europe_may_6h.json",
  "pi-instance-specific-info" : "0",
  "pi-features" : { },
  "pi-instance-id(deprecated)" : 6
}, {
  "@pi-id" : 8,
  "pi-name" : "Instances/Basic_6h_year/problem_instance_europe_jan_6h.json",
  "pi-instance-specific-info" : "0",
  "pi-features" : { },
  "pi-instance-id(deprecated)" : 7
}, {
  "@pi-id" : 9,
  "pi-name" : "Instances/Basic_6h_year/problem_instance_europe_sep_6h.json",
  "pi-instance-specific-info" : "0",
  "pi-features" : { },
  "pi-instance-id(deprecated)" : 8
}, {
  "@pi-id" : 10,
  "pi-name" : "Instances/Basic_6h_year/problem_instance_europe_jul_6h.json",
  "pi-instance-specific-info" : "0",
  "pi-features" : { },
  "pi-instance-id(deprecated)" : 9
}, {
  "@pi-id" : 11,
  "pi-name" : "Instances/Basic_6h_year/problem_instance_europe_jun_6h.json",
  "pi-instance-specific-info" : "0",
  "pi-features" : { },
  "pi-instance-id(deprecated)" : 10
}, {
  "@pi-id" : 12,
  "pi-name" : "Instances/Basic_6h_year/problem_instance_europe_aug_6h.json",
  "pi-instance-specific-info" : "0",
  "pi-features" : { },
  "pi-instance-id(deprecated)" : 11
}, {
  "@pi-id" : 13,
  "pi-name" : "Instances/Basic_6h_year/problem_instance_europe_feb_6h.json",
  "pi-instance-specific-info" : "0",
  "pi-features" : { },
  "pi-instance-id(deprecated)" : 12
} ] {
  "r-rc" : {
    "@rc-id" : 2,
    "rc-algo-exec-config" : {
      "@algo-exec-config-id" : 2,
      "algo-exec" : "/rwthfs/rz/cluster/home/vx475510/miniforge3/envs/sparkle/lib/python3.10/site-packages/sparkle/Components/smac2-v2.10.03-master-778/smac2_target_algorithm.py Solvers/TestSolver Output/Configuration/Raw_Data/SMAC2/TestSolver_Basic_6h_year/tmp runtime",
      "algo-exec-dir" : "/rwthfs/rz/cluster/home/vx475510/satellite-operations-planning/sparkle",
      "algo-pcs" : {
        "@pcs-id" : 2,
        "pcs-filename" : "/rwthfs/rz/cluster/home/vx475510/satellite-operations-planning/sparkle/Solvers/TestSolver/configspace.pcs",
        "pcs-text" : "branching_scorefunc categorical {s, p, q} [p]\nbranching_scorefac real [0.0, 1.0] [0.167]\nbranching_preferbinary categorical {TRUE, FALSE} [FALSE]\nlp_initalgorithm categorical {s, p, d, b, c} [s]\nlp_pricing categorical {l, a, f, q, d} [l]\nheuristics_trivial_freq integer [-1, 10] [0]\nseparating_poolfreq integer [0, 10] [10]\nseparating_gomory_away real [0.0, 0.01] [0.01]\nheuristics_subnlp_presolveemphasis categorical {0, 1, 2, 3} [0]\n",
        "pcs-subspace" : { }
      },
      "algo-cutoff" : 60.0,
      "algo-deterministic" : false,
      "algo-tae-context" : { }
    },
    "rc-cutoff" : 60.0,
    "rc-pisp" : {
      "@pisp-id" : 2,
      "pisp-pi" : {
        "@pi-id" : 3
      },
      "pisp-seed" : 15183390
    },
    "rc-pc" : {
      "@pc-id" : 2,
      "pc-pcs" : {
        "@pcs-id" : 2
      },
      "pc-settings" : {
        "branching_preferbinary" : "FALSE",
        "branching_scorefac" : "0.167",
        "branching_scorefunc" : "p",
        "heuristics_subnlp_presolveemphasis" : "0",
        "heuristics_trivial_freq" : "0",
        "lp_initalgorithm" : "s",
        "lp_pricing" : "l",
        "separating_gomory_away" : "0.01",
        "separating_poolfreq" : "10"
      },
      "pc-active-parameters" : [ "branching_preferbinary", "branching_scorefac", "branching_scorefunc", "heuristics_subnlp_presolveemphasis", "heuristics_trivial_freq", "lp_initalgorithm", "lp_pricing", "separating_gomory_away", "separating_poolfreq" ],
      "pc-forbidden" : false,
      "pc-default" : true
    },
    "rc-sample-idx" : 0
  },
  "r-run-result" : "SAT",
  "r-runtime" : 29.3522,
  "r-run-length" : 0.0,
  "r-quality" : 14.501746,
  "r-result-seed" : 15183390,
  "r-addl-run-data" : "",
  "r-wallclock-time" : 39.671
} {
  "r-rc" : {
    "@rc-id" : 3,
    "rc-algo-exec-config" : {
      "@algo-exec-config-id" : 2
    },
    "rc-cutoff" : 60.0,
    "rc-pisp" : {
      "@pisp-id" : 3,
      "pisp-pi" : {
        "@pi-id" : 10
      },
      "pisp-seed" : 8732229
    },
    "rc-pc" : {
      "@pc-id" : 2
    },
    "rc-sample-idx" : 0
  },
  "r-run-result" : "SAT",
  "r-runtime" : 31.7743,
  "r-run-length" : 0.0,
  "r-quality" : 16.693924,
  "r-result-seed" : 8732229,
  "r-addl-run-data" : "",
  "r-wallclock-time" : 39.937
} {
  "r-rc" : {
    "@rc-id" : 4,
    "rc-algo-exec-config" : {
      "@algo-exec-config-id" : 2
    },
    "rc-cutoff" : 60.0,
    "rc-pisp" : {
      "@pisp-id" : 3
    },
    "rc-pc" : {
      "@pc-id" : 4,
      "pc-pcs" : {
        "@pcs-id" : 2
      },
      "pc-settings" : {
        "branching_preferbinary" : "TRUE",
        "branching_scorefac" : "0.8228659449603157",
        "branching_scorefunc" : "s",
        "heuristics_subnlp_presolveemphasis" : "1",
        "heuristics_trivial_freq" : "-1",
        "lp_initalgorithm" : "d",
        "lp_pricing" : "f",
        "separating_gomory_away" : "3.9386716976826054E-4",
        "separating_poolfreq" : "2"
      },
      "pc-active-parameters" : [ "branching_preferbinary", "branching_scorefac", "branching_scorefunc", "heuristics_subnlp_presolveemphasis", "heuristics_trivial_freq", "lp_initalgorithm", "lp_pricing", "separating_gomory_away", "separating_poolfreq" ],
      "pc-forbidden" : false,
      "pc-default" : false
    },
    "rc-sample-idx" : 0
  },
  "r-run-result" : "SAT",
  "r-runtime" : 32.0034,
  "r-run-length" : 0.0,
  "r-quality" : 17.542725,
  "r-result-seed" : 8732229,
  "r-addl-run-data" : "",
  "r-wallclock-time" : 39.934
} {
  "r-rc" : {
    "@rc-id" : 5,
    "rc-algo-exec-config" : {
      "@algo-exec-config-id" : 2
    },
    "rc-cutoff" : 60.0,
    "rc-pisp" : {
      "@pisp-id" : 5,
      "pisp-pi" : {
        "@pi-id" : 7
      },
      "pisp-seed" : 8384638
    },
    "rc-pc" : {
      "@pc-id" : 2
    },
    "rc-sample-idx" : 0
  },
  "r-run-result" : "SAT",
  "r-runtime" : 25.448,
  "r-run-length" : 0.0,
  "r-quality" : 13.603921,
  "r-result-seed" : 8384638,
  "r-addl-run-data" : "",
  "r-wallclock-time" : 32.784
} {
  "r-rc" : {
    "@rc-id" : 6,
    "rc-algo-exec-config" : {
      "@algo-exec-config-id" : 2
    },
    "rc-cutoff" : 60.0,
    "rc-pisp" : {
      "@pisp-id" : 3
    },
    "rc-pc" : {
      "@pc-id" : 6,
      "pc-pcs" : {
        "@pcs-id" : 2
      },
      "pc-settings" : {
        "branching_preferbinary" : "TRUE",
        "branching_scorefac" : "0.6281585579772875",
        "branching_scorefunc" : "p",
        "heuristics_subnlp_presolveemphasis" : "0",
        "heuristics_trivial_freq" : "2",
        "lp_initalgorithm" : "b",
        "lp_pricing" : "l",
        "separating_gomory_away" : "0.00825576400333551",
        "separating_poolfreq" : "6"
      },
      "pc-active-parameters" : [ "branching_preferbinary", "branching_scorefac", "branching_scorefunc", "heuristics_subnlp_presolveemphasis", "heuristics_trivial_freq", "lp_initalgorithm", "lp_pricing", "separating_gomory_away", "separating_poolfreq" ],
      "pc-forbidden" : false,
      "pc-default" : false
    },
    "rc-sample-idx" : 0
  },
  "r-run-result" : "SAT",
  "r-runtime" : 31.843,
  "r-run-length" : 0.0,
  "r-quality" : 16.886392,
  "r-result-seed" : 8732229,
  "r-addl-run-data" : "",
  "r-wallclock-time" : 39.962
} {
  "r-rc" : {
    "@rc-id" : 7,
    "rc-algo-exec-config" : {
      "@algo-exec-config-id" : 2
    },
    "rc-cutoff" : 60.0,
    "rc-pisp" : {
      "@pisp-id" : 7,
      "pisp-pi" : {
        "@pi-id" : 13
      },
      "pisp-seed" : 13873809
    },
    "rc-pc" : {
      "@pc-id" : 2
    },
    "rc-sample-idx" : 0
  },
  "r-run-result" : "SAT",
  "r-runtime" : 32.4618,
  "r-run-length" : 0.0,
  "r-quality" : 17.954731,
  "r-result-seed" : 13873809,
  "r-addl-run-data" : "",
  "r-wallclock-time" : 40.368
} {
  "r-rc" : {
    "@rc-id" : 8,
    "rc-algo-exec-config" : {
      "@algo-exec-config-id" : 2
    },
    "rc-cutoff" : 60.0,
    "rc-pisp" : {
      "@pisp-id" : 3
    },
    "rc-pc" : {
      "@pc-id" : 8,
      "pc-pcs" : {
        "@pcs-id" : 2
      },
      "pc-settings" : {
        "branching_preferbinary" : "FALSE",
        "branching_scorefac" : "0.10286227480161636",
        "branching_scorefunc" : "q",
        "heuristics_subnlp_presolveemphasis" : "1",
        "heuristics_trivial_freq" : "7",
        "lp_initalgorithm" : "c",
        "lp_pricing" : "d",
        "separating_gomory_away" : "0.0033283919779237593",
        "separating_poolfreq" : "7"
      },
      "pc-active-parameters" : [ "branching_preferbinary", "branching_scorefac", "branching_scorefunc", "heuristics_subnlp_presolveemphasis", "heuristics_trivial_freq", "lp_initalgorithm", "lp_pricing", "separating_gomory_away", "separating_poolfreq" ],
      "pc-forbidden" : false,
      "pc-default" : false
    },
    "rc-sample-idx" : 0
  },
  "r-run-result" : "SAT",
  "r-runtime" : 31.6836,
  "r-run-length" : 0.0,
  "r-quality" : 16.818457,
  "r-result-seed" : 8732229,
  "r-addl-run-data" : "",
  "r-wallclock-time" : 39.473
} {
  "r-rc" : {
    "@rc-id" : 9,
    "rc-algo-exec-config" : {
      "@algo-exec-config-id" : 2
    },
    "rc-cutoff" : 60.0,
    "rc-pisp" : {
      "@pisp-id" : 9,
      "pisp-pi" : {
        "@pi-id" : 6
      },
      "pisp-seed" : 11919795
    },
    "rc-pc" : {
      "@pc-id" : 2
    },
    "rc-sample-idx" : 0
  },
  "r-run-result" : "SAT",
  "r-runtime" : 32.1226,
  "r-run-length" : 0.0,
  "r-quality" : 16.869605,
  "r-result-seed" : 11919795,
  "r-addl-run-data" : "",
  "r-wallclock-time" : 40.134
} {
  "r-rc" : {
    "@rc-id" : 10,
    "rc-algo-exec-config" : {
      "@algo-exec-config-id" : 2
    },
    "rc-cutoff" : 60.0,
    "rc-pisp" : {
      "@pisp-id" : 9
    },
    "rc-pc" : {
      "@pc-id" : 10,
      "pc-pcs" : {
        "@pcs-id" : 2
      },
      "pc-settings" : {
        "branching_preferbinary" : "FALSE",
        "branching_scorefac" : "0.5955712715299973",
        "branching_scorefunc" : "q",
        "heuristics_subnlp_presolveemphasis" : "2",
        "heuristics_trivial_freq" : "1",
        "lp_initalgorithm" : "s",
        "lp_pricing" : "l",
        "separating_gomory_away" : "0.0017055391027377476",
        "separating_poolfreq" : "5"
      },
      "pc-active-parameters" : [ "branching_preferbinary", "branching_scorefac", "branching_scorefunc", "heuristics_subnlp_presolveemphasis", "heuristics_trivial_freq", "lp_initalgorithm", "lp_pricing", "separating_gomory_away", "separating_poolfreq" ],
      "pc-forbidden" : false,
      "pc-default" : false
    },
    "rc-sample-idx" : 0
  },
  "r-run-result" : "SAT",
  "r-runtime" : 31.8875,
  "r-run-length" : 0.0,
  "r-quality" : 16.75761,
  "r-result-seed" : 11919795,
  "r-addl-run-data" : "",
  "r-wallclock-time" : 39.708
} {
  "r-rc" : {
    "@rc-id" : 11,
    "rc-algo-exec-config" : {
      "@algo-exec-config-id" : 2
    },
    "rc-cutoff" : 60.0,
    "rc-pisp" : {
      "@pisp-id" : 2
    },
    "rc-pc" : {
      "@pc-id" : 10
    },
    "rc-sample-idx" : 0
  },
  "r-run-result" : "SAT",
  "r-runtime" : 29.4497,
  "r-run-length" : 0.0,
  "r-quality" : 14.620782,
  "r-result-seed" : 15183390,
  "r-addl-run-data" : "",
  "r-wallclock-time" : 37.046
} {
  "r-rc" : {
    "@rc-id" : 12,
    "rc-algo-exec-config" : {
      "@algo-exec-config-id" : 2
    },
    "rc-cutoff" : 60.0,
    "rc-pisp" : {
      "@pisp-id" : 5
    },
    "rc-pc" : {
      "@pc-id" : 10
    },
    "rc-sample-idx" : 0
  },
  "r-run-result" : "SAT",
  "r-runtime" : 25.5969,
  "r-run-length" : 0.0,
  "r-quality" : 13.934360999999999,
  "r-result-seed" : 8384638,
  "r-addl-run-data" : "",
  "r-wallclock-time" : 33.222
} {
  "r-rc" : {
    "@rc-id" : 13,
    "rc-algo-exec-config" : {
      "@algo-exec-config-id" : 2
    },
    "rc-cutoff" : 60.0,
    "rc-pisp" : {
      "@pisp-id" : 13,
      "pisp-pi" : {
        "@pi-id" : 12
      },
      "pisp-seed" : 69552
    },
    "rc-pc" : {
      "@pc-id" : 2
    },
    "rc-sample-idx" : 0
  },
  "r-run-result" : "SAT",
  "r-runtime" : 22.8012,
  "r-run-length" : 0.0,
  "r-quality" : 11.897821,
  "r-result-seed" : 69552,
  "r-addl-run-data" : "",
  "r-wallclock-time" : 30.173
} {
  "r-rc" : {
    "@rc-id" : 14,
    "rc-algo-exec-config" : {
      "@algo-exec-config-id" : 2
    },
    "rc-cutoff" : 60.0,
    "rc-pisp" : {
      "@pisp-id" : 3
    },
    "rc-pc" : {
      "@pc-id" : 14,
      "pc-pcs" : {
        "@pcs-id" : 2
      },
      "pc-settings" : {
        "branching_preferbinary" : "FALSE",
        "branching_scorefac" : "0.600798893695902",
        "branching_scorefunc" : "p",
        "heuristics_subnlp_presolveemphasis" : "3",
        "heuristics_trivial_freq" : "1",
        "lp_initalgorithm" : "s",
        "lp_pricing" : "a",
        "separating_gomory_away" : "0.006054875912441015",
        "separating_poolfreq" : "1"
      },
      "pc-active-parameters" : [ "branching_preferbinary", "branching_scorefac", "branching_scorefunc", "heuristics_subnlp_presolveemphasis", "heuristics_trivial_freq", "lp_initalgorithm", "lp_pricing", "separating_gomory_away", "separating_poolfreq" ],
      "pc-forbidden" : false,
      "pc-default" : false
    },
    "rc-sample-idx" : 0
  },
  "r-run-result" : "SAT",
  "r-runtime" : 31.5446,
  "r-run-length" : 0.0,
  "r-quality" : 16.741588,
  "r-result-seed" : 8732229,
  "r-addl-run-data" : "",
  "r-wallclock-time" : 39.415
} {
  "r-rc" : {
    "@rc-id" : 15,
    "rc-algo-exec-config" : {
      "@algo-exec-config-id" : 2
    },
    "rc-cutoff" : 60.0,
    "rc-pisp" : {
      "@pisp-id" : 15,
      "pisp-pi" : {
        "@pi-id" : 4
      },
      "pisp-seed" : 6223220
    },
    "rc-pc" : {
      "@pc-id" : 2
    },
    "rc-sample-idx" : 0
  },
  "r-run-result" : "SAT",
  "r-runtime" : 30.3532,
  "r-run-length" : 0.0,
  "r-quality" : 16.27712,
  "r-result-seed" : 6223220,
  "r-addl-run-data" : "",
  "r-wallclock-time" : 38.051
} {
  "r-rc" : {
    "@rc-id" : 16,
    "rc-algo-exec-config" : {
      "@algo-exec-config-id" : 2
    },
    "rc-cutoff" : 60.0,
    "rc-pisp" : {
      "@pisp-id" : 9
    },
    "rc-pc" : {
      "@pc-id" : 16,
      "pc-pcs" : {
        "@pcs-id" : 2
      },
      "pc-settings" : {
        "branching_preferbinary" : "TRUE",
        "branching_scorefac" : "0.4735680493823805",
        "branching_scorefunc" : "p",
        "heuristics_subnlp_presolveemphasis" : "3",
        "heuristics_trivial_freq" : "10",
        "lp_initalgorithm" : "b",
        "lp_pricing" : "d",
        "separating_gomory_away" : "0.007530652643920189",
        "separating_poolfreq" : "6"
      },
      "pc-active-parameters" : [ "branching_preferbinary", "branching_scorefac", "branching_scorefunc", "heuristics_subnlp_presolveemphasis", "heuristics_trivial_freq", "lp_initalgorithm", "lp_pricing", "separating_gomory_away", "separating_poolfreq" ],
      "pc-forbidden" : false,
      "pc-default" : false
    },
    "rc-sample-idx" : 0
  },
  "r-run-result" : "SAT",
  "r-runtime" : 31.5005,
  "r-run-length" : 0.0,
  "r-quality" : 16.330897,
  "r-result-seed" : 11919795,
  "r-addl-run-data" : "",
  "r-wallclock-time" : 39.056
} {
  "r-rc" : {
    "@rc-id" : 17,
    "rc-algo-exec-config" : {
      "@algo-exec-config-id" : 2
    },
    "rc-cutoff" : 60.0,
    "rc-pisp" : {
      "@pisp-id" : 13
    },
    "rc-pc" : {
      "@pc-id" : 16
    },
    "rc-sample-idx" : 0
  },
  "r-run-result" : "SAT",
  "r-runtime" : 22.0884,
  "r-run-length" : 0.0,
  "r-quality" : 11.465022,
  "r-result-seed" : 69552,
  "r-addl-run-data" : "",
  "r-wallclock-time" : 29.363
} {
  "r-rc" : {
    "@rc-id" : 18,
    "rc-algo-exec-config" : {
      "@algo-exec-config-id" : 2
    },
    "rc-cutoff" : 60.0,
    "rc-pisp" : {
      "@pisp-id" : 15
    },
    "rc-pc" : {
      "@pc-id" : 16
    },
    "rc-sample-idx" : 0
  },
  "r-run-result" : "SAT",
  "r-runtime" : 28.6125,
  "r-run-length" : 0.0,
  "r-quality" : 15.344889,
  "r-result-seed" : 6223220,
  "r-addl-run-data" : "",
  "r-wallclock-time" : 36.065
} {
  "r-rc" : {
    "@rc-id" : 19,
    "rc-algo-exec-config" : {
      "@algo-exec-config-id" : 2
    },
    "rc-cutoff" : 60.0,
    "rc-pisp" : {
      "@pisp-id" : 3
    },
    "rc-pc" : {
      "@pc-id" : 16
    },
    "rc-sample-idx" : 0
  },
  "r-run-result" : "SAT",
  "r-runtime" : 28.1418,
  "r-run-length" : 0.0,
  "r-quality" : 14.700489,
  "r-result-seed" : 8732229,
  "r-addl-run-data" : "",
  "r-wallclock-time" : 35.521
} {
  "r-rc" : {
    "@rc-id" : 20,
    "rc-algo-exec-config" : {
      "@algo-exec-config-id" : 2
    },
    "rc-cutoff" : 60.0,
    "rc-pisp" : {
      "@pisp-id" : 7
    },
    "rc-pc" : {
      "@pc-id" : 16
    },
    "rc-sample-idx" : 0
  },
  "r-run-result" : "SAT",
  "r-runtime" : 30.4117,
  "r-run-length" : 0.0,
  "r-quality" : 18.179217,
  "r-result-seed" : 13873809,
  "r-addl-run-data" : "",
  "r-wallclock-time" : 37.696
} {
  "r-rc" : {
    "@rc-id" : 21,
    "rc-algo-exec-config" : {
      "@algo-exec-config-id" : 2
    },
    "rc-cutoff" : 60.0,
    "rc-pisp" : {
      "@pisp-id" : 2
    },
    "rc-pc" : {
      "@pc-id" : 16
    },
    "rc-sample-idx" : 0
  },
  "r-run-result" : "SAT",
  "r-runtime" : 25.0108,
  "r-run-length" : 0.0,
  "r-quality" : 12.555223999999999,
  "r-result-seed" : 15183390,
  "r-addl-run-data" : "",
  "r-wallclock-time" : 31.917
} {
  "r-rc" : {
    "@rc-id" : 22,
    "rc-algo-exec-config" : {
      "@algo-exec-config-id" : 2
    },
    "rc-cutoff" : 60.0,
    "rc-pisp" : {
      "@pisp-id" : 5
    },
    "rc-pc" : {
      "@pc-id" : 16
    },
    "rc-sample-idx" : 0
  },
  "r-run-result" : "SAT",
  "r-runtime" : 21.0988,
  "r-run-length" : 0.0,
  "r-quality" : 13.456238,
  "r-result-seed" : 8384638,
  "r-addl-run-data" : "",
  "r-wallclock-time" : 30.136
} {
  "r-rc" : {
    "@rc-id" : 23,
    "rc-algo-exec-config" : {
      "@algo-exec-config-id" : 2
    },
    "rc-cutoff" : 60.0,
    "rc-pisp" : {
      "@pisp-id" : 23,
      "pisp-pi" : {
        "@pi-id" : 9
      },
      "pisp-seed" : 162587
    },
    "rc-pc" : {
      "@pc-id" : 16
    },
    "rc-sample-idx" : 0
  },
  "r-run-result" : "SAT",
  "r-runtime" : 24.7102,
  "r-run-length" : 0.0,
  "r-quality" : 13.884425,
  "r-result-seed" : 162587,
  "r-addl-run-data" : "",
  "r-wallclock-time" : 31.649
} {
  "r-rc" : {
    "@rc-id" : 24,
    "rc-algo-exec-config" : {
      "@algo-exec-config-id" : 2
    },
    "rc-cutoff" : 60.0,
    "rc-pisp" : {
      "@pisp-id" : 23
    },
    "rc-pc" : {
      "@pc-id" : 24,
      "pc-pcs" : {
        "@pcs-id" : 2
      },
      "pc-settings" : {
        "branching_preferbinary" : "FALSE",
        "branching_scorefac" : "0.3643967967111216",
        "branching_scorefunc" : "s",
        "heuristics_subnlp_presolveemphasis" : "1",
        "heuristics_trivial_freq" : "10",
        "lp_initalgorithm" : "p",
        "lp_pricing" : "d",
        "separating_gomory_away" : "0.009443611697749333",
        "separating_poolfreq" : "0"
      },
      "pc-active-parameters" : [ "branching_preferbinary", "branching_scorefac", "branching_scorefunc", "heuristics_subnlp_presolveemphasis", "heuristics_trivial_freq", "lp_initalgorithm", "lp_pricing", "separating_gomory_away", "separating_poolfreq" ],
      "pc-forbidden" : false,
      "pc-default" : false
    },
    "rc-sample-idx" : 0
  },
  "r-run-result" : "SAT",
  "r-runtime" : 24.8141,
  "r-run-length" : 0.0,
  "r-quality" : 13.974150999999999,
  "r-result-seed" : 162587,
  "r-addl-run-data" : "",
  "r-wallclock-time" : 31.867
} {
  "r-rc" : {
    "@rc-id" : 25,
    "rc-algo-exec-config" : {
      "@algo-exec-config-id" : 2
    },
    "rc-cutoff" : 60.0,
    "rc-pisp" : {
      "@pisp-id" : 25,
      "pisp-pi" : {
        "@pi-id" : 8
      },
      "pisp-seed" : 189204
    },
    "rc-pc" : {
      "@pc-id" : 16
    },
    "rc-sample-idx" : 0
  },
  "r-run-result" : "SAT",
  "r-runtime" : 26.066,
  "r-run-length" : 0.0,
  "r-quality" : 13.394952,
  "r-result-seed" : 189204,
  "r-addl-run-data" : "",
  "r-wallclock-time" : 32.94
} {
  "r-rc" : {
    "@rc-id" : 26,
    "rc-algo-exec-config" : {
      "@algo-exec-config-id" : 2
    },
    "rc-cutoff" : 60.0,
    "rc-pisp" : {
      "@pisp-id" : 15
    },
    "rc-pc" : {
      "@pc-id" : 26,
      "pc-pcs" : {
        "@pcs-id" : 2
      },
      "pc-settings" : {
        "branching_preferbinary" : "FALSE",
        "branching_scorefac" : "0.4339710181941073",
        "branching_scorefunc" : "q",
        "heuristics_subnlp_presolveemphasis" : "1",
        "heuristics_trivial_freq" : "1",
        "lp_initalgorithm" : "b",
        "lp_pricing" : "d",
        "separating_gomory_away" : "0.0015126477076279454",
        "separating_poolfreq" : "6"
      },
      "pc-active-parameters" : [ "branching_preferbinary", "branching_scorefac", "branching_scorefunc", "heuristics_subnlp_presolveemphasis", "heuristics_trivial_freq", "lp_initalgorithm", "lp_pricing", "separating_gomory_away", "separating_poolfreq" ],
      "pc-forbidden" : false,
      "pc-default" : false
    },
    "rc-sample-idx" : 0
  },
  "r-run-result" : "SAT",
  "r-runtime" : 25.3098,
  "r-run-length" : 0.0,
  "r-quality" : 13.804668,
  "r-result-seed" : 6223220,
  "r-addl-run-data" : "",
  "r-wallclock-time" : 34.447
} {
  "r-rc" : {
    "@rc-id" : 27,
    "rc-algo-exec-config" : {
      "@algo-exec-config-id" : 2
    },
    "rc-cutoff" : 60.0,
    "rc-pisp" : {
      "@pisp-id" : 2
    },
    "rc-pc" : {
      "@pc-id" : 26
    },
    "rc-sample-idx" : 0
  },
  "r-run-result" : "SAT",
  "r-runtime" : 24.065,
  "r-run-length" : 0.0,
  "r-quality" : 11.894049,
  "r-result-seed" : 15183390,
  "r-addl-run-data" : "",
  "r-wallclock-time" : 30.73
} {
  "r-rc" : {
    "@rc-id" : 28,
    "rc-algo-exec-config" : {
      "@algo-exec-config-id" : 2
    },
    "rc-cutoff" : 60.0,
    "rc-pisp" : {
      "@pisp-id" : 7
    },
    "rc-pc" : {
      "@pc-id" : 26
    },
    "rc-sample-idx" : 0
  },
  "r-run-result" : "SAT",
  "r-runtime" : 28.8738,
  "r-run-length" : 0.0,
  "r-quality" : 17.078311,
  "r-result-seed" : 13873809,
  "r-addl-run-data" : "",
  "r-wallclock-time" : 36.027
} {
  "r-rc" : {
    "@rc-id" : 29,
    "rc-algo-exec-config" : {
      "@algo-exec-config-id" : 2
    },
    "rc-cutoff" : 60.0,
    "rc-pisp" : {
      "@pisp-id" : 25
    },
    "rc-pc" : {
      "@pc-id" : 26
    },
    "rc-sample-idx" : 0
  },
  "r-run-result" : "SAT",
  "r-runtime" : 26.0572,
  "r-run-length" : 0.0,
  "r-quality" : 13.73949,
  "r-result-seed" : 189204,
  "r-addl-run-data" : "",
  "r-wallclock-time" : 32.866
} {
  "r-rc" : {
    "@rc-id" : 30,
    "rc-algo-exec-config" : {
      "@algo-exec-config-id" : 2
    },
    "rc-cutoff" : 60.0,
    "rc-pisp" : {
      "@pisp-id" : 9
    },
    "rc-pc" : {
      "@pc-id" : 26
    },
    "rc-sample-idx" : 0
  },
  "r-run-result" : "SAT",
  "r-runtime" : 30.9348,
  "r-run-length" : 0.0,
  "r-quality" : 16.616384,
  "r-result-seed" : 11919795,
  "r-addl-run-data" : "",
  "r-wallclock-time" : 39.4
} {
  "r-rc" : {
    "@rc-id" : 31,
    "rc-algo-exec-config" : {
      "@algo-exec-config-id" : 2
    },
    "rc-cutoff" : 60.0,
    "rc-pisp" : {
      "@pisp-id" : 13
    },
    "rc-pc" : {
      "@pc-id" : 26
    },
    "rc-sample-idx" : 0
  },
  "r-run-result" : "SAT",
  "r-runtime" : 23.1364,
  "r-run-length" : 0.0,
  "r-quality" : 14.955862,
  "r-result-seed" : 69552,
  "r-addl-run-data" : "",
  "r-wallclock-time" : 33.227
} {
  "r-rc" : {
    "@rc-id" : 32,
    "rc-algo-exec-config" : {
      "@algo-exec-config-id" : 2
    },
    "rc-cutoff" : 60.0,
    "rc-pisp" : {
      "@pisp-id" : 5
    },
    "rc-pc" : {
      "@pc-id" : 26
    },
    "rc-sample-idx" : 0
  },
  "r-run-result" : "SAT",
  "r-runtime" : 25.3111,
  "r-run-length" : 0.0,
  "r-quality" : 13.432974,
  "r-result-seed" : 8384638,
  "r-addl-run-data" : "",
  "r-wallclock-time" : 32.766
} {
  "r-rc" : {
    "@rc-id" : 33,
    "rc-algo-exec-config" : {
      "@algo-exec-config-id" : 2
    },
    "rc-cutoff" : 60.0,
    "rc-pisp" : {
      "@pisp-id" : 33,
      "pisp-pi" : {
        "@pi-id" : 2
      },
      "pisp-seed" : 8792767
    },
    "rc-pc" : {
      "@pc-id" : 16
    },
    "rc-sample-idx" : 0
  },
  "r-run-result" : "SAT",
  "r-runtime" : 30.6252,
  "r-run-length" : 0.0,
  "r-quality" : 16.602002,
  "r-result-seed" : 8792767,
  "r-addl-run-data" : "",
  "r-wallclock-time" : 41.44
} {
  "r-rc" : {
    "@rc-id" : 34,
    "rc-algo-exec-config" : {
      "@algo-exec-config-id" : 2
    },
    "rc-cutoff" : 60.0,
    "rc-pisp" : {
      "@pisp-id" : 25
    },
    "rc-pc" : {
      "@pc-id" : 34,
      "pc-pcs" : {
        "@pcs-id" : 2
      },
      "pc-settings" : {
        "branching_preferbinary" : "FALSE",
        "branching_scorefac" : "0.3730742700404601",
        "branching_scorefunc" : "s",
        "heuristics_subnlp_presolveemphasis" : "0",
        "heuristics_trivial_freq" : "4",
        "lp_initalgorithm" : "p",
        "lp_pricing" : "d",
        "separating_gomory_away" : "0.009877032194762589",
        "separating_poolfreq" : "1"
      },
      "pc-active-parameters" : [ "branching_preferbinary", "branching_scorefac", "branching_scorefunc", "heuristics_subnlp_presolveemphasis", "heuristics_trivial_freq", "lp_initalgorithm", "lp_pricing", "separating_gomory_away", "separating_poolfreq" ],
      "pc-forbidden" : false,
      "pc-default" : false
    },
    "rc-sample-idx" : 0
  },
  "r-run-result" : "SAT",
  "r-runtime" : 31.5574,
  "r-run-length" : 0.0,
  "r-quality" : 16.514118,
  "r-result-seed" : 189204,
  "r-addl-run-data" : "",
  "r-wallclock-time" : 39.97
} {
  "r-rc" : {
    "@rc-id" : 35,
    "rc-algo-exec-config" : {
      "@algo-exec-config-id" : 2
    },
    "rc-cutoff" : 60.0,
    "rc-pisp" : {
      "@pisp-id" : 35,
      "pisp-pi" : {
        "@pi-id" : 5
      },
      "pisp-seed" : 16201033
    },
    "rc-pc" : {
      "@pc-id" : 16
    },
    "rc-sample-idx" : 0
  },
  "r-run-result" : "SAT",
  "r-runtime" : 28.059,
  "r-run-length" : 0.0,
  "r-quality" : 14.036496,
  "r-result-seed" : 16201033,
  "r-addl-run-data" : "",
  "r-wallclock-time" : 35.509
} {
  "r-rc" : {
    "@rc-id" : 36,
    "rc-algo-exec-config" : {
      "@algo-exec-config-id" : 2
    },
    "rc-cutoff" : 60.0,
    "rc-pisp" : {
      "@pisp-id" : 25
    },
    "rc-pc" : {
      "@pc-id" : 36,
      "pc-pcs" : {
        "@pcs-id" : 2
      },
      "pc-settings" : {
        "branching_preferbinary" : "TRUE",
        "branching_scorefac" : "0.8495458341322991",
        "branching_scorefunc" : "s",
        "heuristics_subnlp_presolveemphasis" : "2",
        "heuristics_trivial_freq" : "2",
        "lp_initalgorithm" : "b",
        "lp_pricing" : "a",
        "separating_gomory_away" : "0.0051716864061286194",
        "separating_poolfreq" : "10"
      },
      "pc-active-parameters" : [ "branching_preferbinary", "branching_scorefac", "branching_scorefunc", "heuristics_subnlp_presolveemphasis", "heuristics_trivial_freq", "lp_initalgorithm", "lp_pricing", "separating_gomory_away", "separating_poolfreq" ],
      "pc-forbidden" : false,
      "pc-default" : false
    },
    "rc-sample-idx" : 0
  },
  "r-run-result" : "SAT",
  "r-runtime" : 31.4498,
  "r-run-length" : 0.0,
  "r-quality" : 16.646255,
  "r-result-seed" : 189204,
  "r-addl-run-data" : "",
  "r-wallclock-time" : 39.313
} {
  "r-rc" : {
    "@rc-id" : 37,
    "rc-algo-exec-config" : {
      "@algo-exec-config-id" : 2
    },
    "rc-cutoff" : 60.0,
    "rc-pisp" : {
      "@pisp-id" : 37,
      "pisp-pi" : {
        "@pi-id" : 11
      },
      "pisp-seed" : 342778
    },
    "rc-pc" : {
      "@pc-id" : 16
    },
    "rc-sample-idx" : 0
  },
  "r-run-result" : "SAT",
  "r-runtime" : 30.4235,
  "r-run-length" : 0.0,
  "r-quality" : 15.566872,
  "r-result-seed" : 342778,
  "r-addl-run-data" : "",
  "r-wallclock-time" : 38.036
} {
  "r-rc" : {
    "@rc-id" : 38,
    "rc-algo-exec-config" : {
      "@algo-exec-config-id" : 2
    },
    "rc-cutoff" : 60.0,
    "rc-pisp" : {
      "@pisp-id" : 33
    },
    "rc-pc" : {
      "@pc-id" : 24
    },
    "rc-sample-idx" : 0
  },
  "r-run-result" : "SAT",
  "r-runtime" : 30.4054,
  "r-run-length" : 0.0,
  "r-quality" : 16.415906,
  "r-result-seed" : 8792767,
  "r-addl-run-data" : "",
  "r-wallclock-time" : 38.07
} {
  "r-rc" : {
    "@rc-id" : 39,
    "rc-algo-exec-config" : {
      "@algo-exec-config-id" : 2
    },
    "rc-cutoff" : 60.0,
    "rc-pisp" : {
      "@pisp-id" : 37
    },
    "rc-pc" : {
      "@pc-id" : 24
    },
    "rc-sample-idx" : 0
  },
  "r-run-result" : "SAT",
  "r-runtime" : 30.681,
  "r-run-length" : 0.0,
  "r-quality" : 16.130984,
  "r-result-seed" : 342778,
  "r-addl-run-data" : "",
  "r-wallclock-time" : 38.548
} {
  "r-rc" : {
    "@rc-id" : 40,
    "rc-algo-exec-config" : {
      "@algo-exec-config-id" : 2
    },
    "rc-cutoff" : 60.0,
    "rc-pisp" : {
      "@pisp-id" : 3
    },
    "rc-pc" : {
      "@pc-id" : 24
    },
    "rc-sample-idx" : 0
  },
  "r-run-result" : "SAT",
  "r-runtime" : 31.4329,
  "r-run-length" : 0.0,
  "r-quality" : 16.741901,
  "r-result-seed" : 8732229,
  "r-addl-run-data" : "",
  "r-wallclock-time" : 39.007
} {
  "r-rc" : {
    "@rc-id" : 41,
    "rc-algo-exec-config" : {
      "@algo-exec-config-id" : 2
    },
    "rc-cutoff" : 60.0,
    "rc-pisp" : {
      "@pisp-id" : 41,
      "pisp-pi" : {
        "@pi-id" : 5
      },
      "pisp-seed" : 8268671
    },
    "rc-pc" : {
      "@pc-id" : 16
    },
    "rc-sample-idx" : 0
  },
  "r-run-result" : "SAT",
  "r-runtime" : 28.1439,
  "r-run-length" : 0.0,
  "r-quality" : 13.880253,
  "r-result-seed" : 8268671,
  "r-addl-run-data" : "",
  "r-wallclock-time" : 38.336
} {
  "r-rc" : {
    "@rc-id" : 42,
    "rc-algo-exec-config" : {
      "@algo-exec-config-id" : 2
    },
    "rc-cutoff" : 60.0,
    "rc-pisp" : {
      "@pisp-id" : 2
    },
    "rc-pc" : {
      "@pc-id" : 42,
      "pc-pcs" : {
        "@pcs-id" : 2
      },
      "pc-settings" : {
        "branching_preferbinary" : "FALSE",
        "branching_scorefac" : "0.6715540428732394",
        "branching_scorefunc" : "q",
        "heuristics_subnlp_presolveemphasis" : "1",
        "heuristics_trivial_freq" : "10",
        "lp_initalgorithm" : "p",
        "lp_pricing" : "d",
        "separating_gomory_away" : "0.005221486170345261",
        "separating_poolfreq" : "7"
      },
      "pc-active-parameters" : [ "branching_preferbinary", "branching_scorefac", "branching_scorefunc", "heuristics_subnlp_presolveemphasis", "heuristics_trivial_freq", "lp_initalgorithm", "lp_pricing", "separating_gomory_away", "separating_poolfreq" ],
      "pc-forbidden" : false,
      "pc-default" : false
    },
    "rc-sample-idx" : 0
  },
  "r-run-result" : "SAT",
  "r-runtime" : 29.3547,
  "r-run-length" : 0.0,
  "r-quality" : 14.996433,
  "r-result-seed" : 15183390,
  "r-addl-run-data" : "",
  "r-wallclock-time" : 36.993
} {
  "r-rc" : {
    "@rc-id" : 43,
    "rc-algo-exec-config" : {
      "@algo-exec-config-id" : 2
    },
    "rc-cutoff" : 60.0,
    "rc-pisp" : {
      "@pisp-id" : 43,
      "pisp-pi" : {
        "@pi-id" : 2
      },
      "pisp-seed" : 13794010
    },
    "rc-pc" : {
      "@pc-id" : 16
    },
    "rc-sample-idx" : 0
  },
  "r-run-result" : "SAT",
  "r-runtime" : 30.5221,
  "r-run-length" : 0.0,
  "r-quality" : 16.455171,
  "r-result-seed" : 13794010,
  "r-addl-run-data" : "",
  "r-wallclock-time" : 38.056
} {
  "r-rc" : {
    "@rc-id" : 44,
    "rc-algo-exec-config" : {
      "@algo-exec-config-id" : 2
    },
    "rc-cutoff" : 60.0,
    "rc-pisp" : {
      "@pisp-id" : 7
    },
    "rc-pc" : {
      "@pc-id" : 44,
      "pc-pcs" : {
        "@pcs-id" : 2
      },
      "pc-settings" : {
        "branching_preferbinary" : "FALSE",
        "branching_scorefac" : "0.5978072349840783",
        "branching_scorefunc" : "q",
        "heuristics_subnlp_presolveemphasis" : "1",
        "heuristics_trivial_freq" : "0",
        "lp_initalgorithm" : "b",
        "lp_pricing" : "d",
        "separating_gomory_away" : "0.005028570064925213",
        "separating_poolfreq" : "10"
      },
      "pc-active-parameters" : [ "branching_preferbinary", "branching_scorefac", "branching_scorefunc", "heuristics_subnlp_presolveemphasis", "heuristics_trivial_freq", "lp_initalgorithm", "lp_pricing", "separating_gomory_away", "separating_poolfreq" ],
      "pc-forbidden" : false,
      "pc-default" : false
    },
    "rc-sample-idx" : 0
  },
  "r-run-result" : "SAT",
  "r-runtime" : 35.1869,
  "r-run-length" : 0.0,
  "r-quality" : 20.757202,
  "r-result-seed" : 13873809,
  "r-addl-run-data" : "",
  "r-wallclock-time" : 43.229
} {
  "r-rc" : {
    "@rc-id" : 45,
    "rc-algo-exec-config" : {
      "@algo-exec-config-id" : 2
    },
    "rc-cutoff" : 60.0,
    "rc-pisp" : {
      "@pisp-id" : 45,
      "pisp-pi" : {
        "@pi-id" : 9
      },
      "pisp-seed" : 12976435
    },
    "rc-pc" : {
      "@pc-id" : 16
    },
    "rc-sample-idx" : 0
  },
  "r-run-result" : "SAT",
  "r-runtime" : 29.6018,
  "r-run-length" : 0.0,
  "r-quality" : 16.795204,
  "r-result-seed" : 12976435,
  "r-addl-run-data" : "",
  "r-wallclock-time" : 37.284
} {
  "r-rc" : {
    "@rc-id" : 46,
    "rc-algo-exec-config" : {
      "@algo-exec-config-id" : 2
    },
    "rc-cutoff" : 60.0,
    "rc-pisp" : {
      "@pisp-id" : 7
    },
    "rc-pc" : {
      "@pc-id" : 46,
      "pc-pcs" : {
        "@pcs-id" : 2
      },
      "pc-settings" : {
        "branching_preferbinary" : "TRUE",
        "branching_scorefac" : "0.9237954715957817",
        "branching_scorefunc" : "p",
        "heuristics_subnlp_presolveemphasis" : "3",
        "heuristics_trivial_freq" : "10",
        "lp_initalgorithm" : "p",
        "lp_pricing" : "a",
        "separating_gomory_away" : "0.004623849962548285",
        "separating_poolfreq" : "9"
      },
      "pc-active-parameters" : [ "branching_preferbinary", "branching_scorefac", "branching_scorefunc", "heuristics_subnlp_presolveemphasis", "heuristics_trivial_freq", "lp_initalgorithm", "lp_pricing", "separating_gomory_away", "separating_poolfreq" ],
      "pc-forbidden" : false,
      "pc-default" : false
    },
    "rc-sample-idx" : 0
  },
  "r-run-result" : "SAT",
  "r-runtime" : 33.01,
  "r-run-length" : 0.0,
  "r-quality" : 18.299546,
  "r-result-seed" : 13873809,
  "r-addl-run-data" : "",
  "r-wallclock-time" : 40.701
} {
  "r-rc" : {
    "@rc-id" : 47,
    "rc-algo-exec-config" : {
      "@algo-exec-config-id" : 2
    },
    "rc-cutoff" : 60.0,
    "rc-pisp" : {
      "@pisp-id" : 47,
      "pisp-pi" : {
        "@pi-id" : 11
      },
      "pisp-seed" : 2093017
    },
    "rc-pc" : {
      "@pc-id" : 16
    },
    "rc-sample-idx" : 0
  },
  "r-run-result" : "SAT",
  "r-runtime" : 31.2879,
  "r-run-length" : 0.0,
  "r-quality" : 16.077662,
  "r-result-seed" : 2093017,
  "r-addl-run-data" : "",
  "r-wallclock-time" : 39.37
} {
  "r-rc" : {
    "@rc-id" : 48,
    "rc-algo-exec-config" : {
      "@algo-exec-config-id" : 2
    },
    "rc-cutoff" : 60.0,
    "rc-pisp" : {
      "@pisp-id" : 33
    },
    "rc-pc" : {
      "@pc-id" : 48,
      "pc-pcs" : {
        "@pcs-id" : 2
      },
      "pc-settings" : {
        "branching_preferbinary" : "FALSE",
        "branching_scorefac" : "0.4339710181941073",
        "branching_scorefunc" : "q",
        "heuristics_subnlp_presolveemphasis" : "1",
        "heuristics_trivial_freq" : "1",
        "lp_initalgorithm" : "b",
        "lp_pricing" : "q",
        "separating_gomory_away" : "0.0015126477076279454",
        "separating_poolfreq" : "6"
      },
      "pc-active-parameters" : [ "branching_preferbinary", "branching_scorefac", "branching_scorefunc", "heuristics_subnlp_presolveemphasis", "heuristics_trivial_freq", "lp_initalgorithm", "lp_pricing", "separating_gomory_away", "separating_poolfreq" ],
      "pc-forbidden" : false,
      "pc-default" : false
    },
    "rc-sample-idx" : 0
  },
  "r-run-result" : "SAT",
  "r-runtime" : 31.8186,
  "r-run-length" : 0.0,
  "r-quality" : 17.592212,
  "r-result-seed" : 8792767,
  "r-addl-run-data" : "",
  "r-wallclock-time" : 39.843
} {
  "r-rc" : {
    "@rc-id" : 49,
    "rc-algo-exec-config" : {
      "@algo-exec-config-id" : 2
    },
    "rc-cutoff" : 60.0,
    "rc-pisp" : {
      "@pisp-id" : 49,
      "pisp-pi" : {
        "@pi-id" : 10
      },
      "pisp-seed" : 13625269
    },
    "rc-pc" : {
      "@pc-id" : 16
    },
    "rc-sample-idx" : 0
  },
  "r-run-result" : "SAT",
  "r-runtime" : 33.1035,
  "r-run-length" : 0.0,
  "r-quality" : 17.33412,
  "r-result-seed" : 13625269,
  "r-addl-run-data" : "",
  "r-wallclock-time" : 40.846
} {
  "r-rc" : {
    "@rc-id" : 50,
    "rc-algo-exec-config" : {
      "@algo-exec-config-id" : 2
    },
    "rc-cutoff" : 60.0,
    "rc-pisp" : {
      "@pisp-id" : 45
    },
    "rc-pc" : {
      "@pc-id" : 50,
      "pc-pcs" : {
        "@pcs-id" : 2
      },
      "pc-settings" : {
        "branching_preferbinary" : "TRUE",
        "branching_scorefac" : "0.734739989874074",
        "branching_scorefunc" : "p",
        "heuristics_subnlp_presolveemphasis" : "0",
        "heuristics_trivial_freq" : "2",
        "lp_initalgorithm" : "b",
        "lp_pricing" : "q",
        "separating_gomory_away" : "0.008027345325614742",
        "separating_poolfreq" : "7"
      },
      "pc-active-parameters" : [ "branching_preferbinary", "branching_scorefac", "branching_scorefunc", "heuristics_subnlp_presolveemphasis", "heuristics_trivial_freq", "lp_initalgorithm", "lp_pricing", "separating_gomory_away", "separating_poolfreq" ],
      "pc-forbidden" : false,
      "pc-default" : false
    },
    "rc-sample-idx" : 0
  },
  "r-run-result" : "SAT",
  "r-runtime" : 31.0394,
  "r-run-length" : 0.0,
  "r-quality" : 17.348238,
  "r-result-seed" : 12976435,
  "r-addl-run-data" : "",
  "r-wallclock-time" : 38.952
}