[ {
  "@pi-id" : 2,
  "pi-name" : "Instances/Basic_6h_year/problem_instance_europe_nov_6h.json",
  "pi-instance-specific-info" : "0",
  "pi-features" : { },
  "pi-instance-id(deprecated)" : 1
}, {
  "@pi-id" : 3,
  "pi-name" : "Instances/Basic_6h_year/problem_instance_europe_apr_6h.json",
  "pi-instance-specific-info" : "0",
  "pi-features" : { },
  "pi-instance-id(deprecated)" : 2
}, {
  "@pi-id" : 4,
  "pi-name" : "Instances/Basic_6h_year/problem_instance_europe_dec_6h.json",
  "pi-instance-specific-info" : "0",
  "pi-features" : { },
  "pi-instance-id(deprecated)" : 3
}, {
  "@pi-id" : 5,
  "pi-name" : "Instances/Basic_6h_year/problem_instance_europe_mar_6h.json",
  "pi-instance-specific-info" : "0",
  "pi-features" : { },
  "pi-instance-id(deprecated)" : 4
}, {
  "@pi-id" : 6,
  "pi-name" : "Instances/Basic_6h_year/problem_instance_europe_oct_6h.json",
  "pi-instance-specific-info" : "0",
  "pi-features" : { },
  "pi-instance-id(deprecated)" : 5
}, {
  "@pi-id" : 7,
  "pi-name" : "Instances/Basic_6h_year/problem_instance_europe_may_6h.json",
  "pi-instance-specific-info" : "0",
  "pi-features" : { },
  "pi-instance-id(deprecated)" : 6
}, {
  "@pi-id" : 8,
  "pi-name" : "Instances/Basic_6h_year/problem_instance_europe_jan_6h.json",
  "pi-instance-specific-info" : "0",
  "pi-features" : { },
  "pi-instance-id(deprecated)" : 7
}, {
  "@pi-id" : 9,
  "pi-name" : "Instances/Basic_6h_year/problem_instance_europe_sep_6h.json",
  "pi-instance-specific-info" : "0",
  "pi-features" : { },
  "pi-instance-id(deprecated)" : 8
}, {
  "@pi-id" : 10,
  "pi-name" : "Instances/Basic_6h_year/problem_instance_europe_jul_6h.json",
  "pi-instance-specific-info" : "0",
  "pi-features" : { },
  "pi-instance-id(deprecated)" : 9
}, {
  "@pi-id" : 11,
  "pi-name" : "Instances/Basic_6h_year/problem_instance_europe_jun_6h.json",
  "pi-instance-specific-info" : "0",
  "pi-features" : { },
  "pi-instance-id(deprecated)" : 10
}, {
  "@pi-id" : 12,
  "pi-name" : "Instances/Basic_6h_year/problem_instance_europe_aug_6h.json",
  "pi-instance-specific-info" : "0",
  "pi-features" : { },
  "pi-instance-id(deprecated)" : 11
}, {
  "@pi-id" : 13,
  "pi-name" : "Instances/Basic_6h_year/problem_instance_europe_feb_6h.json",
  "pi-instance-specific-info" : "0",
  "pi-features" : { },
  "pi-instance-id(deprecated)" : 12
} ] {
  "r-rc" : {
    "@rc-id" : 2,
    "rc-algo-exec-config" : {
      "@algo-exec-config-id" : 2,
      "algo-exec" : "/rwthfs/rz/cluster/home/vx475510/miniforge3/envs/sparkle/lib/python3.10/site-packages/sparkle/Components/smac2-v2.10.03-master-778/smac2_target_algorithm.py Solvers/TestSolver Output/Configuration/Raw_Data/SMAC2/TestSolver_Basic_6h_year/tmp runtime",
      "algo-exec-dir" : "/rwthfs/rz/cluster/home/vx475510/satellite-operations-planning/sparkle",
      "algo-pcs" : {
        "@pcs-id" : 2,
        "pcs-filename" : "/rwthfs/rz/cluster/home/vx475510/satellite-operations-planning/sparkle/Solvers/TestSolver/configspace.pcs",
        "pcs-text" : "branching_scorefunc categorical {s, p, q} [p]\nbranching_scorefac real [0.0, 1.0] [0.167]\nbranching_preferbinary categorical {TRUE, FALSE} [FALSE]\nlp_initalgorithm categorical {s, p, d, b, c} [s]\nlp_pricing categorical {l, a, f, q, d} [l]\nheuristics_trivial_freq integer [-1, 10] [0]\nseparating_poolfreq integer [0, 10] [10]\nseparating_gomory_away real [0.0, 0.01] [0.01]\nheuristics_subnlp_presolveemphasis categorical {0, 1, 2, 3} [0]\n",
        "pcs-subspace" : { }
      },
      "algo-cutoff" : 60.0,
      "algo-deterministic" : false,
      "algo-tae-context" : { }
    },
    "rc-cutoff" : 60.0,
    "rc-pisp" : {
      "@pisp-id" : 2,
      "pisp-pi" : {
        "@pi-id" : 6
      },
      "pisp-seed" : 4158884
    },
    "rc-pc" : {
      "@pc-id" : 2,
      "pc-pcs" : {
        "@pcs-id" : 2
      },
      "pc-settings" : {
        "branching_preferbinary" : "FALSE",
        "branching_scorefac" : "0.167",
        "branching_scorefunc" : "p",
        "heuristics_subnlp_presolveemphasis" : "0",
        "heuristics_trivial_freq" : "0",
        "lp_initalgorithm" : "s",
        "lp_pricing" : "l",
        "separating_gomory_away" : "0.01",
        "separating_poolfreq" : "10"
      },
      "pc-active-parameters" : [ "branching_preferbinary", "branching_scorefac", "branching_scorefunc", "heuristics_subnlp_presolveemphasis", "heuristics_trivial_freq", "lp_initalgorithm", "lp_pricing", "separating_gomory_away", "separating_poolfreq" ],
      "pc-forbidden" : false,
      "pc-default" : true
    },
    "rc-sample-idx" : 0
  },
  "r-run-result" : "SAT",
  "r-runtime" : 32.9064,
  "r-run-length" : 0.0,
  "r-quality" : 17.00523,
  "r-result-seed" : 4158884,
  "r-addl-run-data" : "",
  "r-wallclock-time" : 42.484
} {
  "r-rc" : {
    "@rc-id" : 3,
    "rc-algo-exec-config" : {
      "@algo-exec-config-id" : 2
    },
    "rc-cutoff" : 60.0,
    "rc-pisp" : {
      "@pisp-id" : 3,
      "pisp-pi" : {
        "@pi-id" : 3
      },
      "pisp-seed" : 11287043
    },
    "rc-pc" : {
      "@pc-id" : 2
    },
    "rc-sample-idx" : 0
  },
  "r-run-result" : "SAT",
  "r-runtime" : 28.8197,
  "r-run-length" : 0.0,
  "r-quality" : 14.664815,
  "r-result-seed" : 11287043,
  "r-addl-run-data" : "",
  "r-wallclock-time" : 36.306
} {
  "r-rc" : {
    "@rc-id" : 4,
    "rc-algo-exec-config" : {
      "@algo-exec-config-id" : 2
    },
    "rc-cutoff" : 60.0,
    "rc-pisp" : {
      "@pisp-id" : 3
    },
    "rc-pc" : {
      "@pc-id" : 4,
      "pc-pcs" : {
        "@pcs-id" : 2
      },
      "pc-settings" : {
        "branching_preferbinary" : "TRUE",
        "branching_scorefac" : "0.757970025128624",
        "branching_scorefunc" : "p",
        "heuristics_subnlp_presolveemphasis" : "2",
        "heuristics_trivial_freq" : "-1",
        "lp_initalgorithm" : "c",
        "lp_pricing" : "f",
        "separating_gomory_away" : "0.006386804142787647",
        "separating_poolfreq" : "10"
      },
      "pc-active-parameters" : [ "branching_preferbinary", "branching_scorefac", "branching_scorefunc", "heuristics_subnlp_presolveemphasis", "heuristics_trivial_freq", "lp_initalgorithm", "lp_pricing", "separating_gomory_away", "separating_poolfreq" ],
      "pc-forbidden" : false,
      "pc-default" : false
    },
    "rc-sample-idx" : 0
  },
  "r-run-result" : "SAT",
  "r-runtime" : 28.4053,
  "r-run-length" : 0.0,
  "r-quality" : 14.033485,
  "r-result-seed" : 11287043,
  "r-addl-run-data" : "",
  "r-wallclock-time" : 35.825
} {
  "r-rc" : {
    "@rc-id" : 5,
    "rc-algo-exec-config" : {
      "@algo-exec-config-id" : 2
    },
    "rc-cutoff" : 60.0,
    "rc-pisp" : {
      "@pisp-id" : 2
    },
    "rc-pc" : {
      "@pc-id" : 4
    },
    "rc-sample-idx" : 0
  },
  "r-run-result" : "SAT",
  "r-runtime" : 31.7587,
  "r-run-length" : 0.0,
  "r-quality" : 16.766717,
  "r-result-seed" : 4158884,
  "r-addl-run-data" : "",
  "r-wallclock-time" : 39.296
} {
  "r-rc" : {
    "@rc-id" : 6,
    "rc-algo-exec-config" : {
      "@algo-exec-config-id" : 2
    },
    "rc-cutoff" : 60.0,
    "rc-pisp" : {
      "@pisp-id" : 6,
      "pisp-pi" : {
        "@pi-id" : 12
      },
      "pisp-seed" : 10293644
    },
    "rc-pc" : {
      "@pc-id" : 4
    },
    "rc-sample-idx" : 0
  },
  "r-run-result" : "SAT",
  "r-runtime" : 22.5734,
  "r-run-length" : 0.0,
  "r-quality" : 11.390829,
  "r-result-seed" : 10293644,
  "r-addl-run-data" : "",
  "r-wallclock-time" : 29.753
} {
  "r-rc" : {
    "@rc-id" : 7,
    "rc-algo-exec-config" : {
      "@algo-exec-config-id" : 2
    },
    "rc-cutoff" : 60.0,
    "rc-pisp" : {
      "@pisp-id" : 2
    },
    "rc-pc" : {
      "@pc-id" : 7,
      "pc-pcs" : {
        "@pcs-id" : 2
      },
      "pc-settings" : {
        "branching_preferbinary" : "TRUE",
        "branching_scorefac" : "0.5572332819808169",
        "branching_scorefunc" : "p",
        "heuristics_subnlp_presolveemphasis" : "2",
        "heuristics_trivial_freq" : "4",
        "lp_initalgorithm" : "d",
        "lp_pricing" : "f",
        "separating_gomory_away" : "0.0022394170082987476",
        "separating_poolfreq" : "2"
      },
      "pc-active-parameters" : [ "branching_preferbinary", "branching_scorefac", "branching_scorefunc", "heuristics_subnlp_presolveemphasis", "heuristics_trivial_freq", "lp_initalgorithm", "lp_pricing", "separating_gomory_away", "separating_poolfreq" ],
      "pc-forbidden" : false,
      "pc-default" : false
    },
    "rc-sample-idx" : 0
  },
  "r-run-result" : "SAT",
  "r-runtime" : 31.8474,
  "r-run-length" : 0.0,
  "r-quality" : 16.594156,
  "r-result-seed" : 4158884,
  "r-addl-run-data" : "",
  "r-wallclock-time" : 39.395
} {
  "r-rc" : {
    "@rc-id" : 8,
    "rc-algo-exec-config" : {
      "@algo-exec-config-id" : 2
    },
    "rc-cutoff" : 60.0,
    "rc-pisp" : {
      "@pisp-id" : 6
    },
    "rc-pc" : {
      "@pc-id" : 7
    },
    "rc-sample-idx" : 0
  },
  "r-run-result" : "SAT",
  "r-runtime" : 22.3882,
  "r-run-length" : 0.0,
  "r-quality" : 11.366572,
  "r-result-seed" : 10293644,
  "r-addl-run-data" : "",
  "r-wallclock-time" : 29.689
} {
  "r-rc" : {
    "@rc-id" : 9,
    "rc-algo-exec-config" : {
      "@algo-exec-config-id" : 2
    },
    "rc-cutoff" : 60.0,
    "rc-pisp" : {
      "@pisp-id" : 3
    },
    "rc-pc" : {
      "@pc-id" : 7
    },
    "rc-sample-idx" : 0
  },
  "r-run-result" : "SAT",
  "r-runtime" : 29.7956,
  "r-run-length" : 0.0,
  "r-quality" : 14.831585,
  "r-result-seed" : 11287043,
  "r-addl-run-data" : "",
  "r-wallclock-time" : 37.331
} {
  "r-rc" : {
    "@rc-id" : 10,
    "rc-algo-exec-config" : {
      "@algo-exec-config-id" : 2
    },
    "rc-cutoff" : 60.0,
    "rc-pisp" : {
      "@pisp-id" : 10,
      "pisp-pi" : {
        "@pi-id" : 2
      },
      "pisp-seed" : 16747987
    },
    "rc-pc" : {
      "@pc-id" : 4
    },
    "rc-sample-idx" : 0
  },
  "r-run-result" : "SAT",
  "r-runtime" : 29.8438,
  "r-run-length" : 0.0,
  "r-quality" : 15.682863,
  "r-result-seed" : 16747987,
  "r-addl-run-data" : "",
  "r-wallclock-time" : 37.289
} {
  "r-rc" : {
    "@rc-id" : 11,
    "rc-algo-exec-config" : {
      "@algo-exec-config-id" : 2
    },
    "rc-cutoff" : 60.0,
    "rc-pisp" : {
      "@pisp-id" : 3
    },
    "rc-pc" : {
      "@pc-id" : 11,
      "pc-pcs" : {
        "@pcs-id" : 2
      },
      "pc-settings" : {
        "branching_preferbinary" : "TRUE",
        "branching_scorefac" : "0.49955028671182844",
        "branching_scorefunc" : "p",
        "heuristics_subnlp_presolveemphasis" : "0",
        "heuristics_trivial_freq" : "-1",
        "lp_initalgorithm" : "s",
        "lp_pricing" : "l",
        "separating_gomory_away" : "0.004754967249641813",
        "separating_poolfreq" : "7"
      },
      "pc-active-parameters" : [ "branching_preferbinary", "branching_scorefac", "branching_scorefunc", "heuristics_subnlp_presolveemphasis", "heuristics_trivial_freq", "lp_initalgorithm", "lp_pricing", "separating_gomory_away", "separating_poolfreq" ],
      "pc-forbidden" : false,
      "pc-default" : false
    },
    "rc-sample-idx" : 0
  },
  "r-run-result" : "SAT",
  "r-runtime" : 28.0224,
  "r-run-length" : 0.0,
  "r-quality" : 13.837651,
  "r-result-seed" : 11287043,
  "r-addl-run-data" : "",
  "r-wallclock-time" : 35.29
} {
  "r-rc" : {
    "@rc-id" : 12,
    "rc-algo-exec-config" : {
      "@algo-exec-config-id" : 2
    },
    "rc-cutoff" : 60.0,
    "rc-pisp" : {
      "@pisp-id" : 10
    },
    "rc-pc" : {
      "@pc-id" : 11
    },
    "rc-sample-idx" : 0
  },
  "r-run-result" : "SAT",
  "r-runtime" : 30.5979,
  "r-run-length" : 0.0,
  "r-quality" : 16.329134,
  "r-result-seed" : 16747987,
  "r-addl-run-data" : "",
  "r-wallclock-time" : 38.087
} {
  "r-rc" : {
    "@rc-id" : 13,
    "rc-algo-exec-config" : {
      "@algo-exec-config-id" : 2
    },
    "rc-cutoff" : 60.0,
    "rc-pisp" : {
      "@pisp-id" : 6
    },
    "rc-pc" : {
      "@pc-id" : 11
    },
    "rc-sample-idx" : 0
  },
  "r-run-result" : "SAT",
  "r-runtime" : 22.9088,
  "r-run-length" : 0.0,
  "r-quality" : 11.726175,
  "r-result-seed" : 10293644,
  "r-addl-run-data" : "",
  "r-wallclock-time" : 30.04
} {
  "r-rc" : {
    "@rc-id" : 14,
    "rc-algo-exec-config" : {
      "@algo-exec-config-id" : 2
    },
    "rc-cutoff" : 60.0,
    "rc-pisp" : {
      "@pisp-id" : 14,
      "pisp-pi" : {
        "@pi-id" : 9
      },
      "pisp-seed" : 4026033
    },
    "rc-pc" : {
      "@pc-id" : 4
    },
    "rc-sample-idx" : 0
  },
  "r-run-result" : "SAT",
  "r-runtime" : 29.6319,
  "r-run-length" : 0.0,
  "r-quality" : 16.444225,
  "r-result-seed" : 4026033,
  "r-addl-run-data" : "",
  "r-wallclock-time" : 37.061
} {
  "r-rc" : {
    "@rc-id" : 15,
    "rc-algo-exec-config" : {
      "@algo-exec-config-id" : 2
    },
    "rc-cutoff" : 60.0,
    "rc-pisp" : {
      "@pisp-id" : 2
    },
    "rc-pc" : {
      "@pc-id" : 15,
      "pc-pcs" : {
        "@pcs-id" : 2
      },
      "pc-settings" : {
        "branching_preferbinary" : "TRUE",
        "branching_scorefac" : "0.38892348841347846",
        "branching_scorefunc" : "q",
        "heuristics_subnlp_presolveemphasis" : "3",
        "heuristics_trivial_freq" : "3",
        "lp_initalgorithm" : "p",
        "lp_pricing" : "f",
        "separating_gomory_away" : "0.005530805302460155",
        "separating_poolfreq" : "0"
      },
      "pc-active-parameters" : [ "branching_preferbinary", "branching_scorefac", "branching_scorefunc", "heuristics_subnlp_presolveemphasis", "heuristics_trivial_freq", "lp_initalgorithm", "lp_pricing", "separating_gomory_away", "separating_poolfreq" ],
      "pc-forbidden" : false,
      "pc-default" : false
    },
    "rc-sample-idx" : 0
  },
  "r-run-result" : "SAT",
  "r-runtime" : 31.1596,
  "r-run-length" : 0.0,
  "r-quality" : 15.982299,
  "r-result-seed" : 4158884,
  "r-addl-run-data" : "",
  "r-wallclock-time" : 38.582
} {
  "r-rc" : {
    "@rc-id" : 16,
    "rc-algo-exec-config" : {
      "@algo-exec-config-id" : 2
    },
    "rc-cutoff" : 60.0,
    "rc-pisp" : {
      "@pisp-id" : 3
    },
    "rc-pc" : {
      "@pc-id" : 15
    },
    "rc-sample-idx" : 0
  },
  "r-run-result" : "SAT",
  "r-runtime" : 27.6547,
  "r-run-length" : 0.0,
  "r-quality" : 13.774266,
  "r-result-seed" : 11287043,
  "r-addl-run-data" : "",
  "r-wallclock-time" : 34.896
} {
  "r-rc" : {
    "@rc-id" : 17,
    "rc-algo-exec-config" : {
      "@algo-exec-config-id" : 2
    },
    "rc-cutoff" : 60.0,
    "rc-pisp" : {
      "@pisp-id" : 6
    },
    "rc-pc" : {
      "@pc-id" : 15
    },
    "rc-sample-idx" : 0
  },
  "r-run-result" : "SAT",
  "r-runtime" : 21.2431,
  "r-run-length" : 0.0,
  "r-quality" : 10.968818,
  "r-result-seed" : 10293644,
  "r-addl-run-data" : "",
  "r-wallclock-time" : 28.141
} {
  "r-rc" : {
    "@rc-id" : 18,
    "rc-algo-exec-config" : {
      "@algo-exec-config-id" : 2
    },
    "rc-cutoff" : 60.0,
    "rc-pisp" : {
      "@pisp-id" : 14
    },
    "rc-pc" : {
      "@pc-id" : 15
    },
    "rc-sample-idx" : 0
  },
  "r-run-result" : "SAT",
  "r-runtime" : 29.1559,
  "r-run-length" : 0.0,
  "r-quality" : 16.431338,
  "r-result-seed" : 4026033,
  "r-addl-run-data" : "",
  "r-wallclock-time" : 36.487
} {
  "r-rc" : {
    "@rc-id" : 19,
    "rc-algo-exec-config" : {
      "@algo-exec-config-id" : 2
    },
    "rc-cutoff" : 60.0,
    "rc-pisp" : {
      "@pisp-id" : 10
    },
    "rc-pc" : {
      "@pc-id" : 15
    },
    "rc-sample-idx" : 0
  },
  "r-run-result" : "SAT",
  "r-runtime" : 29.4059,
  "r-run-length" : 0.0,
  "r-quality" : 15.560728,
  "r-result-seed" : 16747987,
  "r-addl-run-data" : "",
  "r-wallclock-time" : 36.926
} {
  "r-rc" : {
    "@rc-id" : 20,
    "rc-algo-exec-config" : {
      "@algo-exec-config-id" : 2
    },
    "rc-cutoff" : 60.0,
    "rc-pisp" : {
      "@pisp-id" : 20,
      "pisp-pi" : {
        "@pi-id" : 4
      },
      "pisp-seed" : 14752747
    },
    "rc-pc" : {
      "@pc-id" : 15
    },
    "rc-sample-idx" : 0
  },
  "r-run-result" : "SAT",
  "r-runtime" : 28.876,
  "r-run-length" : 0.0,
  "r-quality" : 15.490058,
  "r-result-seed" : 14752747,
  "r-addl-run-data" : "",
  "r-wallclock-time" : 36.171
} {
  "r-rc" : {
    "@rc-id" : 21,
    "rc-algo-exec-config" : {
      "@algo-exec-config-id" : 2
    },
    "rc-cutoff" : 60.0,
    "rc-pisp" : {
      "@pisp-id" : 6
    },
    "rc-pc" : {
      "@pc-id" : 21,
      "pc-pcs" : {
        "@pcs-id" : 2
      },
      "pc-settings" : {
        "branching_preferbinary" : "TRUE",
        "branching_scorefac" : "0.9640723283952114",
        "branching_scorefunc" : "s",
        "heuristics_subnlp_presolveemphasis" : "3",
        "heuristics_trivial_freq" : "10",
        "lp_initalgorithm" : "d",
        "lp_pricing" : "d",
        "separating_gomory_away" : "0.0021002034990677456",
        "separating_poolfreq" : "7"
      },
      "pc-active-parameters" : [ "branching_preferbinary", "branching_scorefac", "branching_scorefunc", "heuristics_subnlp_presolveemphasis", "heuristics_trivial_freq", "lp_initalgorithm", "lp_pricing", "separating_gomory_away", "separating_poolfreq" ],
      "pc-forbidden" : false,
      "pc-default" : false
    },
    "rc-sample-idx" : 0
  },
  "r-run-result" : "SAT",
  "r-runtime" : 21.5762,
  "r-run-length" : 0.0,
  "r-quality" : 11.075391,
  "r-result-seed" : 10293644,
  "r-addl-run-data" : "",
  "r-wallclock-time" : 28.553
} {
  "r-rc" : {
    "@rc-id" : 22,
    "rc-algo-exec-config" : {
      "@algo-exec-config-id" : 2
    },
    "rc-cutoff" : 60.0,
    "rc-pisp" : {
      "@pisp-id" : 22,
      "pisp-pi" : {
        "@pi-id" : 7
      },
      "pisp-seed" : 2873221
    },
    "rc-pc" : {
      "@pc-id" : 15
    },
    "rc-sample-idx" : 0
  },
  "r-run-result" : "SAT",
  "r-runtime" : 23.9314,
  "r-run-length" : 0.0,
  "r-quality" : 12.730927,
  "r-result-seed" : 2873221,
  "r-addl-run-data" : "",
  "r-wallclock-time" : 31.012
} {
  "r-rc" : {
    "@rc-id" : 23,
    "rc-algo-exec-config" : {
      "@algo-exec-config-id" : 2
    },
    "rc-cutoff" : 60.0,
    "rc-pisp" : {
      "@pisp-id" : 14
    },
    "rc-pc" : {
      "@pc-id" : 23,
      "pc-pcs" : {
        "@pcs-id" : 2
      },
      "pc-settings" : {
        "branching_preferbinary" : "TRUE",
        "branching_scorefac" : "0.4462054416827934",
        "branching_scorefunc" : "q",
        "heuristics_subnlp_presolveemphasis" : "0",
        "heuristics_trivial_freq" : "6",
        "lp_initalgorithm" : "s",
        "lp_pricing" : "l",
        "separating_gomory_away" : "1.713362769804072E-4",
        "separating_poolfreq" : "0"
      },
      "pc-active-parameters" : [ "branching_preferbinary", "branching_scorefac", "branching_scorefunc", "heuristics_subnlp_presolveemphasis", "heuristics_trivial_freq", "lp_initalgorithm", "lp_pricing", "separating_gomory_away", "separating_poolfreq" ],
      "pc-forbidden" : false,
      "pc-default" : false
    },
    "rc-sample-idx" : 0
  },
  "r-run-result" : "SAT",
  "r-runtime" : 27.6268,
  "r-run-length" : 0.0,
  "r-quality" : 15.251508,
  "r-result-seed" : 4026033,
  "r-addl-run-data" : "",
  "r-wallclock-time" : 34.787
} {
  "r-rc" : {
    "@rc-id" : 24,
    "rc-algo-exec-config" : {
      "@algo-exec-config-id" : 2
    },
    "rc-cutoff" : 60.0,
    "rc-pisp" : {
      "@pisp-id" : 22
    },
    "rc-pc" : {
      "@pc-id" : 23
    },
    "rc-sample-idx" : 0
  },
  "r-run-result" : "SAT",
  "r-runtime" : 24.0115,
  "r-run-length" : 0.0,
  "r-quality" : 12.672867,
  "r-result-seed" : 2873221,
  "r-addl-run-data" : "",
  "r-wallclock-time" : 31.093
} {
  "r-rc" : {
    "@rc-id" : 25,
    "rc-algo-exec-config" : {
      "@algo-exec-config-id" : 2
    },
    "rc-cutoff" : 60.0,
    "rc-pisp" : {
      "@pisp-id" : 3
    },
    "rc-pc" : {
      "@pc-id" : 23
    },
    "rc-sample-idx" : 0
  },
  "r-run-result" : "SAT",
  "r-runtime" : 27.21,
  "r-run-length" : 0.0,
  "r-quality" : 13.171536,
  "r-result-seed" : 11287043,
  "r-addl-run-data" : "",
  "r-wallclock-time" : 34.351
} {
  "r-rc" : {
    "@rc-id" : 26,
    "rc-algo-exec-config" : {
      "@algo-exec-config-id" : 2
    },
    "rc-cutoff" : 60.0,
    "rc-pisp" : {
      "@pisp-id" : 20
    },
    "rc-pc" : {
      "@pc-id" : 23
    },
    "rc-sample-idx" : 0
  },
  "r-run-result" : "SAT",
  "r-runtime" : 27.6752,
  "r-run-length" : 0.0,
  "r-quality" : 14.584816,
  "r-result-seed" : 14752747,
  "r-addl-run-data" : "",
  "r-wallclock-time" : 34.74
} {
  "r-rc" : {
    "@rc-id" : 27,
    "rc-algo-exec-config" : {
      "@algo-exec-config-id" : 2
    },
    "rc-cutoff" : 60.0,
    "rc-pisp" : {
      "@pisp-id" : 2
    },
    "rc-pc" : {
      "@pc-id" : 23
    },
    "rc-sample-idx" : 0
  },
  "r-run-result" : "SAT",
  "r-runtime" : 29.3142,
  "r-run-length" : 0.0,
  "r-quality" : 15.227529,
  "r-result-seed" : 4158884,
  "r-addl-run-data" : "",
  "r-wallclock-time" : 36.532
} {
  "r-rc" : {
    "@rc-id" : 28,
    "rc-algo-exec-config" : {
      "@algo-exec-config-id" : 2
    },
    "rc-cutoff" : 60.0,
    "rc-pisp" : {
      "@pisp-id" : 6
    },
    "rc-pc" : {
      "@pc-id" : 23
    },
    "rc-sample-idx" : 0
  },
  "r-run-result" : "SAT",
  "r-runtime" : 21.4588,
  "r-run-length" : 0.0,
  "r-quality" : 10.950838,
  "r-result-seed" : 10293644,
  "r-addl-run-data" : "",
  "r-wallclock-time" : 28.339
} {
  "r-rc" : {
    "@rc-id" : 29,
    "rc-algo-exec-config" : {
      "@algo-exec-config-id" : 2
    },
    "rc-cutoff" : 60.0,
    "rc-pisp" : {
      "@pisp-id" : 10
    },
    "rc-pc" : {
      "@pc-id" : 23
    },
    "rc-sample-idx" : 0
  },
  "r-run-result" : "SAT",
  "r-runtime" : 27.3774,
  "r-run-length" : 0.0,
  "r-quality" : 14.441327,
  "r-result-seed" : 16747987,
  "r-addl-run-data" : "",
  "r-wallclock-time" : 34.446
} {
  "r-rc" : {
    "@rc-id" : 30,
    "rc-algo-exec-config" : {
      "@algo-exec-config-id" : 2
    },
    "rc-cutoff" : 60.0,
    "rc-pisp" : {
      "@pisp-id" : 30,
      "pisp-pi" : {
        "@pi-id" : 11
      },
      "pisp-seed" : 4434347
    },
    "rc-pc" : {
      "@pc-id" : 23
    },
    "rc-sample-idx" : 0
  },
  "r-run-result" : "SAT",
  "r-runtime" : 28.5172,
  "r-run-length" : 0.0,
  "r-quality" : 14.574426,
  "r-result-seed" : 4434347,
  "r-addl-run-data" : "",
  "r-wallclock-time" : 35.79
} {
  "r-rc" : {
    "@rc-id" : 31,
    "rc-algo-exec-config" : {
      "@algo-exec-config-id" : 2
    },
    "rc-cutoff" : 60.0,
    "rc-pisp" : {
      "@pisp-id" : 2
    },
    "rc-pc" : {
      "@pc-id" : 31,
      "pc-pcs" : {
        "@pcs-id" : 2
      },
      "pc-settings" : {
        "branching_preferbinary" : "TRUE",
        "branching_scorefac" : "0.965120253859484",
        "branching_scorefunc" : "s",
        "heuristics_subnlp_presolveemphasis" : "0",
        "heuristics_trivial_freq" : "9",
        "lp_initalgorithm" : "p",
        "lp_pricing" : "q",
        "separating_gomory_away" : "0.007587291731124208",
        "separating_poolfreq" : "8"
      },
      "pc-active-parameters" : [ "branching_preferbinary", "branching_scorefac", "branching_scorefunc", "heuristics_subnlp_presolveemphasis", "heuristics_trivial_freq", "lp_initalgorithm", "lp_pricing", "separating_gomory_away", "separating_poolfreq" ],
      "pc-forbidden" : false,
      "pc-default" : false
    },
    "rc-sample-idx" : 0
  },
  "r-run-result" : "SAT",
  "r-runtime" : 28.5227,
  "r-run-length" : 0.0,
  "r-quality" : 14.558383,
  "r-result-seed" : 4158884,
  "r-addl-run-data" : "",
  "r-wallclock-time" : 35.532
} {
  "r-rc" : {
    "@rc-id" : 32,
    "rc-algo-exec-config" : {
      "@algo-exec-config-id" : 2
    },
    "rc-cutoff" : 60.0,
    "rc-pisp" : {
      "@pisp-id" : 20
    },
    "rc-pc" : {
      "@pc-id" : 31
    },
    "rc-sample-idx" : 0
  },
  "r-run-result" : "SAT",
  "r-runtime" : 26.7018,
  "r-run-length" : 0.0,
  "r-quality" : 14.394013,
  "r-result-seed" : 14752747,
  "r-addl-run-data" : "",
  "r-wallclock-time" : 33.681
} {
  "r-rc" : {
    "@rc-id" : 33,
    "rc-algo-exec-config" : {
      "@algo-exec-config-id" : 2
    },
    "rc-cutoff" : 60.0,
    "rc-pisp" : {
      "@pisp-id" : 22
    },
    "rc-pc" : {
      "@pc-id" : 31
    },
    "rc-sample-idx" : 0
  },
  "r-run-result" : "SAT",
  "r-runtime" : 21.876,
  "r-run-length" : 0.0,
  "r-quality" : 11.101324,
  "r-result-seed" : 2873221,
  "r-addl-run-data" : "",
  "r-wallclock-time" : 28.685
} {
  "r-rc" : {
    "@rc-id" : 34,
    "rc-algo-exec-config" : {
      "@algo-exec-config-id" : 2
    },
    "rc-cutoff" : 60.0,
    "rc-pisp" : {
      "@pisp-id" : 6
    },
    "rc-pc" : {
      "@pc-id" : 31
    },
    "rc-sample-idx" : 0
  },
  "r-run-result" : "SAT",
  "r-runtime" : 20.3389,
  "r-run-length" : 0.0,
  "r-quality" : 10.72752,
  "r-result-seed" : 10293644,
  "r-addl-run-data" : "",
  "r-wallclock-time" : 27.094
} {
  "r-rc" : {
    "@rc-id" : 35,
    "rc-algo-exec-config" : {
      "@algo-exec-config-id" : 2
    },
    "rc-cutoff" : 60.0,
    "rc-pisp" : {
      "@pisp-id" : 14
    },
    "rc-pc" : {
      "@pc-id" : 31
    },
    "rc-sample-idx" : 0
  },
  "r-run-result" : "SAT",
  "r-runtime" : 25.8284,
  "r-run-length" : 0.0,
  "r-quality" : 14.628309,
  "r-result-seed" : 4026033,
  "r-addl-run-data" : "",
  "r-wallclock-time" : 32.816
} {
  "r-rc" : {
    "@rc-id" : 36,
    "rc-algo-exec-config" : {
      "@algo-exec-config-id" : 2
    },
    "rc-cutoff" : 60.0,
    "rc-pisp" : {
      "@pisp-id" : 10
    },
    "rc-pc" : {
      "@pc-id" : 31
    },
    "rc-sample-idx" : 0
  },
  "r-run-result" : "SAT",
  "r-runtime" : 26.857,
  "r-run-length" : 0.0,
  "r-quality" : 14.455309,
  "r-result-seed" : 16747987,
  "r-addl-run-data" : "",
  "r-wallclock-time" : 33.81
} {
  "r-rc" : {
    "@rc-id" : 37,
    "rc-algo-exec-config" : {
      "@algo-exec-config-id" : 2
    },
    "rc-cutoff" : 60.0,
    "rc-pisp" : {
      "@pisp-id" : 30
    },
    "rc-pc" : {
      "@pc-id" : 31
    },
    "rc-sample-idx" : 0
  },
  "r-run-result" : "SAT",
  "r-runtime" : 27.0907,
  "r-run-length" : 0.0,
  "r-quality" : 14.060519,
  "r-result-seed" : 4434347,
  "r-addl-run-data" : "",
  "r-wallclock-time" : 34.1
} {
  "r-rc" : {
    "@rc-id" : 38,
    "rc-algo-exec-config" : {
      "@algo-exec-config-id" : 2
    },
    "rc-cutoff" : 60.0,
    "rc-pisp" : {
      "@pisp-id" : 3
    },
    "rc-pc" : {
      "@pc-id" : 31
    },
    "rc-sample-idx" : 0
  },
  "r-run-result" : "SAT",
  "r-runtime" : 26.6056,
  "r-run-length" : 0.0,
  "r-quality" : 13.328882,
  "r-result-seed" : 11287043,
  "r-addl-run-data" : "",
  "r-wallclock-time" : 33.632
} {
  "r-rc" : {
    "@rc-id" : 39,
    "rc-algo-exec-config" : {
      "@algo-exec-config-id" : 2
    },
    "rc-cutoff" : 60.0,
    "rc-pisp" : {
      "@pisp-id" : 39,
      "pisp-pi" : {
        "@pi-id" : 13
      },
      "pisp-seed" : 14201594
    },
    "rc-pc" : {
      "@pc-id" : 31
    },
    "rc-sample-idx" : 0
  },
  "r-run-result" : "SAT",
  "r-runtime" : 28.3883,
  "r-run-length" : 0.0,
  "r-quality" : 15.511306,
  "r-result-seed" : 14201594,
  "r-addl-run-data" : "",
  "r-wallclock-time" : 35.376
} {
  "r-rc" : {
    "@rc-id" : 40,
    "rc-algo-exec-config" : {
      "@algo-exec-config-id" : 2
    },
    "rc-cutoff" : 60.0,
    "rc-pisp" : {
      "@pisp-id" : 2
    },
    "rc-pc" : {
      "@pc-id" : 40,
      "pc-pcs" : {
        "@pcs-id" : 2
      },
      "pc-settings" : {
        "branching_preferbinary" : "TRUE",
        "branching_scorefac" : "0.5968087067271748",
        "branching_scorefunc" : "q",
        "heuristics_subnlp_presolveemphasis" : "0",
        "heuristics_trivial_freq" : "0",
        "lp_initalgorithm" : "c",
        "lp_pricing" : "q",
        "separating_gomory_away" : "0.005735417327918295",
        "separating_poolfreq" : "1"
      },
      "pc-active-parameters" : [ "branching_preferbinary", "branching_scorefac", "branching_scorefunc", "heuristics_subnlp_presolveemphasis", "heuristics_trivial_freq", "lp_initalgorithm", "lp_pricing", "separating_gomory_away", "separating_poolfreq" ],
      "pc-forbidden" : false,
      "pc-default" : false
    },
    "rc-sample-idx" : 0
  },
  "r-run-result" : "SAT",
  "r-runtime" : 27.751,
  "r-run-length" : 0.0,
  "r-quality" : 14.659792,
  "r-result-seed" : 4158884,
  "r-addl-run-data" : "",
  "r-wallclock-time" : 34.65
} {
  "r-rc" : {
    "@rc-id" : 41,
    "rc-algo-exec-config" : {
      "@algo-exec-config-id" : 2
    },
    "rc-cutoff" : 60.0,
    "rc-pisp" : {
      "@pisp-id" : 41,
      "pisp-pi" : {
        "@pi-id" : 10
      },
      "pisp-seed" : 8737568
    },
    "rc-pc" : {
      "@pc-id" : 31
    },
    "rc-sample-idx" : 0
  },
  "r-run-result" : "SAT",
  "r-runtime" : 28.1315,
  "r-run-length" : 0.0,
  "r-quality" : 15.362762,
  "r-result-seed" : 8737568,
  "r-addl-run-data" : "",
  "r-wallclock-time" : 35.321
} {
  "r-rc" : {
    "@rc-id" : 42,
    "rc-algo-exec-config" : {
      "@algo-exec-config-id" : 2
    },
    "rc-cutoff" : 60.0,
    "rc-pisp" : {
      "@pisp-id" : 3
    },
    "rc-pc" : {
      "@pc-id" : 42,
      "pc-pcs" : {
        "@pcs-id" : 2
      },
      "pc-settings" : {
        "branching_preferbinary" : "TRUE",
        "branching_scorefac" : "0.4715474750444316",
        "branching_scorefunc" : "q",
        "heuristics_subnlp_presolveemphasis" : "1",
        "heuristics_trivial_freq" : "10",
        "lp_initalgorithm" : "s",
        "lp_pricing" : "d",
        "separating_gomory_away" : "0.00981338182479403",
        "separating_poolfreq" : "5"
      },
      "pc-active-parameters" : [ "branching_preferbinary", "branching_scorefac", "branching_scorefunc", "heuristics_subnlp_presolveemphasis", "heuristics_trivial_freq", "lp_initalgorithm", "lp_pricing", "separating_gomory_away", "separating_poolfreq" ],
      "pc-forbidden" : false,
      "pc-default" : false
    },
    "rc-sample-idx" : 0
  },
  "r-run-result" : "SAT",
  "r-runtime" : 25.6425,
  "r-run-length" : 0.0,
  "r-quality" : 12.966682,
  "r-result-seed" : 11287043,
  "r-addl-run-data" : "",
  "r-wallclock-time" : 33.602
} {
  "r-rc" : {
    "@rc-id" : 43,
    "rc-algo-exec-config" : {
      "@algo-exec-config-id" : 2
    },
    "rc-cutoff" : 60.0,
    "rc-pisp" : {
      "@pisp-id" : 10
    },
    "rc-pc" : {
      "@pc-id" : 42
    },
    "rc-sample-idx" : 0
  },
  "r-run-result" : "SAT",
  "r-runtime" : 26.3206,
  "r-run-length" : 0.0,
  "r-quality" : 13.961139,
  "r-result-seed" : 16747987,
  "r-addl-run-data" : "",
  "r-wallclock-time" : 33.256
} {
  "r-rc" : {
    "@rc-id" : 44,
    "rc-algo-exec-config" : {
      "@algo-exec-config-id" : 2
    },
    "rc-cutoff" : 60.0,
    "rc-pisp" : {
      "@pisp-id" : 6
    },
    "rc-pc" : {
      "@pc-id" : 42
    },
    "rc-sample-idx" : 0
  },
  "r-run-result" : "SAT",
  "r-runtime" : 20.0514,
  "r-run-length" : 0.0,
  "r-quality" : 10.531376999999999,
  "r-result-seed" : 10293644,
  "r-addl-run-data" : "",
  "r-wallclock-time" : 28.59
} {
  "r-rc" : {
    "@rc-id" : 45,
    "rc-algo-exec-config" : {
      "@algo-exec-config-id" : 2
    },
    "rc-cutoff" : 60.0,
    "rc-pisp" : {
      "@pisp-id" : 41
    },
    "rc-pc" : {
      "@pc-id" : 42
    },
    "rc-sample-idx" : 0
  },
  "r-run-result" : "SAT",
  "r-runtime" : 27.949,
  "r-run-length" : 0.0,
  "r-quality" : 14.696344,
  "r-result-seed" : 8737568,
  "r-addl-run-data" : "",
  "r-wallclock-time" : 35.022
} {
  "r-rc" : {
    "@rc-id" : 46,
    "rc-algo-exec-config" : {
      "@algo-exec-config-id" : 2
    },
    "rc-cutoff" : 60.0,
    "rc-pisp" : {
      "@pisp-id" : 2
    },
    "rc-pc" : {
      "@pc-id" : 42
    },
    "rc-sample-idx" : 0
  },
  "r-run-result" : "SAT",
  "r-runtime" : 27.837,
  "r-run-length" : 0.0,
  "r-quality" : 14.529864,
  "r-result-seed" : 4158884,
  "r-addl-run-data" : "",
  "r-wallclock-time" : 34.88
} {
  "r-rc" : {
    "@rc-id" : 47,
    "rc-algo-exec-config" : {
      "@algo-exec-config-id" : 2
    },
    "rc-cutoff" : 60.0,
    "rc-pisp" : {
      "@pisp-id" : 14
    },
    "rc-pc" : {
      "@pc-id" : 42
    },
    "rc-sample-idx" : 0
  },
  "r-run-result" : "SAT",
  "r-runtime" : 25.5068,
  "r-run-length" : 0.0,
  "r-quality" : 14.227891,
  "r-result-seed" : 4026033,
  "r-addl-run-data" : "",
  "r-wallclock-time" : 32.5
} {
  "r-rc" : {
    "@rc-id" : 48,
    "rc-algo-exec-config" : {
      "@algo-exec-config-id" : 2
    },
    "rc-cutoff" : 60.0,
    "rc-pisp" : {
      "@pisp-id" : 30
    },
    "rc-pc" : {
      "@pc-id" : 42
    },
    "rc-sample-idx" : 0
  },
  "r-run-result" : "SAT",
  "r-runtime" : 26.6539,
  "r-run-length" : 0.0,
  "r-quality" : 13.842774,
  "r-result-seed" : 4434347,
  "r-addl-run-data" : "",
  "r-wallclock-time" : 33.67
} {
  "r-rc" : {
    "@rc-id" : 49,
    "rc-algo-exec-config" : {
      "@algo-exec-config-id" : 2
    },
    "rc-cutoff" : 60.0,
    "rc-pisp" : {
      "@pisp-id" : 20
    },
    "rc-pc" : {
      "@pc-id" : 42
    },
    "rc-sample-idx" : 0
  },
  "r-run-result" : "SAT",
  "r-runtime" : 27.8833,
  "r-run-length" : 0.0,
  "r-quality" : 15.738122,
  "r-result-seed" : 14752747,
  "r-addl-run-data" : "",
  "r-wallclock-time" : 35.105
} {
  "r-rc" : {
    "@rc-id" : 50,
    "rc-algo-exec-config" : {
      "@algo-exec-config-id" : 2
    },
    "rc-cutoff" : 60.0,
    "rc-pisp" : {
      "@pisp-id" : 39
    },
    "rc-pc" : {
      "@pc-id" : 42
    },
    "rc-sample-idx" : 0
  },
  "r-run-result" : "SAT",
  "r-runtime" : 32.7561,
  "r-run-length" : 0.0,
  "r-quality" : 18.872376,
  "r-result-seed" : 14201594,
  "r-addl-run-data" : "",
  "r-wallclock-time" : 40.548
} {
  "r-rc" : {
    "@rc-id" : 51,
    "rc-algo-exec-config" : {
      "@algo-exec-config-id" : 2
    },
    "rc-cutoff" : 60.0,
    "rc-pisp" : {
      "@pisp-id" : 22
    },
    "rc-pc" : {
      "@pc-id" : 42
    },
    "rc-sample-idx" : 0
  },
  "r-run-result" : "SAT",
  "r-runtime" : 25.048,
  "r-run-length" : 0.0,
  "r-quality" : 13.466945,
  "r-result-seed" : 2873221,
  "r-addl-run-data" : "",
  "r-wallclock-time" : 33.324
} {
  "r-rc" : {
    "@rc-id" : 52,
    "rc-algo-exec-config" : {
      "@algo-exec-config-id" : 2
    },
    "rc-cutoff" : 60.0,
    "rc-pisp" : {
      "@pisp-id" : 52,
      "pisp-pi" : {
        "@pi-id" : 5
      },
      "pisp-seed" : 3032802
    },
    "rc-pc" : {
      "@pc-id" : 31
    },
    "rc-sample-idx" : 0
  },
  "r-run-result" : "SAT",
  "r-runtime" : 28.233,
  "r-run-length" : 0.0,
  "r-quality" : 14.408866,
  "r-result-seed" : 3032802,
  "r-addl-run-data" : "",
  "r-wallclock-time" : 35.666
} {
  "r-rc" : {
    "@rc-id" : 53,
    "rc-algo-exec-config" : {
      "@algo-exec-config-id" : 2
    },
    "rc-cutoff" : 60.0,
    "rc-pisp" : {
      "@pisp-id" : 41
    },
    "rc-pc" : {
      "@pc-id" : 53,
      "pc-pcs" : {
        "@pcs-id" : 2
      },
      "pc-settings" : {
        "branching_preferbinary" : "TRUE",
        "branching_scorefac" : "0.9047628519857319",
        "branching_scorefunc" : "q",
        "heuristics_subnlp_presolveemphasis" : "1",
        "heuristics_trivial_freq" : "1",
        "lp_initalgorithm" : "p",
        "lp_pricing" : "d",
        "separating_gomory_away" : "0.002898294285744436",
        "separating_poolfreq" : "8"
      },
      "pc-active-parameters" : [ "branching_preferbinary", "branching_scorefac", "branching_scorefunc", "heuristics_subnlp_presolveemphasis", "heuristics_trivial_freq", "lp_initalgorithm", "lp_pricing", "separating_gomory_away", "separating_poolfreq" ],
      "pc-forbidden" : false,
      "pc-default" : false
    },
    "rc-sample-idx" : 0
  },
  "r-run-result" : "SAT",
  "r-runtime" : 31.0623,
  "r-run-length" : 0.0,
  "r-quality" : 16.416213,
  "r-result-seed" : 8737568,
  "r-addl-run-data" : "",
  "r-wallclock-time" : 38.554
} {
  "r-rc" : {
    "@rc-id" : 54,
    "rc-algo-exec-config" : {
      "@algo-exec-config-id" : 2
    },
    "rc-cutoff" : 60.0,
    "rc-pisp" : {
      "@pisp-id" : 54,
      "pisp-pi" : {
        "@pi-id" : 8
      },
      "pisp-seed" : 3548893
    },
    "rc-pc" : {
      "@pc-id" : 31
    },
    "rc-sample-idx" : 0
  },
  "r-run-result" : "SAT",
  "r-runtime" : 30.9552,
  "r-run-length" : 0.0,
  "r-quality" : 16.028898,
  "r-result-seed" : 3548893,
  "r-addl-run-data" : "",
  "r-wallclock-time" : 38.794
}