[ {
  "@pi-id" : 2,
  "pi-name" : "Instances/Basic_6h_year/problem_instance_europe_nov_6h.json",
  "pi-instance-specific-info" : "0",
  "pi-features" : { },
  "pi-instance-id(deprecated)" : 1
}, {
  "@pi-id" : 3,
  "pi-name" : "Instances/Basic_6h_year/problem_instance_europe_apr_6h.json",
  "pi-instance-specific-info" : "0",
  "pi-features" : { },
  "pi-instance-id(deprecated)" : 2
}, {
  "@pi-id" : 4,
  "pi-name" : "Instances/Basic_6h_year/problem_instance_europe_dec_6h.json",
  "pi-instance-specific-info" : "0",
  "pi-features" : { },
  "pi-instance-id(deprecated)" : 3
}, {
  "@pi-id" : 5,
  "pi-name" : "Instances/Basic_6h_year/problem_instance_europe_mar_6h.json",
  "pi-instance-specific-info" : "0",
  "pi-features" : { },
  "pi-instance-id(deprecated)" : 4
}, {
  "@pi-id" : 6,
  "pi-name" : "Instances/Basic_6h_year/problem_instance_europe_oct_6h.json",
  "pi-instance-specific-info" : "0",
  "pi-features" : { },
  "pi-instance-id(deprecated)" : 5
}, {
  "@pi-id" : 7,
  "pi-name" : "Instances/Basic_6h_year/problem_instance_europe_may_6h.json",
  "pi-instance-specific-info" : "0",
  "pi-features" : { },
  "pi-instance-id(deprecated)" : 6
}, {
  "@pi-id" : 8,
  "pi-name" : "Instances/Basic_6h_year/problem_instance_europe_jan_6h.json",
  "pi-instance-specific-info" : "0",
  "pi-features" : { },
  "pi-instance-id(deprecated)" : 7
}, {
  "@pi-id" : 9,
  "pi-name" : "Instances/Basic_6h_year/problem_instance_europe_sep_6h.json",
  "pi-instance-specific-info" : "0",
  "pi-features" : { },
  "pi-instance-id(deprecated)" : 8
}, {
  "@pi-id" : 10,
  "pi-name" : "Instances/Basic_6h_year/problem_instance_europe_jul_6h.json",
  "pi-instance-specific-info" : "0",
  "pi-features" : { },
  "pi-instance-id(deprecated)" : 9
}, {
  "@pi-id" : 11,
  "pi-name" : "Instances/Basic_6h_year/problem_instance_europe_jun_6h.json",
  "pi-instance-specific-info" : "0",
  "pi-features" : { },
  "pi-instance-id(deprecated)" : 10
}, {
  "@pi-id" : 12,
  "pi-name" : "Instances/Basic_6h_year/problem_instance_europe_aug_6h.json",
  "pi-instance-specific-info" : "0",
  "pi-features" : { },
  "pi-instance-id(deprecated)" : 11
}, {
  "@pi-id" : 13,
  "pi-name" : "Instances/Basic_6h_year/problem_instance_europe_feb_6h.json",
  "pi-instance-specific-info" : "0",
  "pi-features" : { },
  "pi-instance-id(deprecated)" : 12
} ] {
  "r-rc" : {
    "@rc-id" : 2,
    "rc-algo-exec-config" : {
      "@algo-exec-config-id" : 2,
      "algo-exec" : "/rwthfs/rz/cluster/home/vx475510/miniforge3/envs/sparkle/lib/python3.10/site-packages/sparkle/Components/smac2-v2.10.03-master-778/smac2_target_algorithm.py Solvers/TestSolver Output/Configuration/Raw_Data/SMAC2/TestSolver_Basic_6h_year/tmp runtime",
      "algo-exec-dir" : "/rwthfs/rz/cluster/home/vx475510/satellite-operations-planning/sparkle",
      "algo-pcs" : {
        "@pcs-id" : 2,
        "pcs-filename" : "/rwthfs/rz/cluster/home/vx475510/satellite-operations-planning/sparkle/Solvers/TestSolver/configspace.pcs",
        "pcs-text" : "branching_scorefunc categorical {s, p, q} [p]\nbranching_scorefac real [0.0, 1.0] [0.167]\nbranching_preferbinary categorical {TRUE, FALSE} [FALSE]\nlp_initalgorithm categorical {s, p, d, b, c} [s]\nlp_pricing categorical {l, a, f, q, d} [l]\nheuristics_trivial_freq integer [-1, 10] [0]\nseparating_poolfreq integer [0, 10] [10]\nseparating_gomory_away real [0.0, 0.01] [0.01]\nheuristics_subnlp_presolveemphasis categorical {0, 1, 2, 3} [0]\n",
        "pcs-subspace" : { }
      },
      "algo-cutoff" : 60.0,
      "algo-deterministic" : false,
      "algo-tae-context" : { }
    },
    "rc-cutoff" : 60.0,
    "rc-pisp" : {
      "@pisp-id" : 2,
      "pisp-pi" : {
        "@pi-id" : 2
      },
      "pisp-seed" : 7132216
    },
    "rc-pc" : {
      "@pc-id" : 2,
      "pc-pcs" : {
        "@pcs-id" : 2
      },
      "pc-settings" : {
        "branching_preferbinary" : "FALSE",
        "branching_scorefac" : "0.167",
        "branching_scorefunc" : "p",
        "heuristics_subnlp_presolveemphasis" : "0",
        "heuristics_trivial_freq" : "0",
        "lp_initalgorithm" : "s",
        "lp_pricing" : "l",
        "separating_gomory_away" : "0.01",
        "separating_poolfreq" : "10"
      },
      "pc-active-parameters" : [ "branching_preferbinary", "branching_scorefac", "branching_scorefunc", "heuristics_subnlp_presolveemphasis", "heuristics_trivial_freq", "lp_initalgorithm", "lp_pricing", "separating_gomory_away", "separating_poolfreq" ],
      "pc-forbidden" : false,
      "pc-default" : true
    },
    "rc-sample-idx" : 0
  },
  "r-run-result" : "SAT",
  "r-runtime" : 31.6038,
  "r-run-length" : 0.0,
  "r-quality" : 17.00778,
  "r-result-seed" : 7132216,
  "r-addl-run-data" : "",
  "r-wallclock-time" : 41.206
} {
  "r-rc" : {
    "@rc-id" : 3,
    "rc-algo-exec-config" : {
      "@algo-exec-config-id" : 2
    },
    "rc-cutoff" : 60.0,
    "rc-pisp" : {
      "@pisp-id" : 3,
      "pisp-pi" : {
        "@pi-id" : 5
      },
      "pisp-seed" : 656386
    },
    "rc-pc" : {
      "@pc-id" : 2
    },
    "rc-sample-idx" : 0
  },
  "r-run-result" : "SAT",
  "r-runtime" : 28.5135,
  "r-run-length" : 0.0,
  "r-quality" : 14.707691,
  "r-result-seed" : 656386,
  "r-addl-run-data" : "",
  "r-wallclock-time" : 36.248
} {
  "r-rc" : {
    "@rc-id" : 4,
    "rc-algo-exec-config" : {
      "@algo-exec-config-id" : 2
    },
    "rc-cutoff" : 60.0,
    "rc-pisp" : {
      "@pisp-id" : 2
    },
    "rc-pc" : {
      "@pc-id" : 4,
      "pc-pcs" : {
        "@pcs-id" : 2
      },
      "pc-settings" : {
        "branching_preferbinary" : "TRUE",
        "branching_scorefac" : "0.4255585774386842",
        "branching_scorefunc" : "q",
        "heuristics_subnlp_presolveemphasis" : "3",
        "heuristics_trivial_freq" : "7",
        "lp_initalgorithm" : "p",
        "lp_pricing" : "a",
        "separating_gomory_away" : "0.003462973632407027",
        "separating_poolfreq" : "5"
      },
      "pc-active-parameters" : [ "branching_preferbinary", "branching_scorefac", "branching_scorefunc", "heuristics_subnlp_presolveemphasis", "heuristics_trivial_freq", "lp_initalgorithm", "lp_pricing", "separating_gomory_away", "separating_poolfreq" ],
      "pc-forbidden" : false,
      "pc-default" : false
    },
    "rc-sample-idx" : 0
  },
  "r-run-result" : "SAT",
  "r-runtime" : 29.7876,
  "r-run-length" : 0.0,
  "r-quality" : 15.973694,
  "r-result-seed" : 7132216,
  "r-addl-run-data" : "",
  "r-wallclock-time" : 37.185
} {
  "r-rc" : {
    "@rc-id" : 5,
    "rc-algo-exec-config" : {
      "@algo-exec-config-id" : 2
    },
    "rc-cutoff" : 60.0,
    "rc-pisp" : {
      "@pisp-id" : 3
    },
    "rc-pc" : {
      "@pc-id" : 4
    },
    "rc-sample-idx" : 0
  },
  "r-run-result" : "SAT",
  "r-runtime" : 28.9093,
  "r-run-length" : 0.0,
  "r-quality" : 15.002561,
  "r-result-seed" : 656386,
  "r-addl-run-data" : "",
  "r-wallclock-time" : 36.319
} {
  "r-rc" : {
    "@rc-id" : 6,
    "rc-algo-exec-config" : {
      "@algo-exec-config-id" : 2
    },
    "rc-cutoff" : 60.0,
    "rc-pisp" : {
      "@pisp-id" : 6,
      "pisp-pi" : {
        "@pi-id" : 6
      },
      "pisp-seed" : 2369068
    },
    "rc-pc" : {
      "@pc-id" : 4
    },
    "rc-sample-idx" : 0
  },
  "r-run-result" : "SAT",
  "r-runtime" : 31.3659,
  "r-run-length" : 0.0,
  "r-quality" : 15.901102,
  "r-result-seed" : 2369068,
  "r-addl-run-data" : "",
  "r-wallclock-time" : 38.87
} {
  "r-rc" : {
    "@rc-id" : 7,
    "rc-algo-exec-config" : {
      "@algo-exec-config-id" : 2
    },
    "rc-cutoff" : 60.0,
    "rc-pisp" : {
      "@pisp-id" : 2
    },
    "rc-pc" : {
      "@pc-id" : 7,
      "pc-pcs" : {
        "@pcs-id" : 2
      },
      "pc-settings" : {
        "branching_preferbinary" : "FALSE",
        "branching_scorefac" : "0.273723179544585",
        "branching_scorefunc" : "q",
        "heuristics_subnlp_presolveemphasis" : "1",
        "heuristics_trivial_freq" : "8",
        "lp_initalgorithm" : "d",
        "lp_pricing" : "l",
        "separating_gomory_away" : "0.003783728785665218",
        "separating_poolfreq" : "5"
      },
      "pc-active-parameters" : [ "branching_preferbinary", "branching_scorefac", "branching_scorefunc", "heuristics_subnlp_presolveemphasis", "heuristics_trivial_freq", "lp_initalgorithm", "lp_pricing", "separating_gomory_away", "separating_poolfreq" ],
      "pc-forbidden" : false,
      "pc-default" : false
    },
    "rc-sample-idx" : 0
  },
  "r-run-result" : "SAT",
  "r-runtime" : 30.3639,
  "r-run-length" : 0.0,
  "r-quality" : 16.144432,
  "r-result-seed" : 7132216,
  "r-addl-run-data" : "",
  "r-wallclock-time" : 37.801
} {
  "r-rc" : {
    "@rc-id" : 8,
    "rc-algo-exec-config" : {
      "@algo-exec-config-id" : 2
    },
    "rc-cutoff" : 60.0,
    "rc-pisp" : {
      "@pisp-id" : 8,
      "pisp-pi" : {
        "@pi-id" : 9
      },
      "pisp-seed" : 10589966
    },
    "rc-pc" : {
      "@pc-id" : 4
    },
    "rc-sample-idx" : 0
  },
  "r-run-result" : "SAT",
  "r-runtime" : 28.9023,
  "r-run-length" : 0.0,
  "r-quality" : 15.848109000000001,
  "r-result-seed" : 10589966,
  "r-addl-run-data" : "",
  "r-wallclock-time" : 36.376
} {
  "r-rc" : {
    "@rc-id" : 9,
    "rc-algo-exec-config" : {
      "@algo-exec-config-id" : 2
    },
    "rc-cutoff" : 60.0,
    "rc-pisp" : {
      "@pisp-id" : 3
    },
    "rc-pc" : {
      "@pc-id" : 9,
      "pc-pcs" : {
        "@pcs-id" : 2
      },
      "pc-settings" : {
        "branching_preferbinary" : "TRUE",
        "branching_scorefac" : "0.08950826469897344",
        "branching_scorefunc" : "p",
        "heuristics_subnlp_presolveemphasis" : "2",
        "heuristics_trivial_freq" : "0",
        "lp_initalgorithm" : "b",
        "lp_pricing" : "d",
        "separating_gomory_away" : "5.577628144903768E-4",
        "separating_poolfreq" : "9"
      },
      "pc-active-parameters" : [ "branching_preferbinary", "branching_scorefac", "branching_scorefunc", "heuristics_subnlp_presolveemphasis", "heuristics_trivial_freq", "lp_initalgorithm", "lp_pricing", "separating_gomory_away", "separating_poolfreq" ],
      "pc-forbidden" : false,
      "pc-default" : false
    },
    "rc-sample-idx" : 0
  },
  "r-run-result" : "SAT",
  "r-runtime" : 28.5175,
  "r-run-length" : 0.0,
  "r-quality" : 13.725925,
  "r-result-seed" : 656386,
  "r-addl-run-data" : "",
  "r-wallclock-time" : 35.94
} {
  "r-rc" : {
    "@rc-id" : 10,
    "rc-algo-exec-config" : {
      "@algo-exec-config-id" : 2
    },
    "rc-cutoff" : 60.0,
    "rc-pisp" : {
      "@pisp-id" : 2
    },
    "rc-pc" : {
      "@pc-id" : 9
    },
    "rc-sample-idx" : 0
  },
  "r-run-result" : "SAT",
  "r-runtime" : 29.776,
  "r-run-length" : 0.0,
  "r-quality" : 15.680099,
  "r-result-seed" : 7132216,
  "r-addl-run-data" : "",
  "r-wallclock-time" : 37.204
} {
  "r-rc" : {
    "@rc-id" : 11,
    "rc-algo-exec-config" : {
      "@algo-exec-config-id" : 2
    },
    "rc-cutoff" : 60.0,
    "rc-pisp" : {
      "@pisp-id" : 6
    },
    "rc-pc" : {
      "@pc-id" : 9
    },
    "rc-sample-idx" : 0
  },
  "r-run-result" : "SAT",
  "r-runtime" : 31.5642,
  "r-run-length" : 0.0,
  "r-quality" : 16.477304,
  "r-result-seed" : 2369068,
  "r-addl-run-data" : "",
  "r-wallclock-time" : 38.978
} {
  "r-rc" : {
    "@rc-id" : 12,
    "rc-algo-exec-config" : {
      "@algo-exec-config-id" : 2
    },
    "rc-cutoff" : 60.0,
    "rc-pisp" : {
      "@pisp-id" : 8
    },
    "rc-pc" : {
      "@pc-id" : 9
    },
    "rc-sample-idx" : 0
  },
  "r-run-result" : "SAT",
  "r-runtime" : 30.5176,
  "r-run-length" : 0.0,
  "r-quality" : 16.615172,
  "r-result-seed" : 10589966,
  "r-addl-run-data" : "",
  "r-wallclock-time" : 38.028
} {
  "r-rc" : {
    "@rc-id" : 13,
    "rc-algo-exec-config" : {
      "@algo-exec-config-id" : 2
    },
    "rc-cutoff" : 60.0,
    "rc-pisp" : {
      "@pisp-id" : 13,
      "pisp-pi" : {
        "@pi-id" : 4
      },
      "pisp-seed" : 6149708
    },
    "rc-pc" : {
      "@pc-id" : 9
    },
    "rc-sample-idx" : 0
  },
  "r-run-result" : "SAT",
  "r-runtime" : 30.5564,
  "r-run-length" : 0.0,
  "r-quality" : 16.299829,
  "r-result-seed" : 6149708,
  "r-addl-run-data" : "",
  "r-wallclock-time" : 38.044
} {
  "r-rc" : {
    "@rc-id" : 14,
    "rc-algo-exec-config" : {
      "@algo-exec-config-id" : 2
    },
    "rc-cutoff" : 60.0,
    "rc-pisp" : {
      "@pisp-id" : 3
    },
    "rc-pc" : {
      "@pc-id" : 14,
      "pc-pcs" : {
        "@pcs-id" : 2
      },
      "pc-settings" : {
        "branching_preferbinary" : "FALSE",
        "branching_scorefac" : "0.22833045281427677",
        "branching_scorefunc" : "q",
        "heuristics_subnlp_presolveemphasis" : "0",
        "heuristics_trivial_freq" : "9",
        "lp_initalgorithm" : "c",
        "lp_pricing" : "l",
        "separating_gomory_away" : "0.00301794769729682",
        "separating_poolfreq" : "1"
      },
      "pc-active-parameters" : [ "branching_preferbinary", "branching_scorefac", "branching_scorefunc", "heuristics_subnlp_presolveemphasis", "heuristics_trivial_freq", "lp_initalgorithm", "lp_pricing", "separating_gomory_away", "separating_poolfreq" ],
      "pc-forbidden" : false,
      "pc-default" : false
    },
    "rc-sample-idx" : 0
  },
  "r-run-result" : "SAT",
  "r-runtime" : 28.1348,
  "r-run-length" : 0.0,
  "r-quality" : 14.049053,
  "r-result-seed" : 656386,
  "r-addl-run-data" : "",
  "r-wallclock-time" : 35.385
} {
  "r-rc" : {
    "@rc-id" : 15,
    "rc-algo-exec-config" : {
      "@algo-exec-config-id" : 2
    },
    "rc-cutoff" : 60.0,
    "rc-pisp" : {
      "@pisp-id" : 15,
      "pisp-pi" : {
        "@pi-id" : 12
      },
      "pisp-seed" : 2345062
    },
    "rc-pc" : {
      "@pc-id" : 9
    },
    "rc-sample-idx" : 0
  },
  "r-run-result" : "SAT",
  "r-runtime" : 22.3873,
  "r-run-length" : 0.0,
  "r-quality" : 11.337075,
  "r-result-seed" : 2345062,
  "r-addl-run-data" : "",
  "r-wallclock-time" : 29.584
} {
  "r-rc" : {
    "@rc-id" : 16,
    "rc-algo-exec-config" : {
      "@algo-exec-config-id" : 2
    },
    "rc-cutoff" : 60.0,
    "rc-pisp" : {
      "@pisp-id" : 2
    },
    "rc-pc" : {
      "@pc-id" : 16,
      "pc-pcs" : {
        "@pcs-id" : 2
      },
      "pc-settings" : {
        "branching_preferbinary" : "TRUE",
        "branching_scorefac" : "0.6201207363053376",
        "branching_scorefunc" : "q",
        "heuristics_subnlp_presolveemphasis" : "0",
        "heuristics_trivial_freq" : "9",
        "lp_initalgorithm" : "c",
        "lp_pricing" : "f",
        "separating_gomory_away" : "0.0031334572510866568",
        "separating_poolfreq" : "1"
      },
      "pc-active-parameters" : [ "branching_preferbinary", "branching_scorefac", "branching_scorefunc", "heuristics_subnlp_presolveemphasis", "heuristics_trivial_freq", "lp_initalgorithm", "lp_pricing", "separating_gomory_away", "separating_poolfreq" ],
      "pc-forbidden" : false,
      "pc-default" : false
    },
    "rc-sample-idx" : 0
  },
  "r-run-result" : "SAT",
  "r-runtime" : 28.65,
  "r-run-length" : 0.0,
  "r-quality" : 15.061907,
  "r-result-seed" : 7132216,
  "r-addl-run-data" : "",
  "r-wallclock-time" : 35.847
} {
  "r-rc" : {
    "@rc-id" : 17,
    "rc-algo-exec-config" : {
      "@algo-exec-config-id" : 2
    },
    "rc-cutoff" : 60.0,
    "rc-pisp" : {
      "@pisp-id" : 6
    },
    "rc-pc" : {
      "@pc-id" : 16
    },
    "rc-sample-idx" : 0
  },
  "r-run-result" : "SAT",
  "r-runtime" : 30.0319,
  "r-run-length" : 0.0,
  "r-quality" : 15.691316,
  "r-result-seed" : 2369068,
  "r-addl-run-data" : "",
  "r-wallclock-time" : 37.303
} {
  "r-rc" : {
    "@rc-id" : 18,
    "rc-algo-exec-config" : {
      "@algo-exec-config-id" : 2
    },
    "rc-cutoff" : 60.0,
    "rc-pisp" : {
      "@pisp-id" : 15
    },
    "rc-pc" : {
      "@pc-id" : 16
    },
    "rc-sample-idx" : 0
  },
  "r-run-result" : "SAT",
  "r-runtime" : 22.2865,
  "r-run-length" : 0.0,
  "r-quality" : 11.576231,
  "r-result-seed" : 2345062,
  "r-addl-run-data" : "",
  "r-wallclock-time" : 29.484
} {
  "r-rc" : {
    "@rc-id" : 19,
    "rc-algo-exec-config" : {
      "@algo-exec-config-id" : 2
    },
    "rc-cutoff" : 60.0,
    "rc-pisp" : {
      "@pisp-id" : 13
    },
    "rc-pc" : {
      "@pc-id" : 16
    },
    "rc-sample-idx" : 0
  },
  "r-run-result" : "SAT",
  "r-runtime" : 29.304,
  "r-run-length" : 0.0,
  "r-quality" : 15.458889,
  "r-result-seed" : 6149708,
  "r-addl-run-data" : "",
  "r-wallclock-time" : 36.562
} {
  "r-rc" : {
    "@rc-id" : 20,
    "rc-algo-exec-config" : {
      "@algo-exec-config-id" : 2
    },
    "rc-cutoff" : 60.0,
    "rc-pisp" : {
      "@pisp-id" : 8
    },
    "rc-pc" : {
      "@pc-id" : 16
    },
    "rc-sample-idx" : 0
  },
  "r-run-result" : "SAT",
  "r-runtime" : 28.8433,
  "r-run-length" : 0.0,
  "r-quality" : 16.271474,
  "r-result-seed" : 10589966,
  "r-addl-run-data" : "",
  "r-wallclock-time" : 36.081
} {
  "r-rc" : {
    "@rc-id" : 21,
    "rc-algo-exec-config" : {
      "@algo-exec-config-id" : 2
    },
    "rc-cutoff" : 60.0,
    "rc-pisp" : {
      "@pisp-id" : 3
    },
    "rc-pc" : {
      "@pc-id" : 16
    },
    "rc-sample-idx" : 0
  },
  "r-run-result" : "SAT",
  "r-runtime" : 27.658,
  "r-run-length" : 0.0,
  "r-quality" : 13.876241,
  "r-result-seed" : 656386,
  "r-addl-run-data" : "",
  "r-wallclock-time" : 34.889
} {
  "r-rc" : {
    "@rc-id" : 22,
    "rc-algo-exec-config" : {
      "@algo-exec-config-id" : 2
    },
    "rc-cutoff" : 60.0,
    "rc-pisp" : {
      "@pisp-id" : 22,
      "pisp-pi" : {
        "@pi-id" : 8
      },
      "pisp-seed" : 6314730
    },
    "rc-pc" : {
      "@pc-id" : 16
    },
    "rc-sample-idx" : 0
  },
  "r-run-result" : "SAT",
  "r-runtime" : 29.5882,
  "r-run-length" : 0.0,
  "r-quality" : 15.12771,
  "r-result-seed" : 6314730,
  "r-addl-run-data" : "",
  "r-wallclock-time" : 36.91
} {
  "r-rc" : {
    "@rc-id" : 23,
    "rc-algo-exec-config" : {
      "@algo-exec-config-id" : 2
    },
    "rc-cutoff" : 60.0,
    "rc-pisp" : {
      "@pisp-id" : 8
    },
    "rc-pc" : {
      "@pc-id" : 23,
      "pc-pcs" : {
        "@pcs-id" : 2
      },
      "pc-settings" : {
        "branching_preferbinary" : "TRUE",
        "branching_scorefac" : "0.004114106593360534",
        "branching_scorefunc" : "q",
        "heuristics_subnlp_presolveemphasis" : "2",
        "heuristics_trivial_freq" : "6",
        "lp_initalgorithm" : "c",
        "lp_pricing" : "l",
        "separating_gomory_away" : "0.005313460838436296",
        "separating_poolfreq" : "3"
      },
      "pc-active-parameters" : [ "branching_preferbinary", "branching_scorefac", "branching_scorefunc", "heuristics_subnlp_presolveemphasis", "heuristics_trivial_freq", "lp_initalgorithm", "lp_pricing", "separating_gomory_away", "separating_poolfreq" ],
      "pc-forbidden" : false,
      "pc-default" : false
    },
    "rc-sample-idx" : 0
  },
  "r-run-result" : "SAT",
  "r-runtime" : 27.849,
  "r-run-length" : 0.0,
  "r-quality" : 15.197229,
  "r-result-seed" : 10589966,
  "r-addl-run-data" : "",
  "r-wallclock-time" : 35.088
} {
  "r-rc" : {
    "@rc-id" : 24,
    "rc-algo-exec-config" : {
      "@algo-exec-config-id" : 2
    },
    "rc-cutoff" : 60.0,
    "rc-pisp" : {
      "@pisp-id" : 6
    },
    "rc-pc" : {
      "@pc-id" : 23
    },
    "rc-sample-idx" : 0
  },
  "r-run-result" : "SAT",
  "r-runtime" : 29.8069,
  "r-run-length" : 0.0,
  "r-quality" : 15.251412,
  "r-result-seed" : 2369068,
  "r-addl-run-data" : "",
  "r-wallclock-time" : 37.039
} {
  "r-rc" : {
    "@rc-id" : 25,
    "rc-algo-exec-config" : {
      "@algo-exec-config-id" : 2
    },
    "rc-cutoff" : 60.0,
    "rc-pisp" : {
      "@pisp-id" : 2
    },
    "rc-pc" : {
      "@pc-id" : 23
    },
    "rc-sample-idx" : 0
  },
  "r-run-result" : "SAT",
  "r-runtime" : 27.9366,
  "r-run-length" : 0.0,
  "r-quality" : 14.920123,
  "r-result-seed" : 7132216,
  "r-addl-run-data" : "",
  "r-wallclock-time" : 35.018
} {
  "r-rc" : {
    "@rc-id" : 26,
    "rc-algo-exec-config" : {
      "@algo-exec-config-id" : 2
    },
    "rc-cutoff" : 60.0,
    "rc-pisp" : {
      "@pisp-id" : 15
    },
    "rc-pc" : {
      "@pc-id" : 23
    },
    "rc-sample-idx" : 0
  },
  "r-run-result" : "SAT",
  "r-runtime" : 21.0462,
  "r-run-length" : 0.0,
  "r-quality" : 10.945436,
  "r-result-seed" : 2345062,
  "r-addl-run-data" : "",
  "r-wallclock-time" : 27.846
} {
  "r-rc" : {
    "@rc-id" : 27,
    "rc-algo-exec-config" : {
      "@algo-exec-config-id" : 2
    },
    "rc-cutoff" : 60.0,
    "rc-pisp" : {
      "@pisp-id" : 3
    },
    "rc-pc" : {
      "@pc-id" : 23
    },
    "rc-sample-idx" : 0
  },
  "r-run-result" : "SAT",
  "r-runtime" : 27.2489,
  "r-run-length" : 0.0,
  "r-quality" : 13.81643,
  "r-result-seed" : 656386,
  "r-addl-run-data" : "",
  "r-wallclock-time" : 34.342
} {
  "r-rc" : {
    "@rc-id" : 28,
    "rc-algo-exec-config" : {
      "@algo-exec-config-id" : 2
    },
    "rc-cutoff" : 60.0,
    "rc-pisp" : {
      "@pisp-id" : 13
    },
    "rc-pc" : {
      "@pc-id" : 23
    },
    "rc-sample-idx" : 0
  },
  "r-run-result" : "SAT",
  "r-runtime" : 27.5376,
  "r-run-length" : 0.0,
  "r-quality" : 14.468209,
  "r-result-seed" : 6149708,
  "r-addl-run-data" : "",
  "r-wallclock-time" : 34.64
} {
  "r-rc" : {
    "@rc-id" : 29,
    "rc-algo-exec-config" : {
      "@algo-exec-config-id" : 2
    },
    "rc-cutoff" : 60.0,
    "rc-pisp" : {
      "@pisp-id" : 22
    },
    "rc-pc" : {
      "@pc-id" : 23
    },
    "rc-sample-idx" : 0
  },
  "r-run-result" : "SAT",
  "r-runtime" : 29.1802,
  "r-run-length" : 0.0,
  "r-quality" : 15.157388,
  "r-result-seed" : 6314730,
  "r-addl-run-data" : "",
  "r-wallclock-time" : 36.327
} {
  "r-rc" : {
    "@rc-id" : 30,
    "rc-algo-exec-config" : {
      "@algo-exec-config-id" : 2
    },
    "rc-cutoff" : 60.0,
    "rc-pisp" : {
      "@pisp-id" : 30,
      "pisp-pi" : {
        "@pi-id" : 10
      },
      "pisp-seed" : 15945852
    },
    "rc-pc" : {
      "@pc-id" : 23
    },
    "rc-sample-idx" : 0
  },
  "r-run-result" : "SAT",
  "r-runtime" : 28.3244,
  "r-run-length" : 0.0,
  "r-quality" : 15.017456,
  "r-result-seed" : 15945852,
  "r-addl-run-data" : "",
  "r-wallclock-time" : 35.534
} {
  "r-rc" : {
    "@rc-id" : 31,
    "rc-algo-exec-config" : {
      "@algo-exec-config-id" : 2
    },
    "rc-cutoff" : 60.0,
    "rc-pisp" : {
      "@pisp-id" : 13
    },
    "rc-pc" : {
      "@pc-id" : 31,
      "pc-pcs" : {
        "@pcs-id" : 2
      },
      "pc-settings" : {
        "branching_preferbinary" : "FALSE",
        "branching_scorefac" : "0.9088428681709856",
        "branching_scorefunc" : "p",
        "heuristics_subnlp_presolveemphasis" : "0",
        "heuristics_trivial_freq" : "1",
        "lp_initalgorithm" : "c",
        "lp_pricing" : "l",
        "separating_gomory_away" : "0.003948915477266192",
        "separating_poolfreq" : "10"
      },
      "pc-active-parameters" : [ "branching_preferbinary", "branching_scorefac", "branching_scorefunc", "heuristics_subnlp_presolveemphasis", "heuristics_trivial_freq", "lp_initalgorithm", "lp_pricing", "separating_gomory_away", "separating_poolfreq" ],
      "pc-forbidden" : false,
      "pc-default" : false
    },
    "rc-sample-idx" : 0
  },
  "r-run-result" : "SAT",
  "r-runtime" : 26.5102,
  "r-run-length" : 0.0,
  "r-quality" : 14.446462,
  "r-result-seed" : 6149708,
  "r-addl-run-data" : "",
  "r-wallclock-time" : 33.49
} {
  "r-rc" : {
    "@rc-id" : 32,
    "rc-algo-exec-config" : {
      "@algo-exec-config-id" : 2
    },
    "rc-cutoff" : 60.0,
    "rc-pisp" : {
      "@pisp-id" : 8
    },
    "rc-pc" : {
      "@pc-id" : 31
    },
    "rc-sample-idx" : 0
  },
  "r-run-result" : "SAT",
  "r-runtime" : 26.5479,
  "r-run-length" : 0.0,
  "r-quality" : 14.710615,
  "r-result-seed" : 10589966,
  "r-addl-run-data" : "",
  "r-wallclock-time" : 33.49
} {
  "r-rc" : {
    "@rc-id" : 33,
    "rc-algo-exec-config" : {
      "@algo-exec-config-id" : 2
    },
    "rc-cutoff" : 60.0,
    "rc-pisp" : {
      "@pisp-id" : 2
    },
    "rc-pc" : {
      "@pc-id" : 31
    },
    "rc-sample-idx" : 0
  },
  "r-run-result" : "SAT",
  "r-runtime" : 26.474,
  "r-run-length" : 0.0,
  "r-quality" : 14.132957,
  "r-result-seed" : 7132216,
  "r-addl-run-data" : "",
  "r-wallclock-time" : 33.385
} {
  "r-rc" : {
    "@rc-id" : 34,
    "rc-algo-exec-config" : {
      "@algo-exec-config-id" : 2
    },
    "rc-cutoff" : 60.0,
    "rc-pisp" : {
      "@pisp-id" : 22
    },
    "rc-pc" : {
      "@pc-id" : 31
    },
    "rc-sample-idx" : 0
  },
  "r-run-result" : "SAT",
  "r-runtime" : 27.4864,
  "r-run-length" : 0.0,
  "r-quality" : 14.180945,
  "r-result-seed" : 6314730,
  "r-addl-run-data" : "",
  "r-wallclock-time" : 34.484
} {
  "r-rc" : {
    "@rc-id" : 35,
    "rc-algo-exec-config" : {
      "@algo-exec-config-id" : 2
    },
    "rc-cutoff" : 60.0,
    "rc-pisp" : {
      "@pisp-id" : 3
    },
    "rc-pc" : {
      "@pc-id" : 31
    },
    "rc-sample-idx" : 0
  },
  "r-run-result" : "SAT",
  "r-runtime" : 25.558,
  "r-run-length" : 0.0,
  "r-quality" : 12.810381,
  "r-result-seed" : 656386,
  "r-addl-run-data" : "",
  "r-wallclock-time" : 32.538
} {
  "r-rc" : {
    "@rc-id" : 36,
    "rc-algo-exec-config" : {
      "@algo-exec-config-id" : 2
    },
    "rc-cutoff" : 60.0,
    "rc-pisp" : {
      "@pisp-id" : 15
    },
    "rc-pc" : {
      "@pc-id" : 31
    },
    "rc-sample-idx" : 0
  },
  "r-run-result" : "SAT",
  "r-runtime" : 20.4584,
  "r-run-length" : 0.0,
  "r-quality" : 10.419507,
  "r-result-seed" : 2345062,
  "r-addl-run-data" : "",
  "r-wallclock-time" : 27.174
} {
  "r-rc" : {
    "@rc-id" : 37,
    "rc-algo-exec-config" : {
      "@algo-exec-config-id" : 2
    },
    "rc-cutoff" : 60.0,
    "rc-pisp" : {
      "@pisp-id" : 30
    },
    "rc-pc" : {
      "@pc-id" : 31
    },
    "rc-sample-idx" : 0
  },
  "r-run-result" : "SAT",
  "r-runtime" : 28.4301,
  "r-run-length" : 0.0,
  "r-quality" : 15.09375,
  "r-result-seed" : 15945852,
  "r-addl-run-data" : "",
  "r-wallclock-time" : 35.528
} {
  "r-rc" : {
    "@rc-id" : 38,
    "rc-algo-exec-config" : {
      "@algo-exec-config-id" : 2
    },
    "rc-cutoff" : 60.0,
    "rc-pisp" : {
      "@pisp-id" : 6
    },
    "rc-pc" : {
      "@pc-id" : 31
    },
    "rc-sample-idx" : 0
  },
  "r-run-result" : "SAT",
  "r-runtime" : 27.7403,
  "r-run-length" : 0.0,
  "r-quality" : 14.289845,
  "r-result-seed" : 2369068,
  "r-addl-run-data" : "",
  "r-wallclock-time" : 34.669
} {
  "r-rc" : {
    "@rc-id" : 39,
    "rc-algo-exec-config" : {
      "@algo-exec-config-id" : 2
    },
    "rc-cutoff" : 60.0,
    "rc-pisp" : {
      "@pisp-id" : 39,
      "pisp-pi" : {
        "@pi-id" : 13
      },
      "pisp-seed" : 2557402
    },
    "rc-pc" : {
      "@pc-id" : 31
    },
    "rc-sample-idx" : 0
  },
  "r-run-result" : "SAT",
  "r-runtime" : 28.1354,
  "r-run-length" : 0.0,
  "r-quality" : 15.618742,
  "r-result-seed" : 2557402,
  "r-addl-run-data" : "",
  "r-wallclock-time" : 35.074
} {
  "r-rc" : {
    "@rc-id" : 40,
    "rc-algo-exec-config" : {
      "@algo-exec-config-id" : 2
    },
    "rc-cutoff" : 60.0,
    "rc-pisp" : {
      "@pisp-id" : 8
    },
    "rc-pc" : {
      "@pc-id" : 40,
      "pc-pcs" : {
        "@pcs-id" : 2
      },
      "pc-settings" : {
        "branching_preferbinary" : "TRUE",
        "branching_scorefac" : "0.3278839196394997",
        "branching_scorefunc" : "p",
        "heuristics_subnlp_presolveemphasis" : "1",
        "heuristics_trivial_freq" : "7",
        "lp_initalgorithm" : "d",
        "lp_pricing" : "f",
        "separating_gomory_away" : "0.00980053790773037",
        "separating_poolfreq" : "8"
      },
      "pc-active-parameters" : [ "branching_preferbinary", "branching_scorefac", "branching_scorefunc", "heuristics_subnlp_presolveemphasis", "heuristics_trivial_freq", "lp_initalgorithm", "lp_pricing", "separating_gomory_away", "separating_poolfreq" ],
      "pc-forbidden" : false,
      "pc-default" : false
    },
    "rc-sample-idx" : 0
  },
  "r-run-result" : "SAT",
  "r-runtime" : 26.9748,
  "r-run-length" : 0.0,
  "r-quality" : 15.617256,
  "r-result-seed" : 10589966,
  "r-addl-run-data" : "",
  "r-wallclock-time" : 33.927
} {
  "r-rc" : {
    "@rc-id" : 41,
    "rc-algo-exec-config" : {
      "@algo-exec-config-id" : 2
    },
    "rc-cutoff" : 60.0,
    "rc-pisp" : {
      "@pisp-id" : 41,
      "pisp-pi" : {
        "@pi-id" : 11
      },
      "pisp-seed" : 6730148
    },
    "rc-pc" : {
      "@pc-id" : 31
    },
    "rc-sample-idx" : 0
  },
  "r-run-result" : "SAT",
  "r-runtime" : 26.899,
  "r-run-length" : 0.0,
  "r-quality" : 14.098163,
  "r-result-seed" : 6730148,
  "r-addl-run-data" : "",
  "r-wallclock-time" : 34.175
} {
  "r-rc" : {
    "@rc-id" : 42,
    "rc-algo-exec-config" : {
      "@algo-exec-config-id" : 2
    },
    "rc-cutoff" : 60.0,
    "rc-pisp" : {
      "@pisp-id" : 15
    },
    "rc-pc" : {
      "@pc-id" : 42,
      "pc-pcs" : {
        "@pcs-id" : 2
      },
      "pc-settings" : {
        "branching_preferbinary" : "FALSE",
        "branching_scorefac" : "0.9798022190964961",
        "branching_scorefunc" : "p",
        "heuristics_subnlp_presolveemphasis" : "3",
        "heuristics_trivial_freq" : "-1",
        "lp_initalgorithm" : "c",
        "lp_pricing" : "f",
        "separating_gomory_away" : "0.009331602072081521",
        "separating_poolfreq" : "2"
      },
      "pc-active-parameters" : [ "branching_preferbinary", "branching_scorefac", "branching_scorefunc", "heuristics_subnlp_presolveemphasis", "heuristics_trivial_freq", "lp_initalgorithm", "lp_pricing", "separating_gomory_away", "separating_poolfreq" ],
      "pc-forbidden" : false,
      "pc-default" : false
    },
    "rc-sample-idx" : 0
  },
  "r-run-result" : "SAT",
  "r-runtime" : 19.9158,
  "r-run-length" : 0.0,
  "r-quality" : 10.382893,
  "r-result-seed" : 2345062,
  "r-addl-run-data" : "",
  "r-wallclock-time" : 26.721
} {
  "r-rc" : {
    "@rc-id" : 43,
    "rc-algo-exec-config" : {
      "@algo-exec-config-id" : 2
    },
    "rc-cutoff" : 60.0,
    "rc-pisp" : {
      "@pisp-id" : 41
    },
    "rc-pc" : {
      "@pc-id" : 42
    },
    "rc-sample-idx" : 0
  },
  "r-run-result" : "SAT",
  "r-runtime" : 26.6705,
  "r-run-length" : 0.0,
  "r-quality" : 13.741807,
  "r-result-seed" : 6730148,
  "r-addl-run-data" : "",
  "r-wallclock-time" : 36.995
} {
  "r-rc" : {
    "@rc-id" : 44,
    "rc-algo-exec-config" : {
      "@algo-exec-config-id" : 2
    },
    "rc-cutoff" : 60.0,
    "rc-pisp" : {
      "@pisp-id" : 6
    },
    "rc-pc" : {
      "@pc-id" : 42
    },
    "rc-sample-idx" : 0
  },
  "r-run-result" : "SAT",
  "r-runtime" : 27.7384,
  "r-run-length" : 0.0,
  "r-quality" : 14.085464,
  "r-result-seed" : 2369068,
  "r-addl-run-data" : "",
  "r-wallclock-time" : 34.803
} {
  "r-rc" : {
    "@rc-id" : 45,
    "rc-algo-exec-config" : {
      "@algo-exec-config-id" : 2
    },
    "rc-cutoff" : 60.0,
    "rc-pisp" : {
      "@pisp-id" : 30
    },
    "rc-pc" : {
      "@pc-id" : 42
    },
    "rc-sample-idx" : 0
  },
  "r-run-result" : "SAT",
  "r-runtime" : 27.8765,
  "r-run-length" : 0.0,
  "r-quality" : 15.042578,
  "r-result-seed" : 15945852,
  "r-addl-run-data" : "",
  "r-wallclock-time" : 34.903
} {
  "r-rc" : {
    "@rc-id" : 46,
    "rc-algo-exec-config" : {
      "@algo-exec-config-id" : 2
    },
    "rc-cutoff" : 60.0,
    "rc-pisp" : {
      "@pisp-id" : 39
    },
    "rc-pc" : {
      "@pc-id" : 42
    },
    "rc-sample-idx" : 0
  },
  "r-run-result" : "SAT",
  "r-runtime" : 27.862,
  "r-run-length" : 0.0,
  "r-quality" : 15.107909,
  "r-result-seed" : 2557402,
  "r-addl-run-data" : "",
  "r-wallclock-time" : 34.855
} {
  "r-rc" : {
    "@rc-id" : 47,
    "rc-algo-exec-config" : {
      "@algo-exec-config-id" : 2
    },
    "rc-cutoff" : 60.0,
    "rc-pisp" : {
      "@pisp-id" : 8
    },
    "rc-pc" : {
      "@pc-id" : 42
    },
    "rc-sample-idx" : 0
  },
  "r-run-result" : "SAT",
  "r-runtime" : 25.9908,
  "r-run-length" : 0.0,
  "r-quality" : 14.594614,
  "r-result-seed" : 10589966,
  "r-addl-run-data" : "",
  "r-wallclock-time" : 32.924
} {
  "r-rc" : {
    "@rc-id" : 48,
    "rc-algo-exec-config" : {
      "@algo-exec-config-id" : 2
    },
    "rc-cutoff" : 60.0,
    "rc-pisp" : {
      "@pisp-id" : 22
    },
    "rc-pc" : {
      "@pc-id" : 42
    },
    "rc-sample-idx" : 0
  },
  "r-run-result" : "SAT",
  "r-runtime" : 29.3091,
  "r-run-length" : 0.0,
  "r-quality" : 15.73941,
  "r-result-seed" : 6314730,
  "r-addl-run-data" : "",
  "r-wallclock-time" : 36.597
} {
  "r-rc" : {
    "@rc-id" : 49,
    "rc-algo-exec-config" : {
      "@algo-exec-config-id" : 2
    },
    "rc-cutoff" : 60.0,
    "rc-pisp" : {
      "@pisp-id" : 49,
      "pisp-pi" : {
        "@pi-id" : 7
      },
      "pisp-seed" : 9072623
    },
    "rc-pc" : {
      "@pc-id" : 31
    },
    "rc-sample-idx" : 0
  },
  "r-run-result" : "SAT",
  "r-runtime" : 25.7398,
  "r-run-length" : 0.0,
  "r-quality" : 14.160407,
  "r-result-seed" : 9072623,
  "r-addl-run-data" : "",
  "r-wallclock-time" : 33.174
} {
  "r-rc" : {
    "@rc-id" : 50,
    "rc-algo-exec-config" : {
      "@algo-exec-config-id" : 2
    },
    "rc-cutoff" : 60.0,
    "rc-pisp" : {
      "@pisp-id" : 6
    },
    "rc-pc" : {
      "@pc-id" : 50,
      "pc-pcs" : {
        "@pcs-id" : 2
      },
      "pc-settings" : {
        "branching_preferbinary" : "FALSE",
        "branching_scorefac" : "0.6120567519934476",
        "branching_scorefunc" : "q",
        "heuristics_subnlp_presolveemphasis" : "3",
        "heuristics_trivial_freq" : "5",
        "lp_initalgorithm" : "p",
        "lp_pricing" : "a",
        "separating_gomory_away" : "0.007415768386813607",
        "separating_poolfreq" : "10"
      },
      "pc-active-parameters" : [ "branching_preferbinary", "branching_scorefac", "branching_scorefunc", "heuristics_subnlp_presolveemphasis", "heuristics_trivial_freq", "lp_initalgorithm", "lp_pricing", "separating_gomory_away", "separating_poolfreq" ],
      "pc-forbidden" : false,
      "pc-default" : false
    },
    "rc-sample-idx" : 0
  },
  "r-run-result" : "SAT",
  "r-runtime" : 31.3721,
  "r-run-length" : 0.0,
  "r-quality" : 16.332517,
  "r-result-seed" : 2369068,
  "r-addl-run-data" : "",
  "r-wallclock-time" : 39.0
} {
  "r-rc" : {
    "@rc-id" : 51,
    "rc-algo-exec-config" : {
      "@algo-exec-config-id" : 2
    },
    "rc-cutoff" : 60.0,
    "rc-pisp" : {
      "@pisp-id" : 51,
      "pisp-pi" : {
        "@pi-id" : 3
      },
      "pisp-seed" : 652693
    },
    "rc-pc" : {
      "@pc-id" : 31
    },
    "rc-sample-idx" : 0
  },
  "r-run-result" : "SAT",
  "r-runtime" : 28.3745,
  "r-run-length" : 0.0,
  "r-quality" : 13.890068,
  "r-result-seed" : 652693,
  "r-addl-run-data" : "",
  "r-wallclock-time" : 35.676
} {
  "r-rc" : {
    "@rc-id" : 52,
    "rc-algo-exec-config" : {
      "@algo-exec-config-id" : 2
    },
    "rc-cutoff" : 60.0,
    "rc-pisp" : {
      "@pisp-id" : 39
    },
    "rc-pc" : {
      "@pc-id" : 52,
      "pc-pcs" : {
        "@pcs-id" : 2
      },
      "pc-settings" : {
        "branching_preferbinary" : "FALSE",
        "branching_scorefac" : "0.08950826469897344",
        "branching_scorefunc" : "p",
        "heuristics_subnlp_presolveemphasis" : "2",
        "heuristics_trivial_freq" : "0",
        "lp_initalgorithm" : "c",
        "lp_pricing" : "a",
        "separating_gomory_away" : "5.577628144903768E-4",
        "separating_poolfreq" : "10"
      },
      "pc-active-parameters" : [ "branching_preferbinary", "branching_scorefac", "branching_scorefunc", "heuristics_subnlp_presolveemphasis", "heuristics_trivial_freq", "lp_initalgorithm", "lp_pricing", "separating_gomory_away", "separating_poolfreq" ],
      "pc-forbidden" : false,
      "pc-default" : false
    },
    "rc-sample-idx" : 0
  },
  "r-run-result" : "SAT",
  "r-runtime" : 31.7954,
  "r-run-length" : 0.0,
  "r-quality" : 17.400345,
  "r-result-seed" : 2557402,
  "r-addl-run-data" : "",
  "r-wallclock-time" : 39.277
}