Run Number,Run History Configuration ID,Instance ID,Response Value (y),Censored?,Cutoff Time Used,Seed,Runtime,Run Length,Run Result Code,Run Quality,SMAC Iteration,SMAC Cumulative Runtime,Run Result,Additional Algorithm Run Data,Wall Clock Time,
1,1,1,10.110323,0,60.0,14602123,20.3695,0.0,1,10.110323,0,20.3695,SAT,,39.489,
2,1,1,10.86718,0,60.0,15968045,21.7948,0.0,1,10.86718,1,42.1643,SAT,,53.078,
3,2,1,10.257533,0,60.0,14602123,20.678,0.0,1,10.257533,1,62.842299999999994,SAT,,32.644,
4,2,1,11.832516,0,60.0,15968045,23.0465,0.0,1,11.832516,1,85.8888,SAT,,38.525,
5,1,1,11.772027,0,60.0,16154600,23.4054,0.0,1,11.772027,1,109.2942,SAT,,56.207,
6,3,1,11.956804,0,60.0,15968045,23.5843,0.0,1,11.956804,1,132.8785,SAT,,63.382,
