{"name": "SMAC2: RandomForest on Iris", "base_dir": "Output/Log/configure_solver_2025-02-18-12.11.01", "dependencies": [], "sbatch_options": ["--qos=normal", "--mem-per-cpu=2541", "--time=3:00", "--partition=c23ms"], "srun_options": [], "jobs": [{"cmd": "python3 /rwthfs/rz/cluster/home/vx475510/miniforge3/envs/master-thesis/lib/python3.10/site-packages/sparkle/configurator/configurator_cli.py SMAC2 /rwthfs/rz/cluster/home/vx475510/satellite-operations-planning/sparkle_example/Output/Configuration/Raw_Data/SMAC2/RandomForest_Iris/results/RandomForest_Iris_seed_77_smac.txt Output/Performance_Data/performance_data.csv Output/Configuration/Raw_Data/SMAC2/RandomForest_Iris/RandomForest_Iris_scenario.txt 77 /rwthfs/rz/cluster/home/vx475510/miniforge3/envs/master-thesis/lib/python3.10/site-packages/sparkle/Components/smac2-v2.10.03-master-778/smac --scenario-file Output/Configuration/Raw_Data/SMAC2/RandomForest_Iris/RandomForest_Iris_scenario.txt --seed 77 ", "working_dir": ".", "output_file": "/rwthfs/rz/cluster/home/vx475510/satellite-operations-planning/sparkle_example/Output/Configuration/Raw_Data/SMAC2/RandomForest_Iris/results/RandomForest_Iris_seed_77_smac.txt", "stdout_file": "Output/Log/configure_solver_2025-02-18-12.11.01/SMAC2:_RandomForest_on_Iris-0000.out", "stderr_file": "Output/Log/configure_solver_2025-02-18-12.11.01/SMAC2:_RandomForest_on_Iris-0000.err", "slurm_job_id": "54006018_0", "job_state": null, "start_time_stamp": null, "end_time_stamp": null, "submit_time_stamp": null, "job_restarts": null, "job_qos": null, "job_partition": null, "job_nodes": null}, {"cmd": "python3 /rwthfs/rz/cluster/home/vx475510/miniforge3/envs/master-thesis/lib/python3.10/site-packages/sparkle/configurator/configurator_cli.py SMAC2 /rwthfs/rz/cluster/home/vx475510/satellite-operations-planning/sparkle_example/Output/Configuration/Raw_Data/SMAC2/RandomForest_Iris/results/RandomForest_Iris_seed_78_smac.txt Output/Performance_Data/performance_data.csv Output/Configuration/Raw_Data/SMAC2/RandomForest_Iris/RandomForest_Iris_scenario.txt 78 /rwthfs/rz/cluster/home/vx475510/miniforge3/envs/master-thesis/lib/python3.10/site-packages/sparkle/Components/smac2-v2.10.03-master-778/smac --scenario-file Output/Configuration/Raw_Data/SMAC2/RandomForest_Iris/RandomForest_Iris_scenario.txt --seed 78 ", "working_dir": ".", "output_file": "/rwthfs/rz/cluster/home/vx475510/satellite-operations-planning/sparkle_example/Output/Configuration/Raw_Data/SMAC2/RandomForest_Iris/results/RandomForest_Iris_seed_78_smac.txt", "stdout_file": "Output/Log/configure_solver_2025-02-18-12.11.01/SMAC2:_RandomForest_on_Iris-0001.out", "stderr_file": "Output/Log/configure_solver_2025-02-18-12.11.01/SMAC2:_RandomForest_on_Iris-0001.err", "slurm_job_id": "54006018_1", "job_state": null, "start_time_stamp": null, "end_time_stamp": null, "submit_time_stamp": null, "job_restarts": null, "job_qos": null, "job_partition": null, "job_nodes": null}, {"cmd": "python3 /rwthfs/rz/cluster/home/vx475510/miniforge3/envs/master-thesis/lib/python3.10/site-packages/sparkle/configurator/configurator_cli.py SMAC2 /rwthfs/rz/cluster/home/vx475510/satellite-operations-planning/sparkle_example/Output/Configuration/Raw_Data/SMAC2/RandomForest_Iris/results/RandomForest_Iris_seed_79_smac.txt Output/Performance_Data/performance_data.csv Output/Configuration/Raw_Data/SMAC2/RandomForest_Iris/RandomForest_Iris_scenario.txt 79 /rwthfs/rz/cluster/home/vx475510/miniforge3/envs/master-thesis/lib/python3.10/site-packages/sparkle/Components/smac2-v2.10.03-master-778/smac --scenario-file Output/Configuration/Raw_Data/SMAC2/RandomForest_Iris/RandomForest_Iris_scenario.txt --seed 79 ", "working_dir": ".", "output_file": "/rwthfs/rz/cluster/home/vx475510/satellite-operations-planning/sparkle_example/Output/Configuration/Raw_Data/SMAC2/RandomForest_Iris/results/RandomForest_Iris_seed_79_smac.txt", "stdout_file": "Output/Log/configure_solver_2025-02-18-12.11.01/SMAC2:_RandomForest_on_Iris-0002.out", "stderr_file": "Output/Log/configure_solver_2025-02-18-12.11.01/SMAC2:_RandomForest_on_Iris-0002.err", "slurm_job_id": "54006018_2", "job_state": null, "start_time_stamp": null, "end_time_stamp": null, "submit_time_stamp": null, "job_restarts": null, "job_qos": null, "job_partition": null, "job_nodes": null}, {"cmd": "python3 /rwthfs/rz/cluster/home/vx475510/miniforge3/envs/master-thesis/lib/python3.10/site-packages/sparkle/configurator/configurator_cli.py SMAC2 /rwthfs/rz/cluster/home/vx475510/satellite-operations-planning/sparkle_example/Output/Configuration/Raw_Data/SMAC2/RandomForest_Iris/results/RandomForest_Iris_seed_80_smac.txt Output/Performance_Data/performance_data.csv Output/Configuration/Raw_Data/SMAC2/RandomForest_Iris/RandomForest_Iris_scenario.txt 80 /rwthfs/rz/cluster/home/vx475510/miniforge3/envs/master-thesis/lib/python3.10/site-packages/sparkle/Components/smac2-v2.10.03-master-778/smac --scenario-file Output/Configuration/Raw_Data/SMAC2/RandomForest_Iris/RandomForest_Iris_scenario.txt --seed 80 ", "working_dir": ".", "output_file": "/rwthfs/rz/cluster/home/vx475510/satellite-operations-planning/sparkle_example/Output/Configuration/Raw_Data/SMAC2/RandomForest_Iris/results/RandomForest_Iris_seed_80_smac.txt", "stdout_file": "Output/Log/configure_solver_2025-02-18-12.11.01/SMAC2:_RandomForest_on_Iris-0003.out", "stderr_file": "Output/Log/configure_solver_2025-02-18-12.11.01/SMAC2:_RandomForest_on_Iris-0003.err", "slurm_job_id": "54006018_3", "job_state": null, "start_time_stamp": null, "end_time_stamp": null, "submit_time_stamp": null, "job_restarts": null, "job_qos": null, "job_partition": null, "job_nodes": null}, {"cmd": "python3 /rwthfs/rz/cluster/home/vx475510/miniforge3/envs/master-thesis/lib/python3.10/site-packages/sparkle/configurator/configurator_cli.py SMAC2 /rwthfs/rz/cluster/home/vx475510/satellite-operations-planning/sparkle_example/Output/Configuration/Raw_Data/SMAC2/RandomForest_Iris/results/RandomForest_Iris_seed_81_smac.txt Output/Performance_Data/performance_data.csv Output/Configuration/Raw_Data/SMAC2/RandomForest_Iris/RandomForest_Iris_scenario.txt 81 /rwthfs/rz/cluster/home/vx475510/miniforge3/envs/master-thesis/lib/python3.10/site-packages/sparkle/Components/smac2-v2.10.03-master-778/smac --scenario-file Output/Configuration/Raw_Data/SMAC2/RandomForest_Iris/RandomForest_Iris_scenario.txt --seed 81 ", "working_dir": ".", "output_file": "/rwthfs/rz/cluster/home/vx475510/satellite-operations-planning/sparkle_example/Output/Configuration/Raw_Data/SMAC2/RandomForest_Iris/results/RandomForest_Iris_seed_81_smac.txt", "stdout_file": "Output/Log/configure_solver_2025-02-18-12.11.01/SMAC2:_RandomForest_on_Iris-0004.out", "stderr_file": "Output/Log/configure_solver_2025-02-18-12.11.01/SMAC2:_RandomForest_on_Iris-0004.err", "slurm_job_id": "54006018_4", "job_state": null, "start_time_stamp": null, "end_time_stamp": null, "submit_time_stamp": null, "job_restarts": null, "job_qos": null, "job_partition": null, "job_nodes": null}, {"cmd": "python3 /rwthfs/rz/cluster/home/vx475510/miniforge3/envs/master-thesis/lib/python3.10/site-packages/sparkle/configurator/configurator_cli.py SMAC2 /rwthfs/rz/cluster/home/vx475510/satellite-operations-planning/sparkle_example/Output/Configuration/Raw_Data/SMAC2/RandomForest_Iris/results/RandomForest_Iris_seed_82_smac.txt Output/Performance_Data/performance_data.csv Output/Configuration/Raw_Data/SMAC2/RandomForest_Iris/RandomForest_Iris_scenario.txt 82 /rwthfs/rz/cluster/home/vx475510/miniforge3/envs/master-thesis/lib/python3.10/site-packages/sparkle/Components/smac2-v2.10.03-master-778/smac --scenario-file Output/Configuration/Raw_Data/SMAC2/RandomForest_Iris/RandomForest_Iris_scenario.txt --seed 82 ", "working_dir": ".", "output_file": "/rwthfs/rz/cluster/home/vx475510/satellite-operations-planning/sparkle_example/Output/Configuration/Raw_Data/SMAC2/RandomForest_Iris/results/RandomForest_Iris_seed_82_smac.txt", "stdout_file": "Output/Log/configure_solver_2025-02-18-12.11.01/SMAC2:_RandomForest_on_Iris-0005.out", "stderr_file": "Output/Log/configure_solver_2025-02-18-12.11.01/SMAC2:_RandomForest_on_Iris-0005.err", "slurm_job_id": "54006018_5", "job_state": null, "start_time_stamp": null, "end_time_stamp": null, "submit_time_stamp": null, "job_restarts": null, "job_qos": null, "job_partition": null, "job_nodes": null}, {"cmd": "python3 /rwthfs/rz/cluster/home/vx475510/miniforge3/envs/master-thesis/lib/python3.10/site-packages/sparkle/configurator/configurator_cli.py SMAC2 /rwthfs/rz/cluster/home/vx475510/satellite-operations-planning/sparkle_example/Output/Configuration/Raw_Data/SMAC2/RandomForest_Iris/results/RandomForest_Iris_seed_83_smac.txt Output/Performance_Data/performance_data.csv Output/Configuration/Raw_Data/SMAC2/RandomForest_Iris/RandomForest_Iris_scenario.txt 83 /rwthfs/rz/cluster/home/vx475510/miniforge3/envs/master-thesis/lib/python3.10/site-packages/sparkle/Components/smac2-v2.10.03-master-778/smac --scenario-file Output/Configuration/Raw_Data/SMAC2/RandomForest_Iris/RandomForest_Iris_scenario.txt --seed 83 ", "working_dir": ".", "output_file": "/rwthfs/rz/cluster/home/vx475510/satellite-operations-planning/sparkle_example/Output/Configuration/Raw_Data/SMAC2/RandomForest_Iris/results/RandomForest_Iris_seed_83_smac.txt", "stdout_file": "Output/Log/configure_solver_2025-02-18-12.11.01/SMAC2:_RandomForest_on_Iris-0006.out", "stderr_file": "Output/Log/configure_solver_2025-02-18-12.11.01/SMAC2:_RandomForest_on_Iris-0006.err", "slurm_job_id": "54006018_6", "job_state": null, "start_time_stamp": null, "end_time_stamp": null, "submit_time_stamp": null, "job_restarts": null, "job_qos": null, "job_partition": null, "job_nodes": null}, {"cmd": "python3 /rwthfs/rz/cluster/home/vx475510/miniforge3/envs/master-thesis/lib/python3.10/site-packages/sparkle/configurator/configurator_cli.py SMAC2 /rwthfs/rz/cluster/home/vx475510/satellite-operations-planning/sparkle_example/Output/Configuration/Raw_Data/SMAC2/RandomForest_Iris/results/RandomForest_Iris_seed_84_smac.txt Output/Performance_Data/performance_data.csv Output/Configuration/Raw_Data/SMAC2/RandomForest_Iris/RandomForest_Iris_scenario.txt 84 /rwthfs/rz/cluster/home/vx475510/miniforge3/envs/master-thesis/lib/python3.10/site-packages/sparkle/Components/smac2-v2.10.03-master-778/smac --scenario-file Output/Configuration/Raw_Data/SMAC2/RandomForest_Iris/RandomForest_Iris_scenario.txt --seed 84 ", "working_dir": ".", "output_file": "/rwthfs/rz/cluster/home/vx475510/satellite-operations-planning/sparkle_example/Output/Configuration/Raw_Data/SMAC2/RandomForest_Iris/results/RandomForest_Iris_seed_84_smac.txt", "stdout_file": "Output/Log/configure_solver_2025-02-18-12.11.01/SMAC2:_RandomForest_on_Iris-0007.out", "stderr_file": "Output/Log/configure_solver_2025-02-18-12.11.01/SMAC2:_RandomForest_on_Iris-0007.err", "slurm_job_id": "54006018_7", "job_state": null, "start_time_stamp": null, "end_time_stamp": null, "submit_time_stamp": null, "job_restarts": null, "job_qos": null, "job_partition": null, "job_nodes": null}, {"cmd": "python3 /rwthfs/rz/cluster/home/vx475510/miniforge3/envs/master-thesis/lib/python3.10/site-packages/sparkle/configurator/configurator_cli.py SMAC2 /rwthfs/rz/cluster/home/vx475510/satellite-operations-planning/sparkle_example/Output/Configuration/Raw_Data/SMAC2/RandomForest_Iris/results/RandomForest_Iris_seed_85_smac.txt Output/Performance_Data/performance_data.csv Output/Configuration/Raw_Data/SMAC2/RandomForest_Iris/RandomForest_Iris_scenario.txt 85 /rwthfs/rz/cluster/home/vx475510/miniforge3/envs/master-thesis/lib/python3.10/site-packages/sparkle/Components/smac2-v2.10.03-master-778/smac --scenario-file Output/Configuration/Raw_Data/SMAC2/RandomForest_Iris/RandomForest_Iris_scenario.txt --seed 85 ", "working_dir": ".", "output_file": "/rwthfs/rz/cluster/home/vx475510/satellite-operations-planning/sparkle_example/Output/Configuration/Raw_Data/SMAC2/RandomForest_Iris/results/RandomForest_Iris_seed_85_smac.txt", "stdout_file": "Output/Log/configure_solver_2025-02-18-12.11.01/SMAC2:_RandomForest_on_Iris-0008.out", "stderr_file": "Output/Log/configure_solver_2025-02-18-12.11.01/SMAC2:_RandomForest_on_Iris-0008.err", "slurm_job_id": "54006018_8", "job_state": null, "start_time_stamp": null, "end_time_stamp": null, "submit_time_stamp": null, "job_restarts": null, "job_qos": null, "job_partition": null, "job_nodes": null}, {"cmd": "python3 /rwthfs/rz/cluster/home/vx475510/miniforge3/envs/master-thesis/lib/python3.10/site-packages/sparkle/configurator/configurator_cli.py SMAC2 /rwthfs/rz/cluster/home/vx475510/satellite-operations-planning/sparkle_example/Output/Configuration/Raw_Data/SMAC2/RandomForest_Iris/results/RandomForest_Iris_seed_86_smac.txt Output/Performance_Data/performance_data.csv Output/Configuration/Raw_Data/SMAC2/RandomForest_Iris/RandomForest_Iris_scenario.txt 86 /rwthfs/rz/cluster/home/vx475510/miniforge3/envs/master-thesis/lib/python3.10/site-packages/sparkle/Components/smac2-v2.10.03-master-778/smac --scenario-file Output/Configuration/Raw_Data/SMAC2/RandomForest_Iris/RandomForest_Iris_scenario.txt --seed 86 ", "working_dir": ".", "output_file": "/rwthfs/rz/cluster/home/vx475510/satellite-operations-planning/sparkle_example/Output/Configuration/Raw_Data/SMAC2/RandomForest_Iris/results/RandomForest_Iris_seed_86_smac.txt", "stdout_file": "Output/Log/configure_solver_2025-02-18-12.11.01/SMAC2:_RandomForest_on_Iris-0009.out", "stderr_file": "Output/Log/configure_solver_2025-02-18-12.11.01/SMAC2:_RandomForest_on_Iris-0009.err", "slurm_job_id": "54006018_9", "job_state": null, "start_time_stamp": null, "end_time_stamp": null, "submit_time_stamp": null, "job_restarts": null, "job_qos": null, "job_partition": null, "job_nodes": null}, {"cmd": "python3 /rwthfs/rz/cluster/home/vx475510/miniforge3/envs/master-thesis/lib/python3.10/site-packages/sparkle/configurator/configurator_cli.py SMAC2 /rwthfs/rz/cluster/home/vx475510/satellite-operations-planning/sparkle_example/Output/Configuration/Raw_Data/SMAC2/RandomForest_Iris/results/RandomForest_Iris_seed_87_smac.txt Output/Performance_Data/performance_data.csv Output/Configuration/Raw_Data/SMAC2/RandomForest_Iris/RandomForest_Iris_scenario.txt 87 /rwthfs/rz/cluster/home/vx475510/miniforge3/envs/master-thesis/lib/python3.10/site-packages/sparkle/Components/smac2-v2.10.03-master-778/smac --scenario-file Output/Configuration/Raw_Data/SMAC2/RandomForest_Iris/RandomForest_Iris_scenario.txt --seed 87 ", "working_dir": ".", "output_file": "/rwthfs/rz/cluster/home/vx475510/satellite-operations-planning/sparkle_example/Output/Configuration/Raw_Data/SMAC2/RandomForest_Iris/results/RandomForest_Iris_seed_87_smac.txt", "stdout_file": "Output/Log/configure_solver_2025-02-18-12.11.01/SMAC2:_RandomForest_on_Iris-0010.out", "stderr_file": "Output/Log/configure_solver_2025-02-18-12.11.01/SMAC2:_RandomForest_on_Iris-0010.err", "slurm_job_id": "54006018_10", "job_state": null, "start_time_stamp": null, "end_time_stamp": null, "submit_time_stamp": null, "job_restarts": null, "job_qos": null, "job_partition": null, "job_nodes": null}, {"cmd": "python3 /rwthfs/rz/cluster/home/vx475510/miniforge3/envs/master-thesis/lib/python3.10/site-packages/sparkle/configurator/configurator_cli.py SMAC2 /rwthfs/rz/cluster/home/vx475510/satellite-operations-planning/sparkle_example/Output/Configuration/Raw_Data/SMAC2/RandomForest_Iris/results/RandomForest_Iris_seed_88_smac.txt Output/Performance_Data/performance_data.csv Output/Configuration/Raw_Data/SMAC2/RandomForest_Iris/RandomForest_Iris_scenario.txt 88 /rwthfs/rz/cluster/home/vx475510/miniforge3/envs/master-thesis/lib/python3.10/site-packages/sparkle/Components/smac2-v2.10.03-master-778/smac --scenario-file Output/Configuration/Raw_Data/SMAC2/RandomForest_Iris/RandomForest_Iris_scenario.txt --seed 88 ", "working_dir": ".", "output_file": "/rwthfs/rz/cluster/home/vx475510/satellite-operations-planning/sparkle_example/Output/Configuration/Raw_Data/SMAC2/RandomForest_Iris/results/RandomForest_Iris_seed_88_smac.txt", "stdout_file": "Output/Log/configure_solver_2025-02-18-12.11.01/SMAC2:_RandomForest_on_Iris-0011.out", "stderr_file": "Output/Log/configure_solver_2025-02-18-12.11.01/SMAC2:_RandomForest_on_Iris-0011.err", "slurm_job_id": "54006018_11", "job_state": null, "start_time_stamp": null, "end_time_stamp": null, "submit_time_stamp": null, "job_restarts": null, "job_qos": null, "job_partition": null, "job_nodes": null}, {"cmd": "python3 /rwthfs/rz/cluster/home/vx475510/miniforge3/envs/master-thesis/lib/python3.10/site-packages/sparkle/configurator/configurator_cli.py SMAC2 /rwthfs/rz/cluster/home/vx475510/satellite-operations-planning/sparkle_example/Output/Configuration/Raw_Data/SMAC2/RandomForest_Iris/results/RandomForest_Iris_seed_89_smac.txt Output/Performance_Data/performance_data.csv Output/Configuration/Raw_Data/SMAC2/RandomForest_Iris/RandomForest_Iris_scenario.txt 89 /rwthfs/rz/cluster/home/vx475510/miniforge3/envs/master-thesis/lib/python3.10/site-packages/sparkle/Components/smac2-v2.10.03-master-778/smac --scenario-file Output/Configuration/Raw_Data/SMAC2/RandomForest_Iris/RandomForest_Iris_scenario.txt --seed 89 ", "working_dir": ".", "output_file": "/rwthfs/rz/cluster/home/vx475510/satellite-operations-planning/sparkle_example/Output/Configuration/Raw_Data/SMAC2/RandomForest_Iris/results/RandomForest_Iris_seed_89_smac.txt", "stdout_file": "Output/Log/configure_solver_2025-02-18-12.11.01/SMAC2:_RandomForest_on_Iris-0012.out", "stderr_file": "Output/Log/configure_solver_2025-02-18-12.11.01/SMAC2:_RandomForest_on_Iris-0012.err", "slurm_job_id": "54006018_12", "job_state": null, "start_time_stamp": null, "end_time_stamp": null, "submit_time_stamp": null, "job_restarts": null, "job_qos": null, "job_partition": null, "job_nodes": null}, {"cmd": "python3 /rwthfs/rz/cluster/home/vx475510/miniforge3/envs/master-thesis/lib/python3.10/site-packages/sparkle/configurator/configurator_cli.py SMAC2 /rwthfs/rz/cluster/home/vx475510/satellite-operations-planning/sparkle_example/Output/Configuration/Raw_Data/SMAC2/RandomForest_Iris/results/RandomForest_Iris_seed_90_smac.txt Output/Performance_Data/performance_data.csv Output/Configuration/Raw_Data/SMAC2/RandomForest_Iris/RandomForest_Iris_scenario.txt 90 /rwthfs/rz/cluster/home/vx475510/miniforge3/envs/master-thesis/lib/python3.10/site-packages/sparkle/Components/smac2-v2.10.03-master-778/smac --scenario-file Output/Configuration/Raw_Data/SMAC2/RandomForest_Iris/RandomForest_Iris_scenario.txt --seed 90 ", "working_dir": ".", "output_file": "/rwthfs/rz/cluster/home/vx475510/satellite-operations-planning/sparkle_example/Output/Configuration/Raw_Data/SMAC2/RandomForest_Iris/results/RandomForest_Iris_seed_90_smac.txt", "stdout_file": "Output/Log/configure_solver_2025-02-18-12.11.01/SMAC2:_RandomForest_on_Iris-0013.out", "stderr_file": "Output/Log/configure_solver_2025-02-18-12.11.01/SMAC2:_RandomForest_on_Iris-0013.err", "slurm_job_id": "54006018_13", "job_state": null, "start_time_stamp": null, "end_time_stamp": null, "submit_time_stamp": null, "job_restarts": null, "job_qos": null, "job_partition": null, "job_nodes": null}, {"cmd": "python3 /rwthfs/rz/cluster/home/vx475510/miniforge3/envs/master-thesis/lib/python3.10/site-packages/sparkle/configurator/configurator_cli.py SMAC2 /rwthfs/rz/cluster/home/vx475510/satellite-operations-planning/sparkle_example/Output/Configuration/Raw_Data/SMAC2/RandomForest_Iris/results/RandomForest_Iris_seed_91_smac.txt Output/Performance_Data/performance_data.csv Output/Configuration/Raw_Data/SMAC2/RandomForest_Iris/RandomForest_Iris_scenario.txt 91 /rwthfs/rz/cluster/home/vx475510/miniforge3/envs/master-thesis/lib/python3.10/site-packages/sparkle/Components/smac2-v2.10.03-master-778/smac --scenario-file Output/Configuration/Raw_Data/SMAC2/RandomForest_Iris/RandomForest_Iris_scenario.txt --seed 91 ", "working_dir": ".", "output_file": "/rwthfs/rz/cluster/home/vx475510/satellite-operations-planning/sparkle_example/Output/Configuration/Raw_Data/SMAC2/RandomForest_Iris/results/RandomForest_Iris_seed_91_smac.txt", "stdout_file": "Output/Log/configure_solver_2025-02-18-12.11.01/SMAC2:_RandomForest_on_Iris-0014.out", "stderr_file": "Output/Log/configure_solver_2025-02-18-12.11.01/SMAC2:_RandomForest_on_Iris-0014.err", "slurm_job_id": "54006018_14", "job_state": null, "start_time_stamp": null, "end_time_stamp": null, "submit_time_stamp": null, "job_restarts": null, "job_qos": null, "job_partition": null, "job_nodes": null}, {"cmd": "python3 /rwthfs/rz/cluster/home/vx475510/miniforge3/envs/master-thesis/lib/python3.10/site-packages/sparkle/configurator/configurator_cli.py SMAC2 /rwthfs/rz/cluster/home/vx475510/satellite-operations-planning/sparkle_example/Output/Configuration/Raw_Data/SMAC2/RandomForest_Iris/results/RandomForest_Iris_seed_92_smac.txt Output/Performance_Data/performance_data.csv Output/Configuration/Raw_Data/SMAC2/RandomForest_Iris/RandomForest_Iris_scenario.txt 92 /rwthfs/rz/cluster/home/vx475510/miniforge3/envs/master-thesis/lib/python3.10/site-packages/sparkle/Components/smac2-v2.10.03-master-778/smac --scenario-file Output/Configuration/Raw_Data/SMAC2/RandomForest_Iris/RandomForest_Iris_scenario.txt --seed 92 ", "working_dir": ".", "output_file": "/rwthfs/rz/cluster/home/vx475510/satellite-operations-planning/sparkle_example/Output/Configuration/Raw_Data/SMAC2/RandomForest_Iris/results/RandomForest_Iris_seed_92_smac.txt", "stdout_file": "Output/Log/configure_solver_2025-02-18-12.11.01/SMAC2:_RandomForest_on_Iris-0015.out", "stderr_file": "Output/Log/configure_solver_2025-02-18-12.11.01/SMAC2:_RandomForest_on_Iris-0015.err", "slurm_job_id": "54006018_15", "job_state": null, "start_time_stamp": null, "end_time_stamp": null, "submit_time_stamp": null, "job_restarts": null, "job_qos": null, "job_partition": null, "job_nodes": null}, {"cmd": "python3 /rwthfs/rz/cluster/home/vx475510/miniforge3/envs/master-thesis/lib/python3.10/site-packages/sparkle/configurator/configurator_cli.py SMAC2 /rwthfs/rz/cluster/home/vx475510/satellite-operations-planning/sparkle_example/Output/Configuration/Raw_Data/SMAC2/RandomForest_Iris/results/RandomForest_Iris_seed_93_smac.txt Output/Performance_Data/performance_data.csv Output/Configuration/Raw_Data/SMAC2/RandomForest_Iris/RandomForest_Iris_scenario.txt 93 /rwthfs/rz/cluster/home/vx475510/miniforge3/envs/master-thesis/lib/python3.10/site-packages/sparkle/Components/smac2-v2.10.03-master-778/smac --scenario-file Output/Configuration/Raw_Data/SMAC2/RandomForest_Iris/RandomForest_Iris_scenario.txt --seed 93 ", "working_dir": ".", "output_file": "/rwthfs/rz/cluster/home/vx475510/satellite-operations-planning/sparkle_example/Output/Configuration/Raw_Data/SMAC2/RandomForest_Iris/results/RandomForest_Iris_seed_93_smac.txt", "stdout_file": "Output/Log/configure_solver_2025-02-18-12.11.01/SMAC2:_RandomForest_on_Iris-0016.out", "stderr_file": "Output/Log/configure_solver_2025-02-18-12.11.01/SMAC2:_RandomForest_on_Iris-0016.err", "slurm_job_id": "54006018_16", "job_state": null, "start_time_stamp": null, "end_time_stamp": null, "submit_time_stamp": null, "job_restarts": null, "job_qos": null, "job_partition": null, "job_nodes": null}, {"cmd": "python3 /rwthfs/rz/cluster/home/vx475510/miniforge3/envs/master-thesis/lib/python3.10/site-packages/sparkle/configurator/configurator_cli.py SMAC2 /rwthfs/rz/cluster/home/vx475510/satellite-operations-planning/sparkle_example/Output/Configuration/Raw_Data/SMAC2/RandomForest_Iris/results/RandomForest_Iris_seed_94_smac.txt Output/Performance_Data/performance_data.csv Output/Configuration/Raw_Data/SMAC2/RandomForest_Iris/RandomForest_Iris_scenario.txt 94 /rwthfs/rz/cluster/home/vx475510/miniforge3/envs/master-thesis/lib/python3.10/site-packages/sparkle/Components/smac2-v2.10.03-master-778/smac --scenario-file Output/Configuration/Raw_Data/SMAC2/RandomForest_Iris/RandomForest_Iris_scenario.txt --seed 94 ", "working_dir": ".", "output_file": "/rwthfs/rz/cluster/home/vx475510/satellite-operations-planning/sparkle_example/Output/Configuration/Raw_Data/SMAC2/RandomForest_Iris/results/RandomForest_Iris_seed_94_smac.txt", "stdout_file": "Output/Log/configure_solver_2025-02-18-12.11.01/SMAC2:_RandomForest_on_Iris-0017.out", "stderr_file": "Output/Log/configure_solver_2025-02-18-12.11.01/SMAC2:_RandomForest_on_Iris-0017.err", "slurm_job_id": "54006018_17", "job_state": null, "start_time_stamp": null, "end_time_stamp": null, "submit_time_stamp": null, "job_restarts": null, "job_qos": null, "job_partition": null, "job_nodes": null}, {"cmd": "python3 /rwthfs/rz/cluster/home/vx475510/miniforge3/envs/master-thesis/lib/python3.10/site-packages/sparkle/configurator/configurator_cli.py SMAC2 /rwthfs/rz/cluster/home/vx475510/satellite-operations-planning/sparkle_example/Output/Configuration/Raw_Data/SMAC2/RandomForest_Iris/results/RandomForest_Iris_seed_95_smac.txt Output/Performance_Data/performance_data.csv Output/Configuration/Raw_Data/SMAC2/RandomForest_Iris/RandomForest_Iris_scenario.txt 95 /rwthfs/rz/cluster/home/vx475510/miniforge3/envs/master-thesis/lib/python3.10/site-packages/sparkle/Components/smac2-v2.10.03-master-778/smac --scenario-file Output/Configuration/Raw_Data/SMAC2/RandomForest_Iris/RandomForest_Iris_scenario.txt --seed 95 ", "working_dir": ".", "output_file": "/rwthfs/rz/cluster/home/vx475510/satellite-operations-planning/sparkle_example/Output/Configuration/Raw_Data/SMAC2/RandomForest_Iris/results/RandomForest_Iris_seed_95_smac.txt", "stdout_file": "Output/Log/configure_solver_2025-02-18-12.11.01/SMAC2:_RandomForest_on_Iris-0018.out", "stderr_file": "Output/Log/configure_solver_2025-02-18-12.11.01/SMAC2:_RandomForest_on_Iris-0018.err", "slurm_job_id": "54006018_18", "job_state": null, "start_time_stamp": null, "end_time_stamp": null, "submit_time_stamp": null, "job_restarts": null, "job_qos": null, "job_partition": null, "job_nodes": null}, {"cmd": "python3 /rwthfs/rz/cluster/home/vx475510/miniforge3/envs/master-thesis/lib/python3.10/site-packages/sparkle/configurator/configurator_cli.py SMAC2 /rwthfs/rz/cluster/home/vx475510/satellite-operations-planning/sparkle_example/Output/Configuration/Raw_Data/SMAC2/RandomForest_Iris/results/RandomForest_Iris_seed_96_smac.txt Output/Performance_Data/performance_data.csv Output/Configuration/Raw_Data/SMAC2/RandomForest_Iris/RandomForest_Iris_scenario.txt 96 /rwthfs/rz/cluster/home/vx475510/miniforge3/envs/master-thesis/lib/python3.10/site-packages/sparkle/Components/smac2-v2.10.03-master-778/smac --scenario-file Output/Configuration/Raw_Data/SMAC2/RandomForest_Iris/RandomForest_Iris_scenario.txt --seed 96 ", "working_dir": ".", "output_file": "/rwthfs/rz/cluster/home/vx475510/satellite-operations-planning/sparkle_example/Output/Configuration/Raw_Data/SMAC2/RandomForest_Iris/results/RandomForest_Iris_seed_96_smac.txt", "stdout_file": "Output/Log/configure_solver_2025-02-18-12.11.01/SMAC2:_RandomForest_on_Iris-0019.out", "stderr_file": "Output/Log/configure_solver_2025-02-18-12.11.01/SMAC2:_RandomForest_on_Iris-0019.err", "slurm_job_id": "54006018_19", "job_state": null, "start_time_stamp": null, "end_time_stamp": null, "submit_time_stamp": null, "job_restarts": null, "job_qos": null, "job_partition": null, "job_nodes": null}, {"cmd": "python3 /rwthfs/rz/cluster/home/vx475510/miniforge3/envs/master-thesis/lib/python3.10/site-packages/sparkle/configurator/configurator_cli.py SMAC2 /rwthfs/rz/cluster/home/vx475510/satellite-operations-planning/sparkle_example/Output/Configuration/Raw_Data/SMAC2/RandomForest_Iris/results/RandomForest_Iris_seed_97_smac.txt Output/Performance_Data/performance_data.csv Output/Configuration/Raw_Data/SMAC2/RandomForest_Iris/RandomForest_Iris_scenario.txt 97 /rwthfs/rz/cluster/home/vx475510/miniforge3/envs/master-thesis/lib/python3.10/site-packages/sparkle/Components/smac2-v2.10.03-master-778/smac --scenario-file Output/Configuration/Raw_Data/SMAC2/RandomForest_Iris/RandomForest_Iris_scenario.txt --seed 97 ", "working_dir": ".", "output_file": "/rwthfs/rz/cluster/home/vx475510/satellite-operations-planning/sparkle_example/Output/Configuration/Raw_Data/SMAC2/RandomForest_Iris/results/RandomForest_Iris_seed_97_smac.txt", "stdout_file": "Output/Log/configure_solver_2025-02-18-12.11.01/SMAC2:_RandomForest_on_Iris-0020.out", "stderr_file": "Output/Log/configure_solver_2025-02-18-12.11.01/SMAC2:_RandomForest_on_Iris-0020.err", "slurm_job_id": "54006018_20", "job_state": null, "start_time_stamp": null, "end_time_stamp": null, "submit_time_stamp": null, "job_restarts": null, "job_qos": null, "job_partition": null, "job_nodes": null}, {"cmd": "python3 /rwthfs/rz/cluster/home/vx475510/miniforge3/envs/master-thesis/lib/python3.10/site-packages/sparkle/configurator/configurator_cli.py SMAC2 /rwthfs/rz/cluster/home/vx475510/satellite-operations-planning/sparkle_example/Output/Configuration/Raw_Data/SMAC2/RandomForest_Iris/results/RandomForest_Iris_seed_98_smac.txt Output/Performance_Data/performance_data.csv Output/Configuration/Raw_Data/SMAC2/RandomForest_Iris/RandomForest_Iris_scenario.txt 98 /rwthfs/rz/cluster/home/vx475510/miniforge3/envs/master-thesis/lib/python3.10/site-packages/sparkle/Components/smac2-v2.10.03-master-778/smac --scenario-file Output/Configuration/Raw_Data/SMAC2/RandomForest_Iris/RandomForest_Iris_scenario.txt --seed 98 ", "working_dir": ".", "output_file": "/rwthfs/rz/cluster/home/vx475510/satellite-operations-planning/sparkle_example/Output/Configuration/Raw_Data/SMAC2/RandomForest_Iris/results/RandomForest_Iris_seed_98_smac.txt", "stdout_file": "Output/Log/configure_solver_2025-02-18-12.11.01/SMAC2:_RandomForest_on_Iris-0021.out", "stderr_file": "Output/Log/configure_solver_2025-02-18-12.11.01/SMAC2:_RandomForest_on_Iris-0021.err", "slurm_job_id": "54006018_21", "job_state": null, "start_time_stamp": null, "end_time_stamp": null, "submit_time_stamp": null, "job_restarts": null, "job_qos": null, "job_partition": null, "job_nodes": null}, {"cmd": "python3 /rwthfs/rz/cluster/home/vx475510/miniforge3/envs/master-thesis/lib/python3.10/site-packages/sparkle/configurator/configurator_cli.py SMAC2 /rwthfs/rz/cluster/home/vx475510/satellite-operations-planning/sparkle_example/Output/Configuration/Raw_Data/SMAC2/RandomForest_Iris/results/RandomForest_Iris_seed_99_smac.txt Output/Performance_Data/performance_data.csv Output/Configuration/Raw_Data/SMAC2/RandomForest_Iris/RandomForest_Iris_scenario.txt 99 /rwthfs/rz/cluster/home/vx475510/miniforge3/envs/master-thesis/lib/python3.10/site-packages/sparkle/Components/smac2-v2.10.03-master-778/smac --scenario-file Output/Configuration/Raw_Data/SMAC2/RandomForest_Iris/RandomForest_Iris_scenario.txt --seed 99 ", "working_dir": ".", "output_file": "/rwthfs/rz/cluster/home/vx475510/satellite-operations-planning/sparkle_example/Output/Configuration/Raw_Data/SMAC2/RandomForest_Iris/results/RandomForest_Iris_seed_99_smac.txt", "stdout_file": "Output/Log/configure_solver_2025-02-18-12.11.01/SMAC2:_RandomForest_on_Iris-0022.out", "stderr_file": "Output/Log/configure_solver_2025-02-18-12.11.01/SMAC2:_RandomForest_on_Iris-0022.err", "slurm_job_id": "54006018_22", "job_state": null, "start_time_stamp": null, "end_time_stamp": null, "submit_time_stamp": null, "job_restarts": null, "job_qos": null, "job_partition": null, "job_nodes": null}, {"cmd": "python3 /rwthfs/rz/cluster/home/vx475510/miniforge3/envs/master-thesis/lib/python3.10/site-packages/sparkle/configurator/configurator_cli.py SMAC2 /rwthfs/rz/cluster/home/vx475510/satellite-operations-planning/sparkle_example/Output/Configuration/Raw_Data/SMAC2/RandomForest_Iris/results/RandomForest_Iris_seed_100_smac.txt Output/Performance_Data/performance_data.csv Output/Configuration/Raw_Data/SMAC2/RandomForest_Iris/RandomForest_Iris_scenario.txt 100 /rwthfs/rz/cluster/home/vx475510/miniforge3/envs/master-thesis/lib/python3.10/site-packages/sparkle/Components/smac2-v2.10.03-master-778/smac --scenario-file Output/Configuration/Raw_Data/SMAC2/RandomForest_Iris/RandomForest_Iris_scenario.txt --seed 100 ", "working_dir": ".", "output_file": "/rwthfs/rz/cluster/home/vx475510/satellite-operations-planning/sparkle_example/Output/Configuration/Raw_Data/SMAC2/RandomForest_Iris/results/RandomForest_Iris_seed_100_smac.txt", "stdout_file": "Output/Log/configure_solver_2025-02-18-12.11.01/SMAC2:_RandomForest_on_Iris-0023.out", "stderr_file": "Output/Log/configure_solver_2025-02-18-12.11.01/SMAC2:_RandomForest_on_Iris-0023.err", "slurm_job_id": "54006018_23", "job_state": null, "start_time_stamp": null, "end_time_stamp": null, "submit_time_stamp": null, "job_restarts": null, "job_qos": null, "job_partition": null, "job_nodes": null}, {"cmd": "python3 /rwthfs/rz/cluster/home/vx475510/miniforge3/envs/master-thesis/lib/python3.10/site-packages/sparkle/configurator/configurator_cli.py SMAC2 /rwthfs/rz/cluster/home/vx475510/satellite-operations-planning/sparkle_example/Output/Configuration/Raw_Data/SMAC2/RandomForest_Iris/results/RandomForest_Iris_seed_101_smac.txt Output/Performance_Data/performance_data.csv Output/Configuration/Raw_Data/SMAC2/RandomForest_Iris/RandomForest_Iris_scenario.txt 101 /rwthfs/rz/cluster/home/vx475510/miniforge3/envs/master-thesis/lib/python3.10/site-packages/sparkle/Components/smac2-v2.10.03-master-778/smac --scenario-file Output/Configuration/Raw_Data/SMAC2/RandomForest_Iris/RandomForest_Iris_scenario.txt --seed 101 ", "working_dir": ".", "output_file": "/rwthfs/rz/cluster/home/vx475510/satellite-operations-planning/sparkle_example/Output/Configuration/Raw_Data/SMAC2/RandomForest_Iris/results/RandomForest_Iris_seed_101_smac.txt", "stdout_file": "Output/Log/configure_solver_2025-02-18-12.11.01/SMAC2:_RandomForest_on_Iris-0024.out", "stderr_file": "Output/Log/configure_solver_2025-02-18-12.11.01/SMAC2:_RandomForest_on_Iris-0024.err", "slurm_job_id": "54006018_24", "job_state": null, "start_time_stamp": null, "end_time_stamp": null, "submit_time_stamp": null, "job_restarts": null, "job_qos": null, "job_partition": null, "job_nodes": null}], "parallel_jobs": 25, "submitted": true, "run_id": "54006018"}