Run Number,Run History Configuration ID,Instance ID,Response Value (y),Censored?,Cutoff Time Used,Seed,Runtime,Run Length,Run Result Code,Run Quality,SMAC Iteration,SMAC Cumulative Runtime,Run Result,Additional Algorithm Run Data,Wall Clock Time,
1,1,1,15.461182,0,60.0,16747987,27.7157,0.0,1,15.461182,0,27.7157,SAT,,39.307,
2,1,1,14.905672,0,60.0,839011,26.5203,0.0,1,14.905672,1,54.236,SAT,,33.922,
3,2,1,14.516264,0,60.0,839011,25.8515,0.0,1,14.516264,1,80.0875,SAT,,33.286,
4,2,1,14.757147,0,60.0,16747987,26.4205,0.0,1,14.757147,1,106.50800000000001,SAT,,34.078,
5,2,1,14.248906,0,60.0,13234068,25.3765,0.0,1,14.248906,1,131.8845,SAT,,32.742,
6,3,1,14.615288,0,60.0,13234068,26.1969,0.0,1,14.615288,1,158.0814,SAT,,40.135,
