{"name": "SMAC2: TestSolver on Basic_6h_year", "base_dir": "Output/Log/configure_solver_2025-04-22-12.14.39", "dependencies": [], "sbatch_options": ["--qos=normal", "--mem=10000", "--time=20:00", "--partition=c23ms"], "srun_options": [], "jobs": [{"cmd": "python3 /rwthfs/rz/cluster/home/vx475510/miniforge3/envs/sparkle/lib/python3.10/site-packages/sparkle/configurator/configurator_cli.py SMAC2 /rwthfs/rz/cluster/home/vx475510/satellite-operations-planning/sparkle/Output/Configuration/Raw_Data/SMAC2/TestSolver_Basic_6h_year/results/TestSolver_Basic_6h_year_seed_43_smac.txt Output/Performance_Data/performance_data.csv Output/Configuration/Raw_Data/SMAC2/TestSolver_Basic_6h_year/TestSolver_Basic_6h_year_scenario.txt 43 /rwthfs/rz/cluster/home/vx475510/miniforge3/envs/sparkle/lib/python3.10/site-packages/sparkle/Components/smac2-v2.10.03-master-778/smac --scenario-file Output/Configuration/Raw_Data/SMAC2/TestSolver_Basic_6h_year/TestSolver_Basic_6h_year_scenario.txt --seed 43 ", "working_dir": ".", "output_file": "/rwthfs/rz/cluster/home/vx475510/satellite-operations-planning/sparkle/Output/Configuration/Raw_Data/SMAC2/TestSolver_Basic_6h_year/results/TestSolver_Basic_6h_year_seed_43_smac.txt", "stdout_file": "Output/Log/configure_solver_2025-04-22-12.14.39/SMAC2:_TestSolver_on_Basic_6h_year-0000.out", "stderr_file": "Output/Log/configure_solver_2025-04-22-12.14.39/SMAC2:_TestSolver_on_Basic_6h_year-0000.err", "slurm_job_id": "56309947_0", "job_state": null, "start_time_stamp": null, "end_time_stamp": null, "submit_time_stamp": null, "job_restarts": null, "job_qos": null, "job_partition": null, "job_nodes": null}, {"cmd": "python3 /rwthfs/rz/cluster/home/vx475510/miniforge3/envs/sparkle/lib/python3.10/site-packages/sparkle/configurator/configurator_cli.py SMAC2 /rwthfs/rz/cluster/home/vx475510/satellite-operations-planning/sparkle/Output/Configuration/Raw_Data/SMAC2/TestSolver_Basic_6h_year/results/TestSolver_Basic_6h_year_seed_44_smac.txt Output/Performance_Data/performance_data.csv Output/Configuration/Raw_Data/SMAC2/TestSolver_Basic_6h_year/TestSolver_Basic_6h_year_scenario.txt 44 /rwthfs/rz/cluster/home/vx475510/miniforge3/envs/sparkle/lib/python3.10/site-packages/sparkle/Components/smac2-v2.10.03-master-778/smac --scenario-file Output/Configuration/Raw_Data/SMAC2/TestSolver_Basic_6h_year/TestSolver_Basic_6h_year_scenario.txt --seed 44 ", "working_dir": ".", "output_file": "/rwthfs/rz/cluster/home/vx475510/satellite-operations-planning/sparkle/Output/Configuration/Raw_Data/SMAC2/TestSolver_Basic_6h_year/results/TestSolver_Basic_6h_year_seed_44_smac.txt", "stdout_file": "Output/Log/configure_solver_2025-04-22-12.14.39/SMAC2:_TestSolver_on_Basic_6h_year-0001.out", "stderr_file": "Output/Log/configure_solver_2025-04-22-12.14.39/SMAC2:_TestSolver_on_Basic_6h_year-0001.err", "slurm_job_id": "56309947_1", "job_state": null, "start_time_stamp": null, "end_time_stamp": null, "submit_time_stamp": null, "job_restarts": null, "job_qos": null, "job_partition": null, "job_nodes": null}, {"cmd": "python3 /rwthfs/rz/cluster/home/vx475510/miniforge3/envs/sparkle/lib/python3.10/site-packages/sparkle/configurator/configurator_cli.py SMAC2 /rwthfs/rz/cluster/home/vx475510/satellite-operations-planning/sparkle/Output/Configuration/Raw_Data/SMAC2/TestSolver_Basic_6h_year/results/TestSolver_Basic_6h_year_seed_45_smac.txt Output/Performance_Data/performance_data.csv Output/Configuration/Raw_Data/SMAC2/TestSolver_Basic_6h_year/TestSolver_Basic_6h_year_scenario.txt 45 /rwthfs/rz/cluster/home/vx475510/miniforge3/envs/sparkle/lib/python3.10/site-packages/sparkle/Components/smac2-v2.10.03-master-778/smac --scenario-file Output/Configuration/Raw_Data/SMAC2/TestSolver_Basic_6h_year/TestSolver_Basic_6h_year_scenario.txt --seed 45 ", "working_dir": ".", "output_file": "/rwthfs/rz/cluster/home/vx475510/satellite-operations-planning/sparkle/Output/Configuration/Raw_Data/SMAC2/TestSolver_Basic_6h_year/results/TestSolver_Basic_6h_year_seed_45_smac.txt", "stdout_file": "Output/Log/configure_solver_2025-04-22-12.14.39/SMAC2:_TestSolver_on_Basic_6h_year-0002.out", "stderr_file": "Output/Log/configure_solver_2025-04-22-12.14.39/SMAC2:_TestSolver_on_Basic_6h_year-0002.err", "slurm_job_id": "56309947_2", "job_state": null, "start_time_stamp": null, "end_time_stamp": null, "submit_time_stamp": null, "job_restarts": null, "job_qos": null, "job_partition": null, "job_nodes": null}, {"cmd": "python3 /rwthfs/rz/cluster/home/vx475510/miniforge3/envs/sparkle/lib/python3.10/site-packages/sparkle/configurator/configurator_cli.py SMAC2 /rwthfs/rz/cluster/home/vx475510/satellite-operations-planning/sparkle/Output/Configuration/Raw_Data/SMAC2/TestSolver_Basic_6h_year/results/TestSolver_Basic_6h_year_seed_46_smac.txt Output/Performance_Data/performance_data.csv Output/Configuration/Raw_Data/SMAC2/TestSolver_Basic_6h_year/TestSolver_Basic_6h_year_scenario.txt 46 /rwthfs/rz/cluster/home/vx475510/miniforge3/envs/sparkle/lib/python3.10/site-packages/sparkle/Components/smac2-v2.10.03-master-778/smac --scenario-file Output/Configuration/Raw_Data/SMAC2/TestSolver_Basic_6h_year/TestSolver_Basic_6h_year_scenario.txt --seed 46 ", "working_dir": ".", "output_file": "/rwthfs/rz/cluster/home/vx475510/satellite-operations-planning/sparkle/Output/Configuration/Raw_Data/SMAC2/TestSolver_Basic_6h_year/results/TestSolver_Basic_6h_year_seed_46_smac.txt", "stdout_file": "Output/Log/configure_solver_2025-04-22-12.14.39/SMAC2:_TestSolver_on_Basic_6h_year-0003.out", "stderr_file": "Output/Log/configure_solver_2025-04-22-12.14.39/SMAC2:_TestSolver_on_Basic_6h_year-0003.err", "slurm_job_id": "56309947_3", "job_state": null, "start_time_stamp": null, "end_time_stamp": null, "submit_time_stamp": null, "job_restarts": null, "job_qos": null, "job_partition": null, "job_nodes": null}, {"cmd": "python3 /rwthfs/rz/cluster/home/vx475510/miniforge3/envs/sparkle/lib/python3.10/site-packages/sparkle/configurator/configurator_cli.py SMAC2 /rwthfs/rz/cluster/home/vx475510/satellite-operations-planning/sparkle/Output/Configuration/Raw_Data/SMAC2/TestSolver_Basic_6h_year/results/TestSolver_Basic_6h_year_seed_47_smac.txt Output/Performance_Data/performance_data.csv Output/Configuration/Raw_Data/SMAC2/TestSolver_Basic_6h_year/TestSolver_Basic_6h_year_scenario.txt 47 /rwthfs/rz/cluster/home/vx475510/miniforge3/envs/sparkle/lib/python3.10/site-packages/sparkle/Components/smac2-v2.10.03-master-778/smac --scenario-file Output/Configuration/Raw_Data/SMAC2/TestSolver_Basic_6h_year/TestSolver_Basic_6h_year_scenario.txt --seed 47 ", "working_dir": ".", "output_file": "/rwthfs/rz/cluster/home/vx475510/satellite-operations-planning/sparkle/Output/Configuration/Raw_Data/SMAC2/TestSolver_Basic_6h_year/results/TestSolver_Basic_6h_year_seed_47_smac.txt", "stdout_file": "Output/Log/configure_solver_2025-04-22-12.14.39/SMAC2:_TestSolver_on_Basic_6h_year-0004.out", "stderr_file": "Output/Log/configure_solver_2025-04-22-12.14.39/SMAC2:_TestSolver_on_Basic_6h_year-0004.err", "slurm_job_id": "56309947_4", "job_state": null, "start_time_stamp": null, "end_time_stamp": null, "submit_time_stamp": null, "job_restarts": null, "job_qos": null, "job_partition": null, "job_nodes": null}, {"cmd": "python3 /rwthfs/rz/cluster/home/vx475510/miniforge3/envs/sparkle/lib/python3.10/site-packages/sparkle/configurator/configurator_cli.py SMAC2 /rwthfs/rz/cluster/home/vx475510/satellite-operations-planning/sparkle/Output/Configuration/Raw_Data/SMAC2/TestSolver_Basic_6h_year/results/TestSolver_Basic_6h_year_seed_48_smac.txt Output/Performance_Data/performance_data.csv Output/Configuration/Raw_Data/SMAC2/TestSolver_Basic_6h_year/TestSolver_Basic_6h_year_scenario.txt 48 /rwthfs/rz/cluster/home/vx475510/miniforge3/envs/sparkle/lib/python3.10/site-packages/sparkle/Components/smac2-v2.10.03-master-778/smac --scenario-file Output/Configuration/Raw_Data/SMAC2/TestSolver_Basic_6h_year/TestSolver_Basic_6h_year_scenario.txt --seed 48 ", "working_dir": ".", "output_file": "/rwthfs/rz/cluster/home/vx475510/satellite-operations-planning/sparkle/Output/Configuration/Raw_Data/SMAC2/TestSolver_Basic_6h_year/results/TestSolver_Basic_6h_year_seed_48_smac.txt", "stdout_file": "Output/Log/configure_solver_2025-04-22-12.14.39/SMAC2:_TestSolver_on_Basic_6h_year-0005.out", "stderr_file": "Output/Log/configure_solver_2025-04-22-12.14.39/SMAC2:_TestSolver_on_Basic_6h_year-0005.err", "slurm_job_id": "56309947_5", "job_state": null, "start_time_stamp": null, "end_time_stamp": null, "submit_time_stamp": null, "job_restarts": null, "job_qos": null, "job_partition": null, "job_nodes": null}, {"cmd": "python3 /rwthfs/rz/cluster/home/vx475510/miniforge3/envs/sparkle/lib/python3.10/site-packages/sparkle/configurator/configurator_cli.py SMAC2 /rwthfs/rz/cluster/home/vx475510/satellite-operations-planning/sparkle/Output/Configuration/Raw_Data/SMAC2/TestSolver_Basic_6h_year/results/TestSolver_Basic_6h_year_seed_49_smac.txt Output/Performance_Data/performance_data.csv Output/Configuration/Raw_Data/SMAC2/TestSolver_Basic_6h_year/TestSolver_Basic_6h_year_scenario.txt 49 /rwthfs/rz/cluster/home/vx475510/miniforge3/envs/sparkle/lib/python3.10/site-packages/sparkle/Components/smac2-v2.10.03-master-778/smac --scenario-file Output/Configuration/Raw_Data/SMAC2/TestSolver_Basic_6h_year/TestSolver_Basic_6h_year_scenario.txt --seed 49 ", "working_dir": ".", "output_file": "/rwthfs/rz/cluster/home/vx475510/satellite-operations-planning/sparkle/Output/Configuration/Raw_Data/SMAC2/TestSolver_Basic_6h_year/results/TestSolver_Basic_6h_year_seed_49_smac.txt", "stdout_file": "Output/Log/configure_solver_2025-04-22-12.14.39/SMAC2:_TestSolver_on_Basic_6h_year-0006.out", "stderr_file": "Output/Log/configure_solver_2025-04-22-12.14.39/SMAC2:_TestSolver_on_Basic_6h_year-0006.err", "slurm_job_id": "56309947_6", "job_state": null, "start_time_stamp": null, "end_time_stamp": null, "submit_time_stamp": null, "job_restarts": null, "job_qos": null, "job_partition": null, "job_nodes": null}, {"cmd": "python3 /rwthfs/rz/cluster/home/vx475510/miniforge3/envs/sparkle/lib/python3.10/site-packages/sparkle/configurator/configurator_cli.py SMAC2 /rwthfs/rz/cluster/home/vx475510/satellite-operations-planning/sparkle/Output/Configuration/Raw_Data/SMAC2/TestSolver_Basic_6h_year/results/TestSolver_Basic_6h_year_seed_50_smac.txt Output/Performance_Data/performance_data.csv Output/Configuration/Raw_Data/SMAC2/TestSolver_Basic_6h_year/TestSolver_Basic_6h_year_scenario.txt 50 /rwthfs/rz/cluster/home/vx475510/miniforge3/envs/sparkle/lib/python3.10/site-packages/sparkle/Components/smac2-v2.10.03-master-778/smac --scenario-file Output/Configuration/Raw_Data/SMAC2/TestSolver_Basic_6h_year/TestSolver_Basic_6h_year_scenario.txt --seed 50 ", "working_dir": ".", "output_file": "/rwthfs/rz/cluster/home/vx475510/satellite-operations-planning/sparkle/Output/Configuration/Raw_Data/SMAC2/TestSolver_Basic_6h_year/results/TestSolver_Basic_6h_year_seed_50_smac.txt", "stdout_file": "Output/Log/configure_solver_2025-04-22-12.14.39/SMAC2:_TestSolver_on_Basic_6h_year-0007.out", "stderr_file": "Output/Log/configure_solver_2025-04-22-12.14.39/SMAC2:_TestSolver_on_Basic_6h_year-0007.err", "slurm_job_id": "56309947_7", "job_state": null, "start_time_stamp": null, "end_time_stamp": null, "submit_time_stamp": null, "job_restarts": null, "job_qos": null, "job_partition": null, "job_nodes": null}], "parallel_jobs": 25, "submitted": true, "run_id": "56309947", "prepend": "export CONDA_ROOT=$HOME/miniforge3\nsource $CONDA_ROOT/etc/profile.d/conda.sh\nexport PATH=\"$CONDA_ROOT/bin:$PATH\"\nconda activate sparkle"}