{"name": "SMAC2: Validating 20 SCIP Configurations on Europe_3h_single", "base_dir": "Output/Log/configure_solver_2025-04-24-21.02.12", "dependencies": [{"name": "SMAC2: SCIP on Europe_3h_single", "base_dir": "Output/Log/configure_solver_2025-04-24-21.02.12", "dependencies": [], "sbatch_options": ["--qos=normal", "--mem=10000", "--time=6:00", "--partition=c23ms", "--account=thes1934"], "srun_options": [], "jobs": [{"cmd": "python3 /rwthfs/rz/cluster/home/vx475510/miniforge3/envs/sparkle/lib/python3.10/site-packages/sparkle/configurator/configurator_cli.py SMAC2 /rwthfs/rz/cluster/home/vx475510/satellite-operations-planning/sparkle/Output/Configuration/Raw_Data/SMAC2/SCIP_Europe_3h_single/results/SCIP_Europe_3h_single_seed_42_smac.txt Output/Performance_Data/performance_data.csv Output/Configuration/Raw_Data/SMAC2/SCIP_Europe_3h_single/SCIP_Europe_3h_single_scenario.txt 42 /rwthfs/rz/cluster/home/vx475510/miniforge3/envs/sparkle/lib/python3.10/site-packages/sparkle/Components/smac2-v2.10.03-master-778/smac --scenario-file Output/Configuration/Raw_Data/SMAC2/SCIP_Europe_3h_single/SCIP_Europe_3h_single_scenario.txt --seed 42 ", "working_dir": ".", "output_file": "/rwthfs/rz/cluster/home/vx475510/satellite-operations-planning/sparkle/Output/Configuration/Raw_Data/SMAC2/SCIP_Europe_3h_single/results/SCIP_Europe_3h_single_seed_42_smac.txt", "stdout_file": "Output/Log/configure_solver_2025-04-24-21.02.12/SMAC2:_SCIP_on_Europe_3h_single-0000.out", "stderr_file": "Output/Log/configure_solver_2025-04-24-21.02.12/SMAC2:_SCIP_on_Europe_3h_single-0000.err", "slurm_job_id": "56443825_0", "job_state": null, "start_time_stamp": null, "end_time_stamp": null, "submit_time_stamp": null, "job_restarts": null, "job_qos": null, "job_partition": null, "job_nodes": null}, {"cmd": "python3 /rwthfs/rz/cluster/home/vx475510/miniforge3/envs/sparkle/lib/python3.10/site-packages/sparkle/configurator/configurator_cli.py SMAC2 /rwthfs/rz/cluster/home/vx475510/satellite-operations-planning/sparkle/Output/Configuration/Raw_Data/SMAC2/SCIP_Europe_3h_single/results/SCIP_Europe_3h_single_seed_43_smac.txt Output/Performance_Data/performance_data.csv Output/Configuration/Raw_Data/SMAC2/SCIP_Europe_3h_single/SCIP_Europe_3h_single_scenario.txt 43 /rwthfs/rz/cluster/home/vx475510/miniforge3/envs/sparkle/lib/python3.10/site-packages/sparkle/Components/smac2-v2.10.03-master-778/smac --scenario-file Output/Configuration/Raw_Data/SMAC2/SCIP_Europe_3h_single/SCIP_Europe_3h_single_scenario.txt --seed 43 ", "working_dir": ".", "output_file": "/rwthfs/rz/cluster/home/vx475510/satellite-operations-planning/sparkle/Output/Configuration/Raw_Data/SMAC2/SCIP_Europe_3h_single/results/SCIP_Europe_3h_single_seed_43_smac.txt", "stdout_file": "Output/Log/configure_solver_2025-04-24-21.02.12/SMAC2:_SCIP_on_Europe_3h_single-0001.out", "stderr_file": "Output/Log/configure_solver_2025-04-24-21.02.12/SMAC2:_SCIP_on_Europe_3h_single-0001.err", "slurm_job_id": "56443825_1", "job_state": null, "start_time_stamp": null, "end_time_stamp": null, "submit_time_stamp": null, "job_restarts": null, "job_qos": null, "job_partition": null, "job_nodes": null}, {"cmd": "python3 /rwthfs/rz/cluster/home/vx475510/miniforge3/envs/sparkle/lib/python3.10/site-packages/sparkle/configurator/configurator_cli.py SMAC2 /rwthfs/rz/cluster/home/vx475510/satellite-operations-planning/sparkle/Output/Configuration/Raw_Data/SMAC2/SCIP_Europe_3h_single/results/SCIP_Europe_3h_single_seed_44_smac.txt Output/Performance_Data/performance_data.csv Output/Configuration/Raw_Data/SMAC2/SCIP_Europe_3h_single/SCIP_Europe_3h_single_scenario.txt 44 /rwthfs/rz/cluster/home/vx475510/miniforge3/envs/sparkle/lib/python3.10/site-packages/sparkle/Components/smac2-v2.10.03-master-778/smac --scenario-file Output/Configuration/Raw_Data/SMAC2/SCIP_Europe_3h_single/SCIP_Europe_3h_single_scenario.txt --seed 44 ", "working_dir": ".", "output_file": "/rwthfs/rz/cluster/home/vx475510/satellite-operations-planning/sparkle/Output/Configuration/Raw_Data/SMAC2/SCIP_Europe_3h_single/results/SCIP_Europe_3h_single_seed_44_smac.txt", "stdout_file": "Output/Log/configure_solver_2025-04-24-21.02.12/SMAC2:_SCIP_on_Europe_3h_single-0002.out", "stderr_file": "Output/Log/configure_solver_2025-04-24-21.02.12/SMAC2:_SCIP_on_Europe_3h_single-0002.err", "slurm_job_id": "56443825_2", "job_state": null, "start_time_stamp": null, "end_time_stamp": null, "submit_time_stamp": null, "job_restarts": null, "job_qos": null, "job_partition": null, "job_nodes": null}, {"cmd": "python3 /rwthfs/rz/cluster/home/vx475510/miniforge3/envs/sparkle/lib/python3.10/site-packages/sparkle/configurator/configurator_cli.py SMAC2 /rwthfs/rz/cluster/home/vx475510/satellite-operations-planning/sparkle/Output/Configuration/Raw_Data/SMAC2/SCIP_Europe_3h_single/results/SCIP_Europe_3h_single_seed_45_smac.txt Output/Performance_Data/performance_data.csv Output/Configuration/Raw_Data/SMAC2/SCIP_Europe_3h_single/SCIP_Europe_3h_single_scenario.txt 45 /rwthfs/rz/cluster/home/vx475510/miniforge3/envs/sparkle/lib/python3.10/site-packages/sparkle/Components/smac2-v2.10.03-master-778/smac --scenario-file Output/Configuration/Raw_Data/SMAC2/SCIP_Europe_3h_single/SCIP_Europe_3h_single_scenario.txt --seed 45 ", "working_dir": ".", "output_file": "/rwthfs/rz/cluster/home/vx475510/satellite-operations-planning/sparkle/Output/Configuration/Raw_Data/SMAC2/SCIP_Europe_3h_single/results/SCIP_Europe_3h_single_seed_45_smac.txt", "stdout_file": "Output/Log/configure_solver_2025-04-24-21.02.12/SMAC2:_SCIP_on_Europe_3h_single-0003.out", "stderr_file": "Output/Log/configure_solver_2025-04-24-21.02.12/SMAC2:_SCIP_on_Europe_3h_single-0003.err", "slurm_job_id": "56443825_3", "job_state": null, "start_time_stamp": null, "end_time_stamp": null, "submit_time_stamp": null, "job_restarts": null, "job_qos": null, "job_partition": null, "job_nodes": null}, {"cmd": "python3 /rwthfs/rz/cluster/home/vx475510/miniforge3/envs/sparkle/lib/python3.10/site-packages/sparkle/configurator/configurator_cli.py SMAC2 /rwthfs/rz/cluster/home/vx475510/satellite-operations-planning/sparkle/Output/Configuration/Raw_Data/SMAC2/SCIP_Europe_3h_single/results/SCIP_Europe_3h_single_seed_46_smac.txt Output/Performance_Data/performance_data.csv Output/Configuration/Raw_Data/SMAC2/SCIP_Europe_3h_single/SCIP_Europe_3h_single_scenario.txt 46 /rwthfs/rz/cluster/home/vx475510/miniforge3/envs/sparkle/lib/python3.10/site-packages/sparkle/Components/smac2-v2.10.03-master-778/smac --scenario-file Output/Configuration/Raw_Data/SMAC2/SCIP_Europe_3h_single/SCIP_Europe_3h_single_scenario.txt --seed 46 ", "working_dir": ".", "output_file": "/rwthfs/rz/cluster/home/vx475510/satellite-operations-planning/sparkle/Output/Configuration/Raw_Data/SMAC2/SCIP_Europe_3h_single/results/SCIP_Europe_3h_single_seed_46_smac.txt", "stdout_file": "Output/Log/configure_solver_2025-04-24-21.02.12/SMAC2:_SCIP_on_Europe_3h_single-0004.out", "stderr_file": "Output/Log/configure_solver_2025-04-24-21.02.12/SMAC2:_SCIP_on_Europe_3h_single-0004.err", "slurm_job_id": "56443825_4", "job_state": null, "start_time_stamp": null, "end_time_stamp": null, "submit_time_stamp": null, "job_restarts": null, "job_qos": null, "job_partition": null, "job_nodes": null}, {"cmd": "python3 /rwthfs/rz/cluster/home/vx475510/miniforge3/envs/sparkle/lib/python3.10/site-packages/sparkle/configurator/configurator_cli.py SMAC2 /rwthfs/rz/cluster/home/vx475510/satellite-operations-planning/sparkle/Output/Configuration/Raw_Data/SMAC2/SCIP_Europe_3h_single/results/SCIP_Europe_3h_single_seed_47_smac.txt Output/Performance_Data/performance_data.csv Output/Configuration/Raw_Data/SMAC2/SCIP_Europe_3h_single/SCIP_Europe_3h_single_scenario.txt 47 /rwthfs/rz/cluster/home/vx475510/miniforge3/envs/sparkle/lib/python3.10/site-packages/sparkle/Components/smac2-v2.10.03-master-778/smac --scenario-file Output/Configuration/Raw_Data/SMAC2/SCIP_Europe_3h_single/SCIP_Europe_3h_single_scenario.txt --seed 47 ", "working_dir": ".", "output_file": "/rwthfs/rz/cluster/home/vx475510/satellite-operations-planning/sparkle/Output/Configuration/Raw_Data/SMAC2/SCIP_Europe_3h_single/results/SCIP_Europe_3h_single_seed_47_smac.txt", "stdout_file": "Output/Log/configure_solver_2025-04-24-21.02.12/SMAC2:_SCIP_on_Europe_3h_single-0005.out", "stderr_file": "Output/Log/configure_solver_2025-04-24-21.02.12/SMAC2:_SCIP_on_Europe_3h_single-0005.err", "slurm_job_id": "56443825_5", "job_state": null, "start_time_stamp": null, "end_time_stamp": null, "submit_time_stamp": null, "job_restarts": null, "job_qos": null, "job_partition": null, "job_nodes": null}, {"cmd": "python3 /rwthfs/rz/cluster/home/vx475510/miniforge3/envs/sparkle/lib/python3.10/site-packages/sparkle/configurator/configurator_cli.py SMAC2 /rwthfs/rz/cluster/home/vx475510/satellite-operations-planning/sparkle/Output/Configuration/Raw_Data/SMAC2/SCIP_Europe_3h_single/results/SCIP_Europe_3h_single_seed_48_smac.txt Output/Performance_Data/performance_data.csv Output/Configuration/Raw_Data/SMAC2/SCIP_Europe_3h_single/SCIP_Europe_3h_single_scenario.txt 48 /rwthfs/rz/cluster/home/vx475510/miniforge3/envs/sparkle/lib/python3.10/site-packages/sparkle/Components/smac2-v2.10.03-master-778/smac --scenario-file Output/Configuration/Raw_Data/SMAC2/SCIP_Europe_3h_single/SCIP_Europe_3h_single_scenario.txt --seed 48 ", "working_dir": ".", "output_file": "/rwthfs/rz/cluster/home/vx475510/satellite-operations-planning/sparkle/Output/Configuration/Raw_Data/SMAC2/SCIP_Europe_3h_single/results/SCIP_Europe_3h_single_seed_48_smac.txt", "stdout_file": "Output/Log/configure_solver_2025-04-24-21.02.12/SMAC2:_SCIP_on_Europe_3h_single-0006.out", "stderr_file": "Output/Log/configure_solver_2025-04-24-21.02.12/SMAC2:_SCIP_on_Europe_3h_single-0006.err", "slurm_job_id": "56443825_6", "job_state": null, "start_time_stamp": null, "end_time_stamp": null, "submit_time_stamp": null, "job_restarts": null, "job_qos": null, "job_partition": null, "job_nodes": null}, {"cmd": "python3 /rwthfs/rz/cluster/home/vx475510/miniforge3/envs/sparkle/lib/python3.10/site-packages/sparkle/configurator/configurator_cli.py SMAC2 /rwthfs/rz/cluster/home/vx475510/satellite-operations-planning/sparkle/Output/Configuration/Raw_Data/SMAC2/SCIP_Europe_3h_single/results/SCIP_Europe_3h_single_seed_49_smac.txt Output/Performance_Data/performance_data.csv Output/Configuration/Raw_Data/SMAC2/SCIP_Europe_3h_single/SCIP_Europe_3h_single_scenario.txt 49 /rwthfs/rz/cluster/home/vx475510/miniforge3/envs/sparkle/lib/python3.10/site-packages/sparkle/Components/smac2-v2.10.03-master-778/smac --scenario-file Output/Configuration/Raw_Data/SMAC2/SCIP_Europe_3h_single/SCIP_Europe_3h_single_scenario.txt --seed 49 ", "working_dir": ".", "output_file": "/rwthfs/rz/cluster/home/vx475510/satellite-operations-planning/sparkle/Output/Configuration/Raw_Data/SMAC2/SCIP_Europe_3h_single/results/SCIP_Europe_3h_single_seed_49_smac.txt", "stdout_file": "Output/Log/configure_solver_2025-04-24-21.02.12/SMAC2:_SCIP_on_Europe_3h_single-0007.out", "stderr_file": "Output/Log/configure_solver_2025-04-24-21.02.12/SMAC2:_SCIP_on_Europe_3h_single-0007.err", "slurm_job_id": "56443825_7", "job_state": null, "start_time_stamp": null, "end_time_stamp": null, "submit_time_stamp": null, "job_restarts": null, "job_qos": null, "job_partition": null, "job_nodes": null}, {"cmd": "python3 /rwthfs/rz/cluster/home/vx475510/miniforge3/envs/sparkle/lib/python3.10/site-packages/sparkle/configurator/configurator_cli.py SMAC2 /rwthfs/rz/cluster/home/vx475510/satellite-operations-planning/sparkle/Output/Configuration/Raw_Data/SMAC2/SCIP_Europe_3h_single/results/SCIP_Europe_3h_single_seed_50_smac.txt Output/Performance_Data/performance_data.csv Output/Configuration/Raw_Data/SMAC2/SCIP_Europe_3h_single/SCIP_Europe_3h_single_scenario.txt 50 /rwthfs/rz/cluster/home/vx475510/miniforge3/envs/sparkle/lib/python3.10/site-packages/sparkle/Components/smac2-v2.10.03-master-778/smac --scenario-file Output/Configuration/Raw_Data/SMAC2/SCIP_Europe_3h_single/SCIP_Europe_3h_single_scenario.txt --seed 50 ", "working_dir": ".", "output_file": "/rwthfs/rz/cluster/home/vx475510/satellite-operations-planning/sparkle/Output/Configuration/Raw_Data/SMAC2/SCIP_Europe_3h_single/results/SCIP_Europe_3h_single_seed_50_smac.txt", "stdout_file": "Output/Log/configure_solver_2025-04-24-21.02.12/SMAC2:_SCIP_on_Europe_3h_single-0008.out", "stderr_file": "Output/Log/configure_solver_2025-04-24-21.02.12/SMAC2:_SCIP_on_Europe_3h_single-0008.err", "slurm_job_id": "56443825_8", "job_state": null, "start_time_stamp": null, "end_time_stamp": null, "submit_time_stamp": null, "job_restarts": null, "job_qos": null, "job_partition": null, "job_nodes": null}, {"cmd": "python3 /rwthfs/rz/cluster/home/vx475510/miniforge3/envs/sparkle/lib/python3.10/site-packages/sparkle/configurator/configurator_cli.py SMAC2 /rwthfs/rz/cluster/home/vx475510/satellite-operations-planning/sparkle/Output/Configuration/Raw_Data/SMAC2/SCIP_Europe_3h_single/results/SCIP_Europe_3h_single_seed_51_smac.txt Output/Performance_Data/performance_data.csv Output/Configuration/Raw_Data/SMAC2/SCIP_Europe_3h_single/SCIP_Europe_3h_single_scenario.txt 51 /rwthfs/rz/cluster/home/vx475510/miniforge3/envs/sparkle/lib/python3.10/site-packages/sparkle/Components/smac2-v2.10.03-master-778/smac --scenario-file Output/Configuration/Raw_Data/SMAC2/SCIP_Europe_3h_single/SCIP_Europe_3h_single_scenario.txt --seed 51 ", "working_dir": ".", "output_file": "/rwthfs/rz/cluster/home/vx475510/satellite-operations-planning/sparkle/Output/Configuration/Raw_Data/SMAC2/SCIP_Europe_3h_single/results/SCIP_Europe_3h_single_seed_51_smac.txt", "stdout_file": "Output/Log/configure_solver_2025-04-24-21.02.12/SMAC2:_SCIP_on_Europe_3h_single-0009.out", "stderr_file": "Output/Log/configure_solver_2025-04-24-21.02.12/SMAC2:_SCIP_on_Europe_3h_single-0009.err", "slurm_job_id": "56443825_9", "job_state": null, "start_time_stamp": null, "end_time_stamp": null, "submit_time_stamp": null, "job_restarts": null, "job_qos": null, "job_partition": null, "job_nodes": null}, {"cmd": "python3 /rwthfs/rz/cluster/home/vx475510/miniforge3/envs/sparkle/lib/python3.10/site-packages/sparkle/configurator/configurator_cli.py SMAC2 /rwthfs/rz/cluster/home/vx475510/satellite-operations-planning/sparkle/Output/Configuration/Raw_Data/SMAC2/SCIP_Europe_3h_single/results/SCIP_Europe_3h_single_seed_52_smac.txt Output/Performance_Data/performance_data.csv Output/Configuration/Raw_Data/SMAC2/SCIP_Europe_3h_single/SCIP_Europe_3h_single_scenario.txt 52 /rwthfs/rz/cluster/home/vx475510/miniforge3/envs/sparkle/lib/python3.10/site-packages/sparkle/Components/smac2-v2.10.03-master-778/smac --scenario-file Output/Configuration/Raw_Data/SMAC2/SCIP_Europe_3h_single/SCIP_Europe_3h_single_scenario.txt --seed 52 ", "working_dir": ".", "output_file": "/rwthfs/rz/cluster/home/vx475510/satellite-operations-planning/sparkle/Output/Configuration/Raw_Data/SMAC2/SCIP_Europe_3h_single/results/SCIP_Europe_3h_single_seed_52_smac.txt", "stdout_file": "Output/Log/configure_solver_2025-04-24-21.02.12/SMAC2:_SCIP_on_Europe_3h_single-0010.out", "stderr_file": "Output/Log/configure_solver_2025-04-24-21.02.12/SMAC2:_SCIP_on_Europe_3h_single-0010.err", "slurm_job_id": "56443825_10", "job_state": null, "start_time_stamp": null, "end_time_stamp": null, "submit_time_stamp": null, "job_restarts": null, "job_qos": null, "job_partition": null, "job_nodes": null}, {"cmd": "python3 /rwthfs/rz/cluster/home/vx475510/miniforge3/envs/sparkle/lib/python3.10/site-packages/sparkle/configurator/configurator_cli.py SMAC2 /rwthfs/rz/cluster/home/vx475510/satellite-operations-planning/sparkle/Output/Configuration/Raw_Data/SMAC2/SCIP_Europe_3h_single/results/SCIP_Europe_3h_single_seed_53_smac.txt Output/Performance_Data/performance_data.csv Output/Configuration/Raw_Data/SMAC2/SCIP_Europe_3h_single/SCIP_Europe_3h_single_scenario.txt 53 /rwthfs/rz/cluster/home/vx475510/miniforge3/envs/sparkle/lib/python3.10/site-packages/sparkle/Components/smac2-v2.10.03-master-778/smac --scenario-file Output/Configuration/Raw_Data/SMAC2/SCIP_Europe_3h_single/SCIP_Europe_3h_single_scenario.txt --seed 53 ", "working_dir": ".", "output_file": "/rwthfs/rz/cluster/home/vx475510/satellite-operations-planning/sparkle/Output/Configuration/Raw_Data/SMAC2/SCIP_Europe_3h_single/results/SCIP_Europe_3h_single_seed_53_smac.txt", "stdout_file": "Output/Log/configure_solver_2025-04-24-21.02.12/SMAC2:_SCIP_on_Europe_3h_single-0011.out", "stderr_file": "Output/Log/configure_solver_2025-04-24-21.02.12/SMAC2:_SCIP_on_Europe_3h_single-0011.err", "slurm_job_id": "56443825_11", "job_state": null, "start_time_stamp": null, "end_time_stamp": null, "submit_time_stamp": null, "job_restarts": null, "job_qos": null, "job_partition": null, "job_nodes": null}, {"cmd": "python3 /rwthfs/rz/cluster/home/vx475510/miniforge3/envs/sparkle/lib/python3.10/site-packages/sparkle/configurator/configurator_cli.py SMAC2 /rwthfs/rz/cluster/home/vx475510/satellite-operations-planning/sparkle/Output/Configuration/Raw_Data/SMAC2/SCIP_Europe_3h_single/results/SCIP_Europe_3h_single_seed_54_smac.txt Output/Performance_Data/performance_data.csv Output/Configuration/Raw_Data/SMAC2/SCIP_Europe_3h_single/SCIP_Europe_3h_single_scenario.txt 54 /rwthfs/rz/cluster/home/vx475510/miniforge3/envs/sparkle/lib/python3.10/site-packages/sparkle/Components/smac2-v2.10.03-master-778/smac --scenario-file Output/Configuration/Raw_Data/SMAC2/SCIP_Europe_3h_single/SCIP_Europe_3h_single_scenario.txt --seed 54 ", "working_dir": ".", "output_file": "/rwthfs/rz/cluster/home/vx475510/satellite-operations-planning/sparkle/Output/Configuration/Raw_Data/SMAC2/SCIP_Europe_3h_single/results/SCIP_Europe_3h_single_seed_54_smac.txt", "stdout_file": "Output/Log/configure_solver_2025-04-24-21.02.12/SMAC2:_SCIP_on_Europe_3h_single-0012.out", "stderr_file": "Output/Log/configure_solver_2025-04-24-21.02.12/SMAC2:_SCIP_on_Europe_3h_single-0012.err", "slurm_job_id": "56443825_12", "job_state": null, "start_time_stamp": null, "end_time_stamp": null, "submit_time_stamp": null, "job_restarts": null, "job_qos": null, "job_partition": null, "job_nodes": null}, {"cmd": "python3 /rwthfs/rz/cluster/home/vx475510/miniforge3/envs/sparkle/lib/python3.10/site-packages/sparkle/configurator/configurator_cli.py SMAC2 /rwthfs/rz/cluster/home/vx475510/satellite-operations-planning/sparkle/Output/Configuration/Raw_Data/SMAC2/SCIP_Europe_3h_single/results/SCIP_Europe_3h_single_seed_55_smac.txt Output/Performance_Data/performance_data.csv Output/Configuration/Raw_Data/SMAC2/SCIP_Europe_3h_single/SCIP_Europe_3h_single_scenario.txt 55 /rwthfs/rz/cluster/home/vx475510/miniforge3/envs/sparkle/lib/python3.10/site-packages/sparkle/Components/smac2-v2.10.03-master-778/smac --scenario-file Output/Configuration/Raw_Data/SMAC2/SCIP_Europe_3h_single/SCIP_Europe_3h_single_scenario.txt --seed 55 ", "working_dir": ".", "output_file": "/rwthfs/rz/cluster/home/vx475510/satellite-operations-planning/sparkle/Output/Configuration/Raw_Data/SMAC2/SCIP_Europe_3h_single/results/SCIP_Europe_3h_single_seed_55_smac.txt", "stdout_file": "Output/Log/configure_solver_2025-04-24-21.02.12/SMAC2:_SCIP_on_Europe_3h_single-0013.out", "stderr_file": "Output/Log/configure_solver_2025-04-24-21.02.12/SMAC2:_SCIP_on_Europe_3h_single-0013.err", "slurm_job_id": "56443825_13", "job_state": null, "start_time_stamp": null, "end_time_stamp": null, "submit_time_stamp": null, "job_restarts": null, "job_qos": null, "job_partition": null, "job_nodes": null}, {"cmd": "python3 /rwthfs/rz/cluster/home/vx475510/miniforge3/envs/sparkle/lib/python3.10/site-packages/sparkle/configurator/configurator_cli.py SMAC2 /rwthfs/rz/cluster/home/vx475510/satellite-operations-planning/sparkle/Output/Configuration/Raw_Data/SMAC2/SCIP_Europe_3h_single/results/SCIP_Europe_3h_single_seed_56_smac.txt Output/Performance_Data/performance_data.csv Output/Configuration/Raw_Data/SMAC2/SCIP_Europe_3h_single/SCIP_Europe_3h_single_scenario.txt 56 /rwthfs/rz/cluster/home/vx475510/miniforge3/envs/sparkle/lib/python3.10/site-packages/sparkle/Components/smac2-v2.10.03-master-778/smac --scenario-file Output/Configuration/Raw_Data/SMAC2/SCIP_Europe_3h_single/SCIP_Europe_3h_single_scenario.txt --seed 56 ", "working_dir": ".", "output_file": "/rwthfs/rz/cluster/home/vx475510/satellite-operations-planning/sparkle/Output/Configuration/Raw_Data/SMAC2/SCIP_Europe_3h_single/results/SCIP_Europe_3h_single_seed_56_smac.txt", "stdout_file": "Output/Log/configure_solver_2025-04-24-21.02.12/SMAC2:_SCIP_on_Europe_3h_single-0014.out", "stderr_file": "Output/Log/configure_solver_2025-04-24-21.02.12/SMAC2:_SCIP_on_Europe_3h_single-0014.err", "slurm_job_id": "56443825_14", "job_state": null, "start_time_stamp": null, "end_time_stamp": null, "submit_time_stamp": null, "job_restarts": null, "job_qos": null, "job_partition": null, "job_nodes": null}, {"cmd": "python3 /rwthfs/rz/cluster/home/vx475510/miniforge3/envs/sparkle/lib/python3.10/site-packages/sparkle/configurator/configurator_cli.py SMAC2 /rwthfs/rz/cluster/home/vx475510/satellite-operations-planning/sparkle/Output/Configuration/Raw_Data/SMAC2/SCIP_Europe_3h_single/results/SCIP_Europe_3h_single_seed_57_smac.txt Output/Performance_Data/performance_data.csv Output/Configuration/Raw_Data/SMAC2/SCIP_Europe_3h_single/SCIP_Europe_3h_single_scenario.txt 57 /rwthfs/rz/cluster/home/vx475510/miniforge3/envs/sparkle/lib/python3.10/site-packages/sparkle/Components/smac2-v2.10.03-master-778/smac --scenario-file Output/Configuration/Raw_Data/SMAC2/SCIP_Europe_3h_single/SCIP_Europe_3h_single_scenario.txt --seed 57 ", "working_dir": ".", "output_file": "/rwthfs/rz/cluster/home/vx475510/satellite-operations-planning/sparkle/Output/Configuration/Raw_Data/SMAC2/SCIP_Europe_3h_single/results/SCIP_Europe_3h_single_seed_57_smac.txt", "stdout_file": "Output/Log/configure_solver_2025-04-24-21.02.12/SMAC2:_SCIP_on_Europe_3h_single-0015.out", "stderr_file": "Output/Log/configure_solver_2025-04-24-21.02.12/SMAC2:_SCIP_on_Europe_3h_single-0015.err", "slurm_job_id": "56443825_15", "job_state": null, "start_time_stamp": null, "end_time_stamp": null, "submit_time_stamp": null, "job_restarts": null, "job_qos": null, "job_partition": null, "job_nodes": null}, {"cmd": "python3 /rwthfs/rz/cluster/home/vx475510/miniforge3/envs/sparkle/lib/python3.10/site-packages/sparkle/configurator/configurator_cli.py SMAC2 /rwthfs/rz/cluster/home/vx475510/satellite-operations-planning/sparkle/Output/Configuration/Raw_Data/SMAC2/SCIP_Europe_3h_single/results/SCIP_Europe_3h_single_seed_58_smac.txt Output/Performance_Data/performance_data.csv Output/Configuration/Raw_Data/SMAC2/SCIP_Europe_3h_single/SCIP_Europe_3h_single_scenario.txt 58 /rwthfs/rz/cluster/home/vx475510/miniforge3/envs/sparkle/lib/python3.10/site-packages/sparkle/Components/smac2-v2.10.03-master-778/smac --scenario-file Output/Configuration/Raw_Data/SMAC2/SCIP_Europe_3h_single/SCIP_Europe_3h_single_scenario.txt --seed 58 ", "working_dir": ".", "output_file": "/rwthfs/rz/cluster/home/vx475510/satellite-operations-planning/sparkle/Output/Configuration/Raw_Data/SMAC2/SCIP_Europe_3h_single/results/SCIP_Europe_3h_single_seed_58_smac.txt", "stdout_file": "Output/Log/configure_solver_2025-04-24-21.02.12/SMAC2:_SCIP_on_Europe_3h_single-0016.out", "stderr_file": "Output/Log/configure_solver_2025-04-24-21.02.12/SMAC2:_SCIP_on_Europe_3h_single-0016.err", "slurm_job_id": "56443825_16", "job_state": null, "start_time_stamp": null, "end_time_stamp": null, "submit_time_stamp": null, "job_restarts": null, "job_qos": null, "job_partition": null, "job_nodes": null}, {"cmd": "python3 /rwthfs/rz/cluster/home/vx475510/miniforge3/envs/sparkle/lib/python3.10/site-packages/sparkle/configurator/configurator_cli.py SMAC2 /rwthfs/rz/cluster/home/vx475510/satellite-operations-planning/sparkle/Output/Configuration/Raw_Data/SMAC2/SCIP_Europe_3h_single/results/SCIP_Europe_3h_single_seed_59_smac.txt Output/Performance_Data/performance_data.csv Output/Configuration/Raw_Data/SMAC2/SCIP_Europe_3h_single/SCIP_Europe_3h_single_scenario.txt 59 /rwthfs/rz/cluster/home/vx475510/miniforge3/envs/sparkle/lib/python3.10/site-packages/sparkle/Components/smac2-v2.10.03-master-778/smac --scenario-file Output/Configuration/Raw_Data/SMAC2/SCIP_Europe_3h_single/SCIP_Europe_3h_single_scenario.txt --seed 59 ", "working_dir": ".", "output_file": "/rwthfs/rz/cluster/home/vx475510/satellite-operations-planning/sparkle/Output/Configuration/Raw_Data/SMAC2/SCIP_Europe_3h_single/results/SCIP_Europe_3h_single_seed_59_smac.txt", "stdout_file": "Output/Log/configure_solver_2025-04-24-21.02.12/SMAC2:_SCIP_on_Europe_3h_single-0017.out", "stderr_file": "Output/Log/configure_solver_2025-04-24-21.02.12/SMAC2:_SCIP_on_Europe_3h_single-0017.err", "slurm_job_id": "56443825_17", "job_state": null, "start_time_stamp": null, "end_time_stamp": null, "submit_time_stamp": null, "job_restarts": null, "job_qos": null, "job_partition": null, "job_nodes": null}, {"cmd": "python3 /rwthfs/rz/cluster/home/vx475510/miniforge3/envs/sparkle/lib/python3.10/site-packages/sparkle/configurator/configurator_cli.py SMAC2 /rwthfs/rz/cluster/home/vx475510/satellite-operations-planning/sparkle/Output/Configuration/Raw_Data/SMAC2/SCIP_Europe_3h_single/results/SCIP_Europe_3h_single_seed_60_smac.txt Output/Performance_Data/performance_data.csv Output/Configuration/Raw_Data/SMAC2/SCIP_Europe_3h_single/SCIP_Europe_3h_single_scenario.txt 60 /rwthfs/rz/cluster/home/vx475510/miniforge3/envs/sparkle/lib/python3.10/site-packages/sparkle/Components/smac2-v2.10.03-master-778/smac --scenario-file Output/Configuration/Raw_Data/SMAC2/SCIP_Europe_3h_single/SCIP_Europe_3h_single_scenario.txt --seed 60 ", "working_dir": ".", "output_file": "/rwthfs/rz/cluster/home/vx475510/satellite-operations-planning/sparkle/Output/Configuration/Raw_Data/SMAC2/SCIP_Europe_3h_single/results/SCIP_Europe_3h_single_seed_60_smac.txt", "stdout_file": "Output/Log/configure_solver_2025-04-24-21.02.12/SMAC2:_SCIP_on_Europe_3h_single-0018.out", "stderr_file": "Output/Log/configure_solver_2025-04-24-21.02.12/SMAC2:_SCIP_on_Europe_3h_single-0018.err", "slurm_job_id": "56443825_18", "job_state": null, "start_time_stamp": null, "end_time_stamp": null, "submit_time_stamp": null, "job_restarts": null, "job_qos": null, "job_partition": null, "job_nodes": null}, {"cmd": "python3 /rwthfs/rz/cluster/home/vx475510/miniforge3/envs/sparkle/lib/python3.10/site-packages/sparkle/configurator/configurator_cli.py SMAC2 /rwthfs/rz/cluster/home/vx475510/satellite-operations-planning/sparkle/Output/Configuration/Raw_Data/SMAC2/SCIP_Europe_3h_single/results/SCIP_Europe_3h_single_seed_61_smac.txt Output/Performance_Data/performance_data.csv Output/Configuration/Raw_Data/SMAC2/SCIP_Europe_3h_single/SCIP_Europe_3h_single_scenario.txt 61 /rwthfs/rz/cluster/home/vx475510/miniforge3/envs/sparkle/lib/python3.10/site-packages/sparkle/Components/smac2-v2.10.03-master-778/smac --scenario-file Output/Configuration/Raw_Data/SMAC2/SCIP_Europe_3h_single/SCIP_Europe_3h_single_scenario.txt --seed 61 ", "working_dir": ".", "output_file": "/rwthfs/rz/cluster/home/vx475510/satellite-operations-planning/sparkle/Output/Configuration/Raw_Data/SMAC2/SCIP_Europe_3h_single/results/SCIP_Europe_3h_single_seed_61_smac.txt", "stdout_file": "Output/Log/configure_solver_2025-04-24-21.02.12/SMAC2:_SCIP_on_Europe_3h_single-0019.out", "stderr_file": "Output/Log/configure_solver_2025-04-24-21.02.12/SMAC2:_SCIP_on_Europe_3h_single-0019.err", "slurm_job_id": "56443825_19", "job_state": null, "start_time_stamp": null, "end_time_stamp": null, "submit_time_stamp": null, "job_restarts": null, "job_qos": null, "job_partition": null, "job_nodes": null}], "parallel_jobs": 25, "submitted": true, "run_id": "56443825", "prepend": "export CONDA_ROOT=$HOME/miniforge3\nsource $CONDA_ROOT/etc/profile.d/conda.sh\nexport PATH=\"$CONDA_ROOT/bin:$PATH\"\nconda activate sparkle"}], "sbatch_options": ["--qos=normal", "--mem=10000", "--time=6:00", "--partition=c23ms", "--account=thes1934"], "srun_options": [], "jobs": [{"cmd": "python3 /rwthfs/rz/cluster/home/vx475510/miniforge3/envs/sparkle/lib/python3.10/site-packages/sparkle/solver/solver_cli.py --solver Solvers/SCIP --instance Instances/Europe_3h_single/problem_instance_europe_jan_3h.json --run-index 42 --performance-dataframe Output/Performance_Data/performance_data.csv --cutoff-time 60 --log-dir Output/Configuration/Raw_Data/SMAC2/SCIP_Europe_3h_single/validation   ", "working_dir": ".", "output_file": null, "stdout_file": "Output/Log/configure_solver_2025-04-24-21.02.12/SMAC2:_Validating_20_SCIP_Configurations_on_Europe_3h_single-0000.out", "stderr_file": "Output/Log/configure_solver_2025-04-24-21.02.12/SMAC2:_Validating_20_SCIP_Configurations_on_Europe_3h_single-0000.err", "slurm_job_id": "56443826_0", "job_state": null, "start_time_stamp": null, "end_time_stamp": null, "submit_time_stamp": null, "job_restarts": null, "job_qos": null, "job_partition": null, "job_nodes": null}, {"cmd": "python3 /rwthfs/rz/cluster/home/vx475510/miniforge3/envs/sparkle/lib/python3.10/site-packages/sparkle/solver/solver_cli.py --solver Solvers/SCIP --instance Instances/Europe_3h_single/problem_instance_europe_jan_3h.json --run-index 43 --performance-dataframe Output/Performance_Data/performance_data.csv --cutoff-time 60 --log-dir Output/Configuration/Raw_Data/SMAC2/SCIP_Europe_3h_single/validation   ", "working_dir": ".", "output_file": null, "stdout_file": "Output/Log/configure_solver_2025-04-24-21.02.12/SMAC2:_Validating_20_SCIP_Configurations_on_Europe_3h_single-0001.out", "stderr_file": "Output/Log/configure_solver_2025-04-24-21.02.12/SMAC2:_Validating_20_SCIP_Configurations_on_Europe_3h_single-0001.err", "slurm_job_id": "56443826_1", "job_state": null, "start_time_stamp": null, "end_time_stamp": null, "submit_time_stamp": null, "job_restarts": null, "job_qos": null, "job_partition": null, "job_nodes": null}, {"cmd": "python3 /rwthfs/rz/cluster/home/vx475510/miniforge3/envs/sparkle/lib/python3.10/site-packages/sparkle/solver/solver_cli.py --solver Solvers/SCIP --instance Instances/Europe_3h_single/problem_instance_europe_jan_3h.json --run-index 44 --performance-dataframe Output/Performance_Data/performance_data.csv --cutoff-time 60 --log-dir Output/Configuration/Raw_Data/SMAC2/SCIP_Europe_3h_single/validation   ", "working_dir": ".", "output_file": null, "stdout_file": "Output/Log/configure_solver_2025-04-24-21.02.12/SMAC2:_Validating_20_SCIP_Configurations_on_Europe_3h_single-0002.out", "stderr_file": "Output/Log/configure_solver_2025-04-24-21.02.12/SMAC2:_Validating_20_SCIP_Configurations_on_Europe_3h_single-0002.err", "slurm_job_id": "56443826_2", "job_state": null, "start_time_stamp": null, "end_time_stamp": null, "submit_time_stamp": null, "job_restarts": null, "job_qos": null, "job_partition": null, "job_nodes": null}, {"cmd": "python3 /rwthfs/rz/cluster/home/vx475510/miniforge3/envs/sparkle/lib/python3.10/site-packages/sparkle/solver/solver_cli.py --solver Solvers/SCIP --instance Instances/Europe_3h_single/problem_instance_europe_jan_3h.json --run-index 45 --performance-dataframe Output/Performance_Data/performance_data.csv --cutoff-time 60 --log-dir Output/Configuration/Raw_Data/SMAC2/SCIP_Europe_3h_single/validation   ", "working_dir": ".", "output_file": null, "stdout_file": "Output/Log/configure_solver_2025-04-24-21.02.12/SMAC2:_Validating_20_SCIP_Configurations_on_Europe_3h_single-0003.out", "stderr_file": "Output/Log/configure_solver_2025-04-24-21.02.12/SMAC2:_Validating_20_SCIP_Configurations_on_Europe_3h_single-0003.err", "slurm_job_id": "56443826_3", "job_state": null, "start_time_stamp": null, "end_time_stamp": null, "submit_time_stamp": null, "job_restarts": null, "job_qos": null, "job_partition": null, "job_nodes": null}, {"cmd": "python3 /rwthfs/rz/cluster/home/vx475510/miniforge3/envs/sparkle/lib/python3.10/site-packages/sparkle/solver/solver_cli.py --solver Solvers/SCIP --instance Instances/Europe_3h_single/problem_instance_europe_jan_3h.json --run-index 46 --performance-dataframe Output/Performance_Data/performance_data.csv --cutoff-time 60 --log-dir Output/Configuration/Raw_Data/SMAC2/SCIP_Europe_3h_single/validation   ", "working_dir": ".", "output_file": null, "stdout_file": "Output/Log/configure_solver_2025-04-24-21.02.12/SMAC2:_Validating_20_SCIP_Configurations_on_Europe_3h_single-0004.out", "stderr_file": "Output/Log/configure_solver_2025-04-24-21.02.12/SMAC2:_Validating_20_SCIP_Configurations_on_Europe_3h_single-0004.err", "slurm_job_id": "56443826_4", "job_state": null, "start_time_stamp": null, "end_time_stamp": null, "submit_time_stamp": null, "job_restarts": null, "job_qos": null, "job_partition": null, "job_nodes": null}, {"cmd": "python3 /rwthfs/rz/cluster/home/vx475510/miniforge3/envs/sparkle/lib/python3.10/site-packages/sparkle/solver/solver_cli.py --solver Solvers/SCIP --instance Instances/Europe_3h_single/problem_instance_europe_jan_3h.json --run-index 47 --performance-dataframe Output/Performance_Data/performance_data.csv --cutoff-time 60 --log-dir Output/Configuration/Raw_Data/SMAC2/SCIP_Europe_3h_single/validation   ", "working_dir": ".", "output_file": null, "stdout_file": "Output/Log/configure_solver_2025-04-24-21.02.12/SMAC2:_Validating_20_SCIP_Configurations_on_Europe_3h_single-0005.out", "stderr_file": "Output/Log/configure_solver_2025-04-24-21.02.12/SMAC2:_Validating_20_SCIP_Configurations_on_Europe_3h_single-0005.err", "slurm_job_id": "56443826_5", "job_state": null, "start_time_stamp": null, "end_time_stamp": null, "submit_time_stamp": null, "job_restarts": null, "job_qos": null, "job_partition": null, "job_nodes": null}, {"cmd": "python3 /rwthfs/rz/cluster/home/vx475510/miniforge3/envs/sparkle/lib/python3.10/site-packages/sparkle/solver/solver_cli.py --solver Solvers/SCIP --instance Instances/Europe_3h_single/problem_instance_europe_jan_3h.json --run-index 48 --performance-dataframe Output/Performance_Data/performance_data.csv --cutoff-time 60 --log-dir Output/Configuration/Raw_Data/SMAC2/SCIP_Europe_3h_single/validation   ", "working_dir": ".", "output_file": null, "stdout_file": "Output/Log/configure_solver_2025-04-24-21.02.12/SMAC2:_Validating_20_SCIP_Configurations_on_Europe_3h_single-0006.out", "stderr_file": "Output/Log/configure_solver_2025-04-24-21.02.12/SMAC2:_Validating_20_SCIP_Configurations_on_Europe_3h_single-0006.err", "slurm_job_id": "56443826_6", "job_state": null, "start_time_stamp": null, "end_time_stamp": null, "submit_time_stamp": null, "job_restarts": null, "job_qos": null, "job_partition": null, "job_nodes": null}, {"cmd": "python3 /rwthfs/rz/cluster/home/vx475510/miniforge3/envs/sparkle/lib/python3.10/site-packages/sparkle/solver/solver_cli.py --solver Solvers/SCIP --instance Instances/Europe_3h_single/problem_instance_europe_jan_3h.json --run-index 49 --performance-dataframe Output/Performance_Data/performance_data.csv --cutoff-time 60 --log-dir Output/Configuration/Raw_Data/SMAC2/SCIP_Europe_3h_single/validation   ", "working_dir": ".", "output_file": null, "stdout_file": "Output/Log/configure_solver_2025-04-24-21.02.12/SMAC2:_Validating_20_SCIP_Configurations_on_Europe_3h_single-0007.out", "stderr_file": "Output/Log/configure_solver_2025-04-24-21.02.12/SMAC2:_Validating_20_SCIP_Configurations_on_Europe_3h_single-0007.err", "slurm_job_id": "56443826_7", "job_state": null, "start_time_stamp": null, "end_time_stamp": null, "submit_time_stamp": null, "job_restarts": null, "job_qos": null, "job_partition": null, "job_nodes": null}, {"cmd": "python3 /rwthfs/rz/cluster/home/vx475510/miniforge3/envs/sparkle/lib/python3.10/site-packages/sparkle/solver/solver_cli.py --solver Solvers/SCIP --instance Instances/Europe_3h_single/problem_instance_europe_jan_3h.json --run-index 50 --performance-dataframe Output/Performance_Data/performance_data.csv --cutoff-time 60 --log-dir Output/Configuration/Raw_Data/SMAC2/SCIP_Europe_3h_single/validation   ", "working_dir": ".", "output_file": null, "stdout_file": "Output/Log/configure_solver_2025-04-24-21.02.12/SMAC2:_Validating_20_SCIP_Configurations_on_Europe_3h_single-0008.out", "stderr_file": "Output/Log/configure_solver_2025-04-24-21.02.12/SMAC2:_Validating_20_SCIP_Configurations_on_Europe_3h_single-0008.err", "slurm_job_id": "56443826_8", "job_state": null, "start_time_stamp": null, "end_time_stamp": null, "submit_time_stamp": null, "job_restarts": null, "job_qos": null, "job_partition": null, "job_nodes": null}, {"cmd": "python3 /rwthfs/rz/cluster/home/vx475510/miniforge3/envs/sparkle/lib/python3.10/site-packages/sparkle/solver/solver_cli.py --solver Solvers/SCIP --instance Instances/Europe_3h_single/problem_instance_europe_jan_3h.json --run-index 51 --performance-dataframe Output/Performance_Data/performance_data.csv --cutoff-time 60 --log-dir Output/Configuration/Raw_Data/SMAC2/SCIP_Europe_3h_single/validation   ", "working_dir": ".", "output_file": null, "stdout_file": "Output/Log/configure_solver_2025-04-24-21.02.12/SMAC2:_Validating_20_SCIP_Configurations_on_Europe_3h_single-0009.out", "stderr_file": "Output/Log/configure_solver_2025-04-24-21.02.12/SMAC2:_Validating_20_SCIP_Configurations_on_Europe_3h_single-0009.err", "slurm_job_id": "56443826_9", "job_state": null, "start_time_stamp": null, "end_time_stamp": null, "submit_time_stamp": null, "job_restarts": null, "job_qos": null, "job_partition": null, "job_nodes": null}, {"cmd": "python3 /rwthfs/rz/cluster/home/vx475510/miniforge3/envs/sparkle/lib/python3.10/site-packages/sparkle/solver/solver_cli.py --solver Solvers/SCIP --instance Instances/Europe_3h_single/problem_instance_europe_jan_3h.json --run-index 52 --performance-dataframe Output/Performance_Data/performance_data.csv --cutoff-time 60 --log-dir Output/Configuration/Raw_Data/SMAC2/SCIP_Europe_3h_single/validation   ", "working_dir": ".", "output_file": null, "stdout_file": "Output/Log/configure_solver_2025-04-24-21.02.12/SMAC2:_Validating_20_SCIP_Configurations_on_Europe_3h_single-0010.out", "stderr_file": "Output/Log/configure_solver_2025-04-24-21.02.12/SMAC2:_Validating_20_SCIP_Configurations_on_Europe_3h_single-0010.err", "slurm_job_id": "56443826_10", "job_state": null, "start_time_stamp": null, "end_time_stamp": null, "submit_time_stamp": null, "job_restarts": null, "job_qos": null, "job_partition": null, "job_nodes": null}, {"cmd": "python3 /rwthfs/rz/cluster/home/vx475510/miniforge3/envs/sparkle/lib/python3.10/site-packages/sparkle/solver/solver_cli.py --solver Solvers/SCIP --instance Instances/Europe_3h_single/problem_instance_europe_jan_3h.json --run-index 53 --performance-dataframe Output/Performance_Data/performance_data.csv --cutoff-time 60 --log-dir Output/Configuration/Raw_Data/SMAC2/SCIP_Europe_3h_single/validation   ", "working_dir": ".", "output_file": null, "stdout_file": "Output/Log/configure_solver_2025-04-24-21.02.12/SMAC2:_Validating_20_SCIP_Configurations_on_Europe_3h_single-0011.out", "stderr_file": "Output/Log/configure_solver_2025-04-24-21.02.12/SMAC2:_Validating_20_SCIP_Configurations_on_Europe_3h_single-0011.err", "slurm_job_id": "56443826_11", "job_state": null, "start_time_stamp": null, "end_time_stamp": null, "submit_time_stamp": null, "job_restarts": null, "job_qos": null, "job_partition": null, "job_nodes": null}, {"cmd": "python3 /rwthfs/rz/cluster/home/vx475510/miniforge3/envs/sparkle/lib/python3.10/site-packages/sparkle/solver/solver_cli.py --solver Solvers/SCIP --instance Instances/Europe_3h_single/problem_instance_europe_jan_3h.json --run-index 54 --performance-dataframe Output/Performance_Data/performance_data.csv --cutoff-time 60 --log-dir Output/Configuration/Raw_Data/SMAC2/SCIP_Europe_3h_single/validation   ", "working_dir": ".", "output_file": null, "stdout_file": "Output/Log/configure_solver_2025-04-24-21.02.12/SMAC2:_Validating_20_SCIP_Configurations_on_Europe_3h_single-0012.out", "stderr_file": "Output/Log/configure_solver_2025-04-24-21.02.12/SMAC2:_Validating_20_SCIP_Configurations_on_Europe_3h_single-0012.err", "slurm_job_id": "56443826_12", "job_state": null, "start_time_stamp": null, "end_time_stamp": null, "submit_time_stamp": null, "job_restarts": null, "job_qos": null, "job_partition": null, "job_nodes": null}, {"cmd": "python3 /rwthfs/rz/cluster/home/vx475510/miniforge3/envs/sparkle/lib/python3.10/site-packages/sparkle/solver/solver_cli.py --solver Solvers/SCIP --instance Instances/Europe_3h_single/problem_instance_europe_jan_3h.json --run-index 55 --performance-dataframe Output/Performance_Data/performance_data.csv --cutoff-time 60 --log-dir Output/Configuration/Raw_Data/SMAC2/SCIP_Europe_3h_single/validation   ", "working_dir": ".", "output_file": null, "stdout_file": "Output/Log/configure_solver_2025-04-24-21.02.12/SMAC2:_Validating_20_SCIP_Configurations_on_Europe_3h_single-0013.out", "stderr_file": "Output/Log/configure_solver_2025-04-24-21.02.12/SMAC2:_Validating_20_SCIP_Configurations_on_Europe_3h_single-0013.err", "slurm_job_id": "56443826_13", "job_state": null, "start_time_stamp": null, "end_time_stamp": null, "submit_time_stamp": null, "job_restarts": null, "job_qos": null, "job_partition": null, "job_nodes": null}, {"cmd": "python3 /rwthfs/rz/cluster/home/vx475510/miniforge3/envs/sparkle/lib/python3.10/site-packages/sparkle/solver/solver_cli.py --solver Solvers/SCIP --instance Instances/Europe_3h_single/problem_instance_europe_jan_3h.json --run-index 56 --performance-dataframe Output/Performance_Data/performance_data.csv --cutoff-time 60 --log-dir Output/Configuration/Raw_Data/SMAC2/SCIP_Europe_3h_single/validation   ", "working_dir": ".", "output_file": null, "stdout_file": "Output/Log/configure_solver_2025-04-24-21.02.12/SMAC2:_Validating_20_SCIP_Configurations_on_Europe_3h_single-0014.out", "stderr_file": "Output/Log/configure_solver_2025-04-24-21.02.12/SMAC2:_Validating_20_SCIP_Configurations_on_Europe_3h_single-0014.err", "slurm_job_id": "56443826_14", "job_state": null, "start_time_stamp": null, "end_time_stamp": null, "submit_time_stamp": null, "job_restarts": null, "job_qos": null, "job_partition": null, "job_nodes": null}, {"cmd": "python3 /rwthfs/rz/cluster/home/vx475510/miniforge3/envs/sparkle/lib/python3.10/site-packages/sparkle/solver/solver_cli.py --solver Solvers/SCIP --instance Instances/Europe_3h_single/problem_instance_europe_jan_3h.json --run-index 57 --performance-dataframe Output/Performance_Data/performance_data.csv --cutoff-time 60 --log-dir Output/Configuration/Raw_Data/SMAC2/SCIP_Europe_3h_single/validation   ", "working_dir": ".", "output_file": null, "stdout_file": "Output/Log/configure_solver_2025-04-24-21.02.12/SMAC2:_Validating_20_SCIP_Configurations_on_Europe_3h_single-0015.out", "stderr_file": "Output/Log/configure_solver_2025-04-24-21.02.12/SMAC2:_Validating_20_SCIP_Configurations_on_Europe_3h_single-0015.err", "slurm_job_id": "56443826_15", "job_state": null, "start_time_stamp": null, "end_time_stamp": null, "submit_time_stamp": null, "job_restarts": null, "job_qos": null, "job_partition": null, "job_nodes": null}, {"cmd": "python3 /rwthfs/rz/cluster/home/vx475510/miniforge3/envs/sparkle/lib/python3.10/site-packages/sparkle/solver/solver_cli.py --solver Solvers/SCIP --instance Instances/Europe_3h_single/problem_instance_europe_jan_3h.json --run-index 58 --performance-dataframe Output/Performance_Data/performance_data.csv --cutoff-time 60 --log-dir Output/Configuration/Raw_Data/SMAC2/SCIP_Europe_3h_single/validation   ", "working_dir": ".", "output_file": null, "stdout_file": "Output/Log/configure_solver_2025-04-24-21.02.12/SMAC2:_Validating_20_SCIP_Configurations_on_Europe_3h_single-0016.out", "stderr_file": "Output/Log/configure_solver_2025-04-24-21.02.12/SMAC2:_Validating_20_SCIP_Configurations_on_Europe_3h_single-0016.err", "slurm_job_id": "56443826_16", "job_state": null, "start_time_stamp": null, "end_time_stamp": null, "submit_time_stamp": null, "job_restarts": null, "job_qos": null, "job_partition": null, "job_nodes": null}, {"cmd": "python3 /rwthfs/rz/cluster/home/vx475510/miniforge3/envs/sparkle/lib/python3.10/site-packages/sparkle/solver/solver_cli.py --solver Solvers/SCIP --instance Instances/Europe_3h_single/problem_instance_europe_jan_3h.json --run-index 59 --performance-dataframe Output/Performance_Data/performance_data.csv --cutoff-time 60 --log-dir Output/Configuration/Raw_Data/SMAC2/SCIP_Europe_3h_single/validation   ", "working_dir": ".", "output_file": null, "stdout_file": "Output/Log/configure_solver_2025-04-24-21.02.12/SMAC2:_Validating_20_SCIP_Configurations_on_Europe_3h_single-0017.out", "stderr_file": "Output/Log/configure_solver_2025-04-24-21.02.12/SMAC2:_Validating_20_SCIP_Configurations_on_Europe_3h_single-0017.err", "slurm_job_id": "56443826_17", "job_state": null, "start_time_stamp": null, "end_time_stamp": null, "submit_time_stamp": null, "job_restarts": null, "job_qos": null, "job_partition": null, "job_nodes": null}, {"cmd": "python3 /rwthfs/rz/cluster/home/vx475510/miniforge3/envs/sparkle/lib/python3.10/site-packages/sparkle/solver/solver_cli.py --solver Solvers/SCIP --instance Instances/Europe_3h_single/problem_instance_europe_jan_3h.json --run-index 60 --performance-dataframe Output/Performance_Data/performance_data.csv --cutoff-time 60 --log-dir Output/Configuration/Raw_Data/SMAC2/SCIP_Europe_3h_single/validation   ", "working_dir": ".", "output_file": null, "stdout_file": "Output/Log/configure_solver_2025-04-24-21.02.12/SMAC2:_Validating_20_SCIP_Configurations_on_Europe_3h_single-0018.out", "stderr_file": "Output/Log/configure_solver_2025-04-24-21.02.12/SMAC2:_Validating_20_SCIP_Configurations_on_Europe_3h_single-0018.err", "slurm_job_id": "56443826_18", "job_state": null, "start_time_stamp": null, "end_time_stamp": null, "submit_time_stamp": null, "job_restarts": null, "job_qos": null, "job_partition": null, "job_nodes": null}, {"cmd": "python3 /rwthfs/rz/cluster/home/vx475510/miniforge3/envs/sparkle/lib/python3.10/site-packages/sparkle/solver/solver_cli.py --solver Solvers/SCIP --instance Instances/Europe_3h_single/problem_instance_europe_jan_3h.json --run-index 61 --performance-dataframe Output/Performance_Data/performance_data.csv --cutoff-time 60 --log-dir Output/Configuration/Raw_Data/SMAC2/SCIP_Europe_3h_single/validation   ", "working_dir": ".", "output_file": null, "stdout_file": "Output/Log/configure_solver_2025-04-24-21.02.12/SMAC2:_Validating_20_SCIP_Configurations_on_Europe_3h_single-0019.out", "stderr_file": "Output/Log/configure_solver_2025-04-24-21.02.12/SMAC2:_Validating_20_SCIP_Configurations_on_Europe_3h_single-0019.err", "slurm_job_id": "56443826_19", "job_state": null, "start_time_stamp": null, "end_time_stamp": null, "submit_time_stamp": null, "job_restarts": null, "job_qos": null, "job_partition": null, "job_nodes": null}], "parallel_jobs": 20, "submitted": true, "run_id": "56443826", "prepend": "export CONDA_ROOT=$HOME/miniforge3\nsource $CONDA_ROOT/etc/profile.d/conda.sh\nexport PATH=\"$CONDA_ROOT/bin:$PATH\"\nconda activate sparkle"}