[ {
  "@pi-id" : 2,
  "pi-name" : "Instances/Europe_3h_year/problem_instance_europe_aug_3h.json",
  "pi-instance-specific-info" : "0",
  "pi-features" : { },
  "pi-instance-id(deprecated)" : 1
}, {
  "@pi-id" : 3,
  "pi-name" : "Instances/Europe_3h_year/problem_instance_europe_mar_3h.json",
  "pi-instance-specific-info" : "0",
  "pi-features" : { },
  "pi-instance-id(deprecated)" : 2
}, {
  "@pi-id" : 4,
  "pi-name" : "Instances/Europe_3h_year/problem_instance_europe_feb_3h.json",
  "pi-instance-specific-info" : "0",
  "pi-features" : { },
  "pi-instance-id(deprecated)" : 3
}, {
  "@pi-id" : 5,
  "pi-name" : "Instances/Europe_3h_year/problem_instance_europe_dec_3h.json",
  "pi-instance-specific-info" : "0",
  "pi-features" : { },
  "pi-instance-id(deprecated)" : 4
}, {
  "@pi-id" : 6,
  "pi-name" : "Instances/Europe_3h_year/problem_instance_europe_may_3h.json",
  "pi-instance-specific-info" : "0",
  "pi-features" : { },
  "pi-instance-id(deprecated)" : 5
}, {
  "@pi-id" : 7,
  "pi-name" : "Instances/Europe_3h_year/problem_instance_europe_jun_3h.json",
  "pi-instance-specific-info" : "0",
  "pi-features" : { },
  "pi-instance-id(deprecated)" : 6
}, {
  "@pi-id" : 8,
  "pi-name" : "Instances/Europe_3h_year/problem_instance_europe_jan_3h.json",
  "pi-instance-specific-info" : "0",
  "pi-features" : { },
  "pi-instance-id(deprecated)" : 7
}, {
  "@pi-id" : 9,
  "pi-name" : "Instances/Europe_3h_year/problem_instance_europe_jul_3h.json",
  "pi-instance-specific-info" : "0",
  "pi-features" : { },
  "pi-instance-id(deprecated)" : 8
}, {
  "@pi-id" : 10,
  "pi-name" : "Instances/Europe_3h_year/problem_instance_europe_nov_3h.json",
  "pi-instance-specific-info" : "0",
  "pi-features" : { },
  "pi-instance-id(deprecated)" : 9
}, {
  "@pi-id" : 11,
  "pi-name" : "Instances/Europe_3h_year/problem_instance_europe_oct_3h.json",
  "pi-instance-specific-info" : "0",
  "pi-features" : { },
  "pi-instance-id(deprecated)" : 10
}, {
  "@pi-id" : 12,
  "pi-name" : "Instances/Europe_3h_year/problem_instance_europe_sep_3h.json",
  "pi-instance-specific-info" : "0",
  "pi-features" : { },
  "pi-instance-id(deprecated)" : 11
}, {
  "@pi-id" : 13,
  "pi-name" : "Instances/Europe_3h_year/problem_instance_europe_apr_3h.json",
  "pi-instance-specific-info" : "0",
  "pi-features" : { },
  "pi-instance-id(deprecated)" : 12
} ] {
  "r-rc" : {
    "@rc-id" : 2,
    "rc-algo-exec-config" : {
      "@algo-exec-config-id" : 2,
      "algo-exec" : "/rwthfs/rz/cluster/home/vx475510/miniforge3/envs/sparkle/lib/python3.10/site-packages/sparkle/Components/smac2-v2.10.03-master-778/smac2_target_algorithm.py Solvers/SCIP Output/Configuration/Raw_Data/SMAC2/SCIP_Europe_3h_year/tmp runtime",
      "algo-exec-dir" : "/rwthfs/rz/cluster/home/vx475510/satellite-operations-planning/sparkle",
      "algo-pcs" : {
        "@pcs-id" : 2,
        "pcs-filename" : "/rwthfs/rz/cluster/home/vx475510/satellite-operations-planning/sparkle/Solvers/SCIP/configspace.pcs",
        "pcs-text" : "branching_scorefunc categorical {s, p, q} [p]\nbranching_scorefac real [0.0, 1.0] [0.167]\nbranching_preferbinary categorical {TRUE, FALSE} [FALSE]\nlp_initalgorithm categorical {s, p, d, b, c} [s]\nlp_pricing categorical {l, a, f, q, d} [l]\nheuristics_trivial_freq integer [-1, 10] [0]\nseparating_poolfreq integer [0, 10] [10]\nseparating_gomory_away real [0.0, 0.01] [0.01]\nheuristics_subnlp_presolveemphasis categorical {0, 1, 2, 3} [0]\n",
        "pcs-subspace" : { }
      },
      "algo-cutoff" : 60.0,
      "algo-deterministic" : false,
      "algo-tae-context" : { }
    },
    "rc-cutoff" : 60.0,
    "rc-pisp" : {
      "@pisp-id" : 2,
      "pisp-pi" : {
        "@pi-id" : 11
      },
      "pisp-seed" : 2513988
    },
    "rc-pc" : {
      "@pc-id" : 2,
      "pc-pcs" : {
        "@pcs-id" : 2
      },
      "pc-settings" : {
        "branching_preferbinary" : "FALSE",
        "branching_scorefac" : "0.167",
        "branching_scorefunc" : "p",
        "heuristics_subnlp_presolveemphasis" : "0",
        "heuristics_trivial_freq" : "0",
        "lp_initalgorithm" : "s",
        "lp_pricing" : "l",
        "separating_gomory_away" : "0.01",
        "separating_poolfreq" : "10"
      },
      "pc-active-parameters" : [ "branching_preferbinary", "branching_scorefac", "branching_scorefunc", "heuristics_subnlp_presolveemphasis", "heuristics_trivial_freq", "lp_initalgorithm", "lp_pricing", "separating_gomory_away", "separating_poolfreq" ],
      "pc-forbidden" : false,
      "pc-default" : true
    },
    "rc-sample-idx" : 0
  },
  "r-run-result" : "SAT",
  "r-runtime" : 16.5716,
  "r-run-length" : 0.0,
  "r-quality" : 8.093319,
  "r-result-seed" : 2513988,
  "r-addl-run-data" : "",
  "r-wallclock-time" : 24.513
} {
  "r-rc" : {
    "@rc-id" : 3,
    "rc-algo-exec-config" : {
      "@algo-exec-config-id" : 2
    },
    "rc-cutoff" : 60.0,
    "rc-pisp" : {
      "@pisp-id" : 3,
      "pisp-pi" : {
        "@pi-id" : 3
      },
      "pisp-seed" : 1433489
    },
    "rc-pc" : {
      "@pc-id" : 2
    },
    "rc-sample-idx" : 0
  },
  "r-run-result" : "SAT",
  "r-runtime" : 10.0038,
  "r-run-length" : 0.0,
  "r-quality" : 4.470087,
  "r-result-seed" : 1433489,
  "r-addl-run-data" : "",
  "r-wallclock-time" : 16.328
} {
  "r-rc" : {
    "@rc-id" : 4,
    "rc-algo-exec-config" : {
      "@algo-exec-config-id" : 2
    },
    "rc-cutoff" : 60.0,
    "rc-pisp" : {
      "@pisp-id" : 3
    },
    "rc-pc" : {
      "@pc-id" : 4,
      "pc-pcs" : {
        "@pcs-id" : 2
      },
      "pc-settings" : {
        "branching_preferbinary" : "TRUE",
        "branching_scorefac" : "0.47630078063228865",
        "branching_scorefunc" : "p",
        "heuristics_subnlp_presolveemphasis" : "3",
        "heuristics_trivial_freq" : "0",
        "lp_initalgorithm" : "d",
        "lp_pricing" : "l",
        "separating_gomory_away" : "0.009420548852980047",
        "separating_poolfreq" : "2"
      },
      "pc-active-parameters" : [ "branching_preferbinary", "branching_scorefac", "branching_scorefunc", "heuristics_subnlp_presolveemphasis", "heuristics_trivial_freq", "lp_initalgorithm", "lp_pricing", "separating_gomory_away", "separating_poolfreq" ],
      "pc-forbidden" : false,
      "pc-default" : false
    },
    "rc-sample-idx" : 0
  },
  "r-run-result" : "SAT",
  "r-runtime" : 10.042,
  "r-run-length" : 0.0,
  "r-quality" : 4.513284,
  "r-result-seed" : 1433489,
  "r-addl-run-data" : "",
  "r-wallclock-time" : 16.365
} {
  "r-rc" : {
    "@rc-id" : 5,
    "rc-algo-exec-config" : {
      "@algo-exec-config-id" : 2
    },
    "rc-cutoff" : 60.0,
    "rc-pisp" : {
      "@pisp-id" : 5,
      "pisp-pi" : {
        "@pi-id" : 7
      },
      "pisp-seed" : 4903848
    },
    "rc-pc" : {
      "@pc-id" : 2
    },
    "rc-sample-idx" : 0
  },
  "r-run-result" : "SAT",
  "r-runtime" : 15.6103,
  "r-run-length" : 0.0,
  "r-quality" : 7.873551,
  "r-result-seed" : 4903848,
  "r-addl-run-data" : "",
  "r-wallclock-time" : 22.048
} {
  "r-rc" : {
    "@rc-id" : 6,
    "rc-algo-exec-config" : {
      "@algo-exec-config-id" : 2
    },
    "rc-cutoff" : 60.0,
    "rc-pisp" : {
      "@pisp-id" : 3
    },
    "rc-pc" : {
      "@pc-id" : 6,
      "pc-pcs" : {
        "@pcs-id" : 2
      },
      "pc-settings" : {
        "branching_preferbinary" : "FALSE",
        "branching_scorefac" : "0.47292610870104124",
        "branching_scorefunc" : "p",
        "heuristics_subnlp_presolveemphasis" : "2",
        "heuristics_trivial_freq" : "1",
        "lp_initalgorithm" : "s",
        "lp_pricing" : "f",
        "separating_gomory_away" : "0.009982965787410347",
        "separating_poolfreq" : "6"
      },
      "pc-active-parameters" : [ "branching_preferbinary", "branching_scorefac", "branching_scorefunc", "heuristics_subnlp_presolveemphasis", "heuristics_trivial_freq", "lp_initalgorithm", "lp_pricing", "separating_gomory_away", "separating_poolfreq" ],
      "pc-forbidden" : false,
      "pc-default" : false
    },
    "rc-sample-idx" : 0
  },
  "r-run-result" : "SAT",
  "r-runtime" : 9.94662,
  "r-run-length" : 0.0,
  "r-quality" : 4.4847339999999996,
  "r-result-seed" : 1433489,
  "r-addl-run-data" : "",
  "r-wallclock-time" : 16.243
} {
  "r-rc" : {
    "@rc-id" : 7,
    "rc-algo-exec-config" : {
      "@algo-exec-config-id" : 2
    },
    "rc-cutoff" : 60.0,
    "rc-pisp" : {
      "@pisp-id" : 7,
      "pisp-pi" : {
        "@pi-id" : 2
      },
      "pisp-seed" : 5601068
    },
    "rc-pc" : {
      "@pc-id" : 2
    },
    "rc-sample-idx" : 0
  },
  "r-run-result" : "SAT",
  "r-runtime" : 17.0122,
  "r-run-length" : 0.0,
  "r-quality" : 8.454225,
  "r-result-seed" : 5601068,
  "r-addl-run-data" : "",
  "r-wallclock-time" : 23.616
} {
  "r-rc" : {
    "@rc-id" : 8,
    "rc-algo-exec-config" : {
      "@algo-exec-config-id" : 2
    },
    "rc-cutoff" : 60.0,
    "rc-pisp" : {
      "@pisp-id" : 3
    },
    "rc-pc" : {
      "@pc-id" : 8,
      "pc-pcs" : {
        "@pcs-id" : 2
      },
      "pc-settings" : {
        "branching_preferbinary" : "FALSE",
        "branching_scorefac" : "0.982029471185525",
        "branching_scorefunc" : "s",
        "heuristics_subnlp_presolveemphasis" : "1",
        "heuristics_trivial_freq" : "10",
        "lp_initalgorithm" : "p",
        "lp_pricing" : "l",
        "separating_gomory_away" : "0.0016402141978628716",
        "separating_poolfreq" : "10"
      },
      "pc-active-parameters" : [ "branching_preferbinary", "branching_scorefac", "branching_scorefunc", "heuristics_subnlp_presolveemphasis", "heuristics_trivial_freq", "lp_initalgorithm", "lp_pricing", "separating_gomory_away", "separating_poolfreq" ],
      "pc-forbidden" : false,
      "pc-default" : false
    },
    "rc-sample-idx" : 0
  },
  "r-run-result" : "SAT",
  "r-runtime" : 9.97271,
  "r-run-length" : 0.0,
  "r-quality" : 4.484628,
  "r-result-seed" : 1433489,
  "r-addl-run-data" : "",
  "r-wallclock-time" : 16.247
} {
  "r-rc" : {
    "@rc-id" : 9,
    "rc-algo-exec-config" : {
      "@algo-exec-config-id" : 2
    },
    "rc-cutoff" : 60.0,
    "rc-pisp" : {
      "@pisp-id" : 9,
      "pisp-pi" : {
        "@pi-id" : 4
      },
      "pisp-seed" : 8895253
    },
    "rc-pc" : {
      "@pc-id" : 2
    },
    "rc-sample-idx" : 0
  },
  "r-run-result" : "SAT",
  "r-runtime" : 9.69643,
  "r-run-length" : 0.0,
  "r-quality" : 4.382568,
  "r-result-seed" : 8895253,
  "r-addl-run-data" : "",
  "r-wallclock-time" : 15.968
} {
  "r-rc" : {
    "@rc-id" : 10,
    "rc-algo-exec-config" : {
      "@algo-exec-config-id" : 2
    },
    "rc-cutoff" : 60.0,
    "rc-pisp" : {
      "@pisp-id" : 2
    },
    "rc-pc" : {
      "@pc-id" : 10,
      "pc-pcs" : {
        "@pcs-id" : 2
      },
      "pc-settings" : {
        "branching_preferbinary" : "FALSE",
        "branching_scorefac" : "0.17371697049432533",
        "branching_scorefunc" : "q",
        "heuristics_subnlp_presolveemphasis" : "3",
        "heuristics_trivial_freq" : "8",
        "lp_initalgorithm" : "b",
        "lp_pricing" : "a",
        "separating_gomory_away" : "0.0034038579428676786",
        "separating_poolfreq" : "5"
      },
      "pc-active-parameters" : [ "branching_preferbinary", "branching_scorefac", "branching_scorefunc", "heuristics_subnlp_presolveemphasis", "heuristics_trivial_freq", "lp_initalgorithm", "lp_pricing", "separating_gomory_away", "separating_poolfreq" ],
      "pc-forbidden" : false,
      "pc-default" : false
    },
    "rc-sample-idx" : 0
  },
  "r-run-result" : "SAT",
  "r-runtime" : 16.3478,
  "r-run-length" : 0.0,
  "r-quality" : 8.04578,
  "r-result-seed" : 2513988,
  "r-addl-run-data" : "",
  "r-wallclock-time" : 22.865
} {
  "r-rc" : {
    "@rc-id" : 11,
    "rc-algo-exec-config" : {
      "@algo-exec-config-id" : 2
    },
    "rc-cutoff" : 60.0,
    "rc-pisp" : {
      "@pisp-id" : 7
    },
    "rc-pc" : {
      "@pc-id" : 10
    },
    "rc-sample-idx" : 0
  },
  "r-run-result" : "SAT",
  "r-runtime" : 16.9851,
  "r-run-length" : 0.0,
  "r-quality" : 8.479822,
  "r-result-seed" : 5601068,
  "r-addl-run-data" : "",
  "r-wallclock-time" : 23.449
} {
  "r-rc" : {
    "@rc-id" : 12,
    "rc-algo-exec-config" : {
      "@algo-exec-config-id" : 2
    },
    "rc-cutoff" : 60.0,
    "rc-pisp" : {
      "@pisp-id" : 3
    },
    "rc-pc" : {
      "@pc-id" : 10
    },
    "rc-sample-idx" : 0
  },
  "r-run-result" : "SAT",
  "r-runtime" : 9.95844,
  "r-run-length" : 0.0,
  "r-quality" : 4.470443,
  "r-result-seed" : 1433489,
  "r-addl-run-data" : "",
  "r-wallclock-time" : 16.278
} {
  "r-rc" : {
    "@rc-id" : 13,
    "rc-algo-exec-config" : {
      "@algo-exec-config-id" : 2
    },
    "rc-cutoff" : 60.0,
    "rc-pisp" : {
      "@pisp-id" : 5
    },
    "rc-pc" : {
      "@pc-id" : 10
    },
    "rc-sample-idx" : 0
  },
  "r-run-result" : "SAT",
  "r-runtime" : 15.6241,
  "r-run-length" : 0.0,
  "r-quality" : 7.91132,
  "r-result-seed" : 4903848,
  "r-addl-run-data" : "",
  "r-wallclock-time" : 22.144
} {
  "r-rc" : {
    "@rc-id" : 14,
    "rc-algo-exec-config" : {
      "@algo-exec-config-id" : 2
    },
    "rc-cutoff" : 60.0,
    "rc-pisp" : {
      "@pisp-id" : 9
    },
    "rc-pc" : {
      "@pc-id" : 10
    },
    "rc-sample-idx" : 0
  },
  "r-run-result" : "SAT",
  "r-runtime" : 9.7262,
  "r-run-length" : 0.0,
  "r-quality" : 4.359063,
  "r-result-seed" : 8895253,
  "r-addl-run-data" : "",
  "r-wallclock-time" : 15.956
} {
  "r-rc" : {
    "@rc-id" : 15,
    "rc-algo-exec-config" : {
      "@algo-exec-config-id" : 2
    },
    "rc-cutoff" : 60.0,
    "rc-pisp" : {
      "@pisp-id" : 15,
      "pisp-pi" : {
        "@pi-id" : 8
      },
      "pisp-seed" : 7307554
    },
    "rc-pc" : {
      "@pc-id" : 10
    },
    "rc-sample-idx" : 0
  },
  "r-run-result" : "SAT",
  "r-runtime" : 15.5933,
  "r-run-length" : 0.0,
  "r-quality" : 7.534812,
  "r-result-seed" : 7307554,
  "r-addl-run-data" : "",
  "r-wallclock-time" : 22.045
} {
  "r-rc" : {
    "@rc-id" : 16,
    "rc-algo-exec-config" : {
      "@algo-exec-config-id" : 2
    },
    "rc-cutoff" : 60.0,
    "rc-pisp" : {
      "@pisp-id" : 3
    },
    "rc-pc" : {
      "@pc-id" : 16,
      "pc-pcs" : {
        "@pcs-id" : 2
      },
      "pc-settings" : {
        "branching_preferbinary" : "TRUE",
        "branching_scorefac" : "0.7135643656703856",
        "branching_scorefunc" : "p",
        "heuristics_subnlp_presolveemphasis" : "1",
        "heuristics_trivial_freq" : "7",
        "lp_initalgorithm" : "s",
        "lp_pricing" : "d",
        "separating_gomory_away" : "0.006773460275231988",
        "separating_poolfreq" : "8"
      },
      "pc-active-parameters" : [ "branching_preferbinary", "branching_scorefac", "branching_scorefunc", "heuristics_subnlp_presolveemphasis", "heuristics_trivial_freq", "lp_initalgorithm", "lp_pricing", "separating_gomory_away", "separating_poolfreq" ],
      "pc-forbidden" : false,
      "pc-default" : false
    },
    "rc-sample-idx" : 0
  },
  "r-run-result" : "SAT",
  "r-runtime" : 9.98856,
  "r-run-length" : 0.0,
  "r-quality" : 4.468968,
  "r-result-seed" : 1433489,
  "r-addl-run-data" : "",
  "r-wallclock-time" : 16.245
} {
  "r-rc" : {
    "@rc-id" : 17,
    "rc-algo-exec-config" : {
      "@algo-exec-config-id" : 2
    },
    "rc-cutoff" : 60.0,
    "rc-pisp" : {
      "@pisp-id" : 7
    },
    "rc-pc" : {
      "@pc-id" : 16
    },
    "rc-sample-idx" : 0
  },
  "r-run-result" : "SAT",
  "r-runtime" : 16.8699,
  "r-run-length" : 0.0,
  "r-quality" : 8.37128,
  "r-result-seed" : 5601068,
  "r-addl-run-data" : "",
  "r-wallclock-time" : 23.351
}