[ {
  "@pi-id" : 2,
  "pi-name" : "Instances/Europe_3h_year/problem_instance_europe_aug_3h.json",
  "pi-instance-specific-info" : "0",
  "pi-features" : { },
  "pi-instance-id(deprecated)" : 1
}, {
  "@pi-id" : 3,
  "pi-name" : "Instances/Europe_3h_year/problem_instance_europe_mar_3h.json",
  "pi-instance-specific-info" : "0",
  "pi-features" : { },
  "pi-instance-id(deprecated)" : 2
}, {
  "@pi-id" : 4,
  "pi-name" : "Instances/Europe_3h_year/problem_instance_europe_feb_3h.json",
  "pi-instance-specific-info" : "0",
  "pi-features" : { },
  "pi-instance-id(deprecated)" : 3
}, {
  "@pi-id" : 5,
  "pi-name" : "Instances/Europe_3h_year/problem_instance_europe_dec_3h.json",
  "pi-instance-specific-info" : "0",
  "pi-features" : { },
  "pi-instance-id(deprecated)" : 4
}, {
  "@pi-id" : 6,
  "pi-name" : "Instances/Europe_3h_year/problem_instance_europe_may_3h.json",
  "pi-instance-specific-info" : "0",
  "pi-features" : { },
  "pi-instance-id(deprecated)" : 5
}, {
  "@pi-id" : 7,
  "pi-name" : "Instances/Europe_3h_year/problem_instance_europe_jun_3h.json",
  "pi-instance-specific-info" : "0",
  "pi-features" : { },
  "pi-instance-id(deprecated)" : 6
}, {
  "@pi-id" : 8,
  "pi-name" : "Instances/Europe_3h_year/problem_instance_europe_jan_3h.json",
  "pi-instance-specific-info" : "0",
  "pi-features" : { },
  "pi-instance-id(deprecated)" : 7
}, {
  "@pi-id" : 9,
  "pi-name" : "Instances/Europe_3h_year/problem_instance_europe_jul_3h.json",
  "pi-instance-specific-info" : "0",
  "pi-features" : { },
  "pi-instance-id(deprecated)" : 8
}, {
  "@pi-id" : 10,
  "pi-name" : "Instances/Europe_3h_year/problem_instance_europe_nov_3h.json",
  "pi-instance-specific-info" : "0",
  "pi-features" : { },
  "pi-instance-id(deprecated)" : 9
}, {
  "@pi-id" : 11,
  "pi-name" : "Instances/Europe_3h_year/problem_instance_europe_oct_3h.json",
  "pi-instance-specific-info" : "0",
  "pi-features" : { },
  "pi-instance-id(deprecated)" : 10
}, {
  "@pi-id" : 12,
  "pi-name" : "Instances/Europe_3h_year/problem_instance_europe_sep_3h.json",
  "pi-instance-specific-info" : "0",
  "pi-features" : { },
  "pi-instance-id(deprecated)" : 11
}, {
  "@pi-id" : 13,
  "pi-name" : "Instances/Europe_3h_year/problem_instance_europe_apr_3h.json",
  "pi-instance-specific-info" : "0",
  "pi-features" : { },
  "pi-instance-id(deprecated)" : 12
} ] {
  "r-rc" : {
    "@rc-id" : 2,
    "rc-algo-exec-config" : {
      "@algo-exec-config-id" : 2,
      "algo-exec" : "/rwthfs/rz/cluster/home/vx475510/miniforge3/envs/sparkle/lib/python3.10/site-packages/sparkle/Components/smac2-v2.10.03-master-778/smac2_target_algorithm.py Solvers/SCIP Output/Configuration/Raw_Data/SMAC2/SCIP_Europe_3h_year/tmp runtime",
      "algo-exec-dir" : "/rwthfs/rz/cluster/home/vx475510/satellite-operations-planning/sparkle",
      "algo-pcs" : {
        "@pcs-id" : 2,
        "pcs-filename" : "/rwthfs/rz/cluster/home/vx475510/satellite-operations-planning/sparkle/Solvers/SCIP/configspace.pcs",
        "pcs-text" : "branching_scorefunc categorical {s, p, q} [p]\nbranching_scorefac real [0.0, 1.0] [0.167]\nbranching_preferbinary categorical {TRUE, FALSE} [FALSE]\nlp_initalgorithm categorical {s, p, d, b, c} [s]\nlp_pricing categorical {l, a, f, q, d} [l]\nheuristics_trivial_freq integer [-1, 10] [0]\nseparating_poolfreq integer [0, 10] [10]\nseparating_gomory_away real [0.0, 0.01] [0.01]\nheuristics_subnlp_presolveemphasis categorical {0, 1, 2, 3} [0]\n",
        "pcs-subspace" : { }
      },
      "algo-cutoff" : 60.0,
      "algo-deterministic" : false,
      "algo-tae-context" : { }
    },
    "rc-cutoff" : 60.0,
    "rc-pisp" : {
      "@pisp-id" : 2,
      "pisp-pi" : {
        "@pi-id" : 8
      },
      "pisp-seed" : 6917467
    },
    "rc-pc" : {
      "@pc-id" : 2,
      "pc-pcs" : {
        "@pcs-id" : 2
      },
      "pc-settings" : {
        "branching_preferbinary" : "FALSE",
        "branching_scorefac" : "0.167",
        "branching_scorefunc" : "p",
        "heuristics_subnlp_presolveemphasis" : "0",
        "heuristics_trivial_freq" : "0",
        "lp_initalgorithm" : "s",
        "lp_pricing" : "l",
        "separating_gomory_away" : "0.01",
        "separating_poolfreq" : "10"
      },
      "pc-active-parameters" : [ "branching_preferbinary", "branching_scorefac", "branching_scorefunc", "heuristics_subnlp_presolveemphasis", "heuristics_trivial_freq", "lp_initalgorithm", "lp_pricing", "separating_gomory_away", "separating_poolfreq" ],
      "pc-forbidden" : false,
      "pc-default" : true
    },
    "rc-sample-idx" : 0
  },
  "r-run-result" : "SAT",
  "r-runtime" : 17.7287,
  "r-run-length" : 0.0,
  "r-quality" : 9.046364,
  "r-result-seed" : 6917467,
  "r-addl-run-data" : "",
  "r-wallclock-time" : 27.805
} {
  "r-rc" : {
    "@rc-id" : 3,
    "rc-algo-exec-config" : {
      "@algo-exec-config-id" : 2
    },
    "rc-cutoff" : 60.0,
    "rc-pisp" : {
      "@pisp-id" : 3,
      "pisp-pi" : {
        "@pi-id" : 13
      },
      "pisp-seed" : 13107919
    },
    "rc-pc" : {
      "@pc-id" : 2
    },
    "rc-sample-idx" : 0
  },
  "r-run-result" : "SAT",
  "r-runtime" : 20.9811,
  "r-run-length" : 0.0,
  "r-quality" : 10.858083,
  "r-result-seed" : 13107919,
  "r-addl-run-data" : "",
  "r-wallclock-time" : 27.721
} {
  "r-rc" : {
    "@rc-id" : 4,
    "rc-algo-exec-config" : {
      "@algo-exec-config-id" : 2
    },
    "rc-cutoff" : 60.0,
    "rc-pisp" : {
      "@pisp-id" : 2
    },
    "rc-pc" : {
      "@pc-id" : 4,
      "pc-pcs" : {
        "@pcs-id" : 2
      },
      "pc-settings" : {
        "branching_preferbinary" : "FALSE",
        "branching_scorefac" : "0.6809716901390256",
        "branching_scorefunc" : "p",
        "heuristics_subnlp_presolveemphasis" : "1",
        "heuristics_trivial_freq" : "4",
        "lp_initalgorithm" : "c",
        "lp_pricing" : "q",
        "separating_gomory_away" : "0.002051187743976741",
        "separating_poolfreq" : "10"
      },
      "pc-active-parameters" : [ "branching_preferbinary", "branching_scorefac", "branching_scorefunc", "heuristics_subnlp_presolveemphasis", "heuristics_trivial_freq", "lp_initalgorithm", "lp_pricing", "separating_gomory_away", "separating_poolfreq" ],
      "pc-forbidden" : false,
      "pc-default" : false
    },
    "rc-sample-idx" : 0
  },
  "r-run-result" : "SAT",
  "r-runtime" : 17.5434,
  "r-run-length" : 0.0,
  "r-quality" : 8.836946,
  "r-result-seed" : 6917467,
  "r-addl-run-data" : "",
  "r-wallclock-time" : 24.225
} {
  "r-rc" : {
    "@rc-id" : 5,
    "rc-algo-exec-config" : {
      "@algo-exec-config-id" : 2
    },
    "rc-cutoff" : 60.0,
    "rc-pisp" : {
      "@pisp-id" : 3
    },
    "rc-pc" : {
      "@pc-id" : 4
    },
    "rc-sample-idx" : 0
  },
  "r-run-result" : "SAT",
  "r-runtime" : 20.7934,
  "r-run-length" : 0.0,
  "r-quality" : 10.823081,
  "r-result-seed" : 13107919,
  "r-addl-run-data" : "",
  "r-wallclock-time" : 27.476
} {
  "r-rc" : {
    "@rc-id" : 6,
    "rc-algo-exec-config" : {
      "@algo-exec-config-id" : 2
    },
    "rc-cutoff" : 60.0,
    "rc-pisp" : {
      "@pisp-id" : 6,
      "pisp-pi" : {
        "@pi-id" : 4
      },
      "pisp-seed" : 8069958
    },
    "rc-pc" : {
      "@pc-id" : 4
    },
    "rc-sample-idx" : 0
  },
  "r-run-result" : "SAT",
  "r-runtime" : 10.8359,
  "r-run-length" : 0.0,
  "r-quality" : 4.835796,
  "r-result-seed" : 8069958,
  "r-addl-run-data" : "",
  "r-wallclock-time" : 17.268
} {
  "r-rc" : {
    "@rc-id" : 7,
    "rc-algo-exec-config" : {
      "@algo-exec-config-id" : 2
    },
    "rc-cutoff" : 60.0,
    "rc-pisp" : {
      "@pisp-id" : 6
    },
    "rc-pc" : {
      "@pc-id" : 7,
      "pc-pcs" : {
        "@pcs-id" : 2
      },
      "pc-settings" : {
        "branching_preferbinary" : "FALSE",
        "branching_scorefac" : "0.3358720410603784",
        "branching_scorefunc" : "q",
        "heuristics_subnlp_presolveemphasis" : "3",
        "heuristics_trivial_freq" : "3",
        "lp_initalgorithm" : "s",
        "lp_pricing" : "f",
        "separating_gomory_away" : "0.00795690195260058",
        "separating_poolfreq" : "8"
      },
      "pc-active-parameters" : [ "branching_preferbinary", "branching_scorefac", "branching_scorefunc", "heuristics_subnlp_presolveemphasis", "heuristics_trivial_freq", "lp_initalgorithm", "lp_pricing", "separating_gomory_away", "separating_poolfreq" ],
      "pc-forbidden" : false,
      "pc-default" : false
    },
    "rc-sample-idx" : 0
  },
  "r-run-result" : "SAT",
  "r-runtime" : 10.7691,
  "r-run-length" : 0.0,
  "r-quality" : 4.904646,
  "r-result-seed" : 8069958,
  "r-addl-run-data" : "",
  "r-wallclock-time" : 17.107
} {
  "r-rc" : {
    "@rc-id" : 8,
    "rc-algo-exec-config" : {
      "@algo-exec-config-id" : 2
    },
    "rc-cutoff" : 60.0,
    "rc-pisp" : {
      "@pisp-id" : 8,
      "pisp-pi" : {
        "@pi-id" : 10
      },
      "pisp-seed" : 9438881
    },
    "rc-pc" : {
      "@pc-id" : 4
    },
    "rc-sample-idx" : 0
  },
  "r-run-result" : "SAT",
  "r-runtime" : 20.5399,
  "r-run-length" : 0.0,
  "r-quality" : 10.215214,
  "r-result-seed" : 9438881,
  "r-addl-run-data" : "",
  "r-wallclock-time" : 45.605
} {
  "r-rc" : {
    "@rc-id" : 9,
    "rc-algo-exec-config" : {
      "@algo-exec-config-id" : 2
    },
    "rc-cutoff" : 60.0,
    "rc-pisp" : {
      "@pisp-id" : 8
    },
    "rc-pc" : {
      "@pc-id" : 9,
      "pc-pcs" : {
        "@pcs-id" : 2
      },
      "pc-settings" : {
        "branching_preferbinary" : "FALSE",
        "branching_scorefac" : "0.8766554406073711",
        "branching_scorefunc" : "q",
        "heuristics_subnlp_presolveemphasis" : "3",
        "heuristics_trivial_freq" : "6",
        "lp_initalgorithm" : "b",
        "lp_pricing" : "q",
        "separating_gomory_away" : "9.536531486879852E-4",
        "separating_poolfreq" : "5"
      },
      "pc-active-parameters" : [ "branching_preferbinary", "branching_scorefac", "branching_scorefunc", "heuristics_subnlp_presolveemphasis", "heuristics_trivial_freq", "lp_initalgorithm", "lp_pricing", "separating_gomory_away", "separating_poolfreq" ],
      "pc-forbidden" : false,
      "pc-default" : false
    },
    "rc-sample-idx" : 0
  },
  "r-run-result" : "SAT",
  "r-runtime" : 21.5058,
  "r-run-length" : 0.0,
  "r-quality" : 11.078718,
  "r-result-seed" : 9438881,
  "r-addl-run-data" : "",
  "r-wallclock-time" : 28.2
} {
  "r-rc" : {
    "@rc-id" : 10,
    "rc-algo-exec-config" : {
      "@algo-exec-config-id" : 2
    },
    "rc-cutoff" : 60.0,
    "rc-pisp" : {
      "@pisp-id" : 10,
      "pisp-pi" : {
        "@pi-id" : 7
      },
      "pisp-seed" : 9744436
    },
    "rc-pc" : {
      "@pc-id" : 4
    },
    "rc-sample-idx" : 0
  },
  "r-run-result" : "SAT",
  "r-runtime" : 17.2512,
  "r-run-length" : 0.0,
  "r-quality" : 8.407843,
  "r-result-seed" : 9744436,
  "r-addl-run-data" : "",
  "r-wallclock-time" : 23.816
} {
  "r-rc" : {
    "@rc-id" : 11,
    "rc-algo-exec-config" : {
      "@algo-exec-config-id" : 2
    },
    "rc-cutoff" : 60.0,
    "rc-pisp" : {
      "@pisp-id" : 8
    },
    "rc-pc" : {
      "@pc-id" : 11,
      "pc-pcs" : {
        "@pcs-id" : 2
      },
      "pc-settings" : {
        "branching_preferbinary" : "FALSE",
        "branching_scorefac" : "0.3822475478340428",
        "branching_scorefunc" : "p",
        "heuristics_subnlp_presolveemphasis" : "0",
        "heuristics_trivial_freq" : "9",
        "lp_initalgorithm" : "p",
        "lp_pricing" : "a",
        "separating_gomory_away" : "0.0020451923705654598",
        "separating_poolfreq" : "9"
      },
      "pc-active-parameters" : [ "branching_preferbinary", "branching_scorefac", "branching_scorefunc", "heuristics_subnlp_presolveemphasis", "heuristics_trivial_freq", "lp_initalgorithm", "lp_pricing", "separating_gomory_away", "separating_poolfreq" ],
      "pc-forbidden" : false,
      "pc-default" : false
    },
    "rc-sample-idx" : 0
  },
  "r-run-result" : "SAT",
  "r-runtime" : 21.5627,
  "r-run-length" : 0.0,
  "r-quality" : 11.058119,
  "r-result-seed" : 9438881,
  "r-addl-run-data" : "",
  "r-wallclock-time" : 28.199
} {
  "r-rc" : {
    "@rc-id" : 12,
    "rc-algo-exec-config" : {
      "@algo-exec-config-id" : 2
    },
    "rc-cutoff" : 60.0,
    "rc-pisp" : {
      "@pisp-id" : 12,
      "pisp-pi" : {
        "@pi-id" : 2
      },
      "pisp-seed" : 12455100
    },
    "rc-pc" : {
      "@pc-id" : 4
    },
    "rc-sample-idx" : 0
  },
  "r-run-result" : "SAT",
  "r-runtime" : 19.0794,
  "r-run-length" : 0.0,
  "r-quality" : 9.350953,
  "r-result-seed" : 12455100,
  "r-addl-run-data" : "",
  "r-wallclock-time" : 25.704
} {
  "r-rc" : {
    "@rc-id" : 13,
    "rc-algo-exec-config" : {
      "@algo-exec-config-id" : 2
    },
    "rc-cutoff" : 60.0,
    "rc-pisp" : {
      "@pisp-id" : 8
    },
    "rc-pc" : {
      "@pc-id" : 13,
      "pc-pcs" : {
        "@pcs-id" : 2
      },
      "pc-settings" : {
        "branching_preferbinary" : "FALSE",
        "branching_scorefac" : "0.14486402540879095",
        "branching_scorefunc" : "q",
        "heuristics_subnlp_presolveemphasis" : "0",
        "heuristics_trivial_freq" : "3",
        "lp_initalgorithm" : "s",
        "lp_pricing" : "f",
        "separating_gomory_away" : "0.00559409228405935",
        "separating_poolfreq" : "0"
      },
      "pc-active-parameters" : [ "branching_preferbinary", "branching_scorefac", "branching_scorefunc", "heuristics_subnlp_presolveemphasis", "heuristics_trivial_freq", "lp_initalgorithm", "lp_pricing", "separating_gomory_away", "separating_poolfreq" ],
      "pc-forbidden" : false,
      "pc-default" : false
    },
    "rc-sample-idx" : 0
  },
  "r-run-result" : "SAT",
  "r-runtime" : 20.9174,
  "r-run-length" : 0.0,
  "r-quality" : 10.703212,
  "r-result-seed" : 9438881,
  "r-addl-run-data" : "",
  "r-wallclock-time" : 27.635
}