{"name": "SMAC2: Validating 25 RandomForest Configurations on Iris", "base_dir": "Output/Log/configure_solver_2025-04-01-10.35.19", "dependencies": [{"name": "SMAC2: RandomForest on Iris", "base_dir": "Output/Log/configure_solver_2025-04-01-10.35.19", "dependencies": [], "sbatch_options": ["--qos=normal", "--mem-per-cpu=2541", "--time=3:00", "--partition=c23ms"], "srun_options": [], "jobs": [{"cmd": "python3 /rwthfs/rz/cluster/home/vx475510/miniforge3/envs/sparkle/lib/python3.10/site-packages/sparkle/configurator/configurator_cli.py SMAC2 /rwthfs/rz/cluster/home/vx475510/satellite-operations-planning/sparkle_example/Output/Configuration/Raw_Data/SMAC2/RandomForest_Iris/results/RandomForest_Iris_seed_27_smac.txt Output/Performance_Data/performance_data.csv Output/Configuration/Raw_Data/SMAC2/RandomForest_Iris/RandomForest_Iris_scenario.txt 27 /rwthfs/rz/cluster/home/vx475510/miniforge3/envs/sparkle/lib/python3.10/site-packages/sparkle/Components/smac2-v2.10.03-master-778/smac --scenario-file Output/Configuration/Raw_Data/SMAC2/RandomForest_Iris/RandomForest_Iris_scenario.txt --seed 27 ", "working_dir": ".", "output_file": "/rwthfs/rz/cluster/home/vx475510/satellite-operations-planning/sparkle_example/Output/Configuration/Raw_Data/SMAC2/RandomForest_Iris/results/RandomForest_Iris_seed_27_smac.txt", "stdout_file": "Output/Log/configure_solver_2025-04-01-10.35.19/SMAC2:_RandomForest_on_Iris-0000.out", "stderr_file": "Output/Log/configure_solver_2025-04-01-10.35.19/SMAC2:_RandomForest_on_Iris-0000.err", "slurm_job_id": "55635711_0", "job_state": null, "start_time_stamp": null, "end_time_stamp": null, "submit_time_stamp": null, "job_restarts": null, "job_qos": null, "job_partition": null, "job_nodes": null}, {"cmd": "python3 /rwthfs/rz/cluster/home/vx475510/miniforge3/envs/sparkle/lib/python3.10/site-packages/sparkle/configurator/configurator_cli.py SMAC2 /rwthfs/rz/cluster/home/vx475510/satellite-operations-planning/sparkle_example/Output/Configuration/Raw_Data/SMAC2/RandomForest_Iris/results/RandomForest_Iris_seed_28_smac.txt Output/Performance_Data/performance_data.csv Output/Configuration/Raw_Data/SMAC2/RandomForest_Iris/RandomForest_Iris_scenario.txt 28 /rwthfs/rz/cluster/home/vx475510/miniforge3/envs/sparkle/lib/python3.10/site-packages/sparkle/Components/smac2-v2.10.03-master-778/smac --scenario-file Output/Configuration/Raw_Data/SMAC2/RandomForest_Iris/RandomForest_Iris_scenario.txt --seed 28 ", "working_dir": ".", "output_file": "/rwthfs/rz/cluster/home/vx475510/satellite-operations-planning/sparkle_example/Output/Configuration/Raw_Data/SMAC2/RandomForest_Iris/results/RandomForest_Iris_seed_28_smac.txt", "stdout_file": "Output/Log/configure_solver_2025-04-01-10.35.19/SMAC2:_RandomForest_on_Iris-0001.out", "stderr_file": "Output/Log/configure_solver_2025-04-01-10.35.19/SMAC2:_RandomForest_on_Iris-0001.err", "slurm_job_id": "55635711_1", "job_state": null, "start_time_stamp": null, "end_time_stamp": null, "submit_time_stamp": null, "job_restarts": null, "job_qos": null, "job_partition": null, "job_nodes": null}, {"cmd": "python3 /rwthfs/rz/cluster/home/vx475510/miniforge3/envs/sparkle/lib/python3.10/site-packages/sparkle/configurator/configurator_cli.py SMAC2 /rwthfs/rz/cluster/home/vx475510/satellite-operations-planning/sparkle_example/Output/Configuration/Raw_Data/SMAC2/RandomForest_Iris/results/RandomForest_Iris_seed_29_smac.txt Output/Performance_Data/performance_data.csv Output/Configuration/Raw_Data/SMAC2/RandomForest_Iris/RandomForest_Iris_scenario.txt 29 /rwthfs/rz/cluster/home/vx475510/miniforge3/envs/sparkle/lib/python3.10/site-packages/sparkle/Components/smac2-v2.10.03-master-778/smac --scenario-file Output/Configuration/Raw_Data/SMAC2/RandomForest_Iris/RandomForest_Iris_scenario.txt --seed 29 ", "working_dir": ".", "output_file": "/rwthfs/rz/cluster/home/vx475510/satellite-operations-planning/sparkle_example/Output/Configuration/Raw_Data/SMAC2/RandomForest_Iris/results/RandomForest_Iris_seed_29_smac.txt", "stdout_file": "Output/Log/configure_solver_2025-04-01-10.35.19/SMAC2:_RandomForest_on_Iris-0002.out", "stderr_file": "Output/Log/configure_solver_2025-04-01-10.35.19/SMAC2:_RandomForest_on_Iris-0002.err", "slurm_job_id": "55635711_2", "job_state": null, "start_time_stamp": null, "end_time_stamp": null, "submit_time_stamp": null, "job_restarts": null, "job_qos": null, "job_partition": null, "job_nodes": null}, {"cmd": "python3 /rwthfs/rz/cluster/home/vx475510/miniforge3/envs/sparkle/lib/python3.10/site-packages/sparkle/configurator/configurator_cli.py SMAC2 /rwthfs/rz/cluster/home/vx475510/satellite-operations-planning/sparkle_example/Output/Configuration/Raw_Data/SMAC2/RandomForest_Iris/results/RandomForest_Iris_seed_30_smac.txt Output/Performance_Data/performance_data.csv Output/Configuration/Raw_Data/SMAC2/RandomForest_Iris/RandomForest_Iris_scenario.txt 30 /rwthfs/rz/cluster/home/vx475510/miniforge3/envs/sparkle/lib/python3.10/site-packages/sparkle/Components/smac2-v2.10.03-master-778/smac --scenario-file Output/Configuration/Raw_Data/SMAC2/RandomForest_Iris/RandomForest_Iris_scenario.txt --seed 30 ", "working_dir": ".", "output_file": "/rwthfs/rz/cluster/home/vx475510/satellite-operations-planning/sparkle_example/Output/Configuration/Raw_Data/SMAC2/RandomForest_Iris/results/RandomForest_Iris_seed_30_smac.txt", "stdout_file": "Output/Log/configure_solver_2025-04-01-10.35.19/SMAC2:_RandomForest_on_Iris-0003.out", "stderr_file": "Output/Log/configure_solver_2025-04-01-10.35.19/SMAC2:_RandomForest_on_Iris-0003.err", "slurm_job_id": "55635711_3", "job_state": null, "start_time_stamp": null, "end_time_stamp": null, "submit_time_stamp": null, "job_restarts": null, "job_qos": null, "job_partition": null, "job_nodes": null}, {"cmd": "python3 /rwthfs/rz/cluster/home/vx475510/miniforge3/envs/sparkle/lib/python3.10/site-packages/sparkle/configurator/configurator_cli.py SMAC2 /rwthfs/rz/cluster/home/vx475510/satellite-operations-planning/sparkle_example/Output/Configuration/Raw_Data/SMAC2/RandomForest_Iris/results/RandomForest_Iris_seed_31_smac.txt Output/Performance_Data/performance_data.csv Output/Configuration/Raw_Data/SMAC2/RandomForest_Iris/RandomForest_Iris_scenario.txt 31 /rwthfs/rz/cluster/home/vx475510/miniforge3/envs/sparkle/lib/python3.10/site-packages/sparkle/Components/smac2-v2.10.03-master-778/smac --scenario-file Output/Configuration/Raw_Data/SMAC2/RandomForest_Iris/RandomForest_Iris_scenario.txt --seed 31 ", "working_dir": ".", "output_file": "/rwthfs/rz/cluster/home/vx475510/satellite-operations-planning/sparkle_example/Output/Configuration/Raw_Data/SMAC2/RandomForest_Iris/results/RandomForest_Iris_seed_31_smac.txt", "stdout_file": "Output/Log/configure_solver_2025-04-01-10.35.19/SMAC2:_RandomForest_on_Iris-0004.out", "stderr_file": "Output/Log/configure_solver_2025-04-01-10.35.19/SMAC2:_RandomForest_on_Iris-0004.err", "slurm_job_id": "55635711_4", "job_state": null, "start_time_stamp": null, "end_time_stamp": null, "submit_time_stamp": null, "job_restarts": null, "job_qos": null, "job_partition": null, "job_nodes": null}, {"cmd": "python3 /rwthfs/rz/cluster/home/vx475510/miniforge3/envs/sparkle/lib/python3.10/site-packages/sparkle/configurator/configurator_cli.py SMAC2 /rwthfs/rz/cluster/home/vx475510/satellite-operations-planning/sparkle_example/Output/Configuration/Raw_Data/SMAC2/RandomForest_Iris/results/RandomForest_Iris_seed_32_smac.txt Output/Performance_Data/performance_data.csv Output/Configuration/Raw_Data/SMAC2/RandomForest_Iris/RandomForest_Iris_scenario.txt 32 /rwthfs/rz/cluster/home/vx475510/miniforge3/envs/sparkle/lib/python3.10/site-packages/sparkle/Components/smac2-v2.10.03-master-778/smac --scenario-file Output/Configuration/Raw_Data/SMAC2/RandomForest_Iris/RandomForest_Iris_scenario.txt --seed 32 ", "working_dir": ".", "output_file": "/rwthfs/rz/cluster/home/vx475510/satellite-operations-planning/sparkle_example/Output/Configuration/Raw_Data/SMAC2/RandomForest_Iris/results/RandomForest_Iris_seed_32_smac.txt", "stdout_file": "Output/Log/configure_solver_2025-04-01-10.35.19/SMAC2:_RandomForest_on_Iris-0005.out", "stderr_file": "Output/Log/configure_solver_2025-04-01-10.35.19/SMAC2:_RandomForest_on_Iris-0005.err", "slurm_job_id": "55635711_5", "job_state": null, "start_time_stamp": null, "end_time_stamp": null, "submit_time_stamp": null, "job_restarts": null, "job_qos": null, "job_partition": null, "job_nodes": null}, {"cmd": "python3 /rwthfs/rz/cluster/home/vx475510/miniforge3/envs/sparkle/lib/python3.10/site-packages/sparkle/configurator/configurator_cli.py SMAC2 /rwthfs/rz/cluster/home/vx475510/satellite-operations-planning/sparkle_example/Output/Configuration/Raw_Data/SMAC2/RandomForest_Iris/results/RandomForest_Iris_seed_33_smac.txt Output/Performance_Data/performance_data.csv Output/Configuration/Raw_Data/SMAC2/RandomForest_Iris/RandomForest_Iris_scenario.txt 33 /rwthfs/rz/cluster/home/vx475510/miniforge3/envs/sparkle/lib/python3.10/site-packages/sparkle/Components/smac2-v2.10.03-master-778/smac --scenario-file Output/Configuration/Raw_Data/SMAC2/RandomForest_Iris/RandomForest_Iris_scenario.txt --seed 33 ", "working_dir": ".", "output_file": "/rwthfs/rz/cluster/home/vx475510/satellite-operations-planning/sparkle_example/Output/Configuration/Raw_Data/SMAC2/RandomForest_Iris/results/RandomForest_Iris_seed_33_smac.txt", "stdout_file": "Output/Log/configure_solver_2025-04-01-10.35.19/SMAC2:_RandomForest_on_Iris-0006.out", "stderr_file": "Output/Log/configure_solver_2025-04-01-10.35.19/SMAC2:_RandomForest_on_Iris-0006.err", "slurm_job_id": "55635711_6", "job_state": null, "start_time_stamp": null, "end_time_stamp": null, "submit_time_stamp": null, "job_restarts": null, "job_qos": null, "job_partition": null, "job_nodes": null}, {"cmd": "python3 /rwthfs/rz/cluster/home/vx475510/miniforge3/envs/sparkle/lib/python3.10/site-packages/sparkle/configurator/configurator_cli.py SMAC2 /rwthfs/rz/cluster/home/vx475510/satellite-operations-planning/sparkle_example/Output/Configuration/Raw_Data/SMAC2/RandomForest_Iris/results/RandomForest_Iris_seed_34_smac.txt Output/Performance_Data/performance_data.csv Output/Configuration/Raw_Data/SMAC2/RandomForest_Iris/RandomForest_Iris_scenario.txt 34 /rwthfs/rz/cluster/home/vx475510/miniforge3/envs/sparkle/lib/python3.10/site-packages/sparkle/Components/smac2-v2.10.03-master-778/smac --scenario-file Output/Configuration/Raw_Data/SMAC2/RandomForest_Iris/RandomForest_Iris_scenario.txt --seed 34 ", "working_dir": ".", "output_file": "/rwthfs/rz/cluster/home/vx475510/satellite-operations-planning/sparkle_example/Output/Configuration/Raw_Data/SMAC2/RandomForest_Iris/results/RandomForest_Iris_seed_34_smac.txt", "stdout_file": "Output/Log/configure_solver_2025-04-01-10.35.19/SMAC2:_RandomForest_on_Iris-0007.out", "stderr_file": "Output/Log/configure_solver_2025-04-01-10.35.19/SMAC2:_RandomForest_on_Iris-0007.err", "slurm_job_id": "55635711_7", "job_state": null, "start_time_stamp": null, "end_time_stamp": null, "submit_time_stamp": null, "job_restarts": null, "job_qos": null, "job_partition": null, "job_nodes": null}, {"cmd": "python3 /rwthfs/rz/cluster/home/vx475510/miniforge3/envs/sparkle/lib/python3.10/site-packages/sparkle/configurator/configurator_cli.py SMAC2 /rwthfs/rz/cluster/home/vx475510/satellite-operations-planning/sparkle_example/Output/Configuration/Raw_Data/SMAC2/RandomForest_Iris/results/RandomForest_Iris_seed_35_smac.txt Output/Performance_Data/performance_data.csv Output/Configuration/Raw_Data/SMAC2/RandomForest_Iris/RandomForest_Iris_scenario.txt 35 /rwthfs/rz/cluster/home/vx475510/miniforge3/envs/sparkle/lib/python3.10/site-packages/sparkle/Components/smac2-v2.10.03-master-778/smac --scenario-file Output/Configuration/Raw_Data/SMAC2/RandomForest_Iris/RandomForest_Iris_scenario.txt --seed 35 ", "working_dir": ".", "output_file": "/rwthfs/rz/cluster/home/vx475510/satellite-operations-planning/sparkle_example/Output/Configuration/Raw_Data/SMAC2/RandomForest_Iris/results/RandomForest_Iris_seed_35_smac.txt", "stdout_file": "Output/Log/configure_solver_2025-04-01-10.35.19/SMAC2:_RandomForest_on_Iris-0008.out", "stderr_file": "Output/Log/configure_solver_2025-04-01-10.35.19/SMAC2:_RandomForest_on_Iris-0008.err", "slurm_job_id": "55635711_8", "job_state": null, "start_time_stamp": null, "end_time_stamp": null, "submit_time_stamp": null, "job_restarts": null, "job_qos": null, "job_partition": null, "job_nodes": null}, {"cmd": "python3 /rwthfs/rz/cluster/home/vx475510/miniforge3/envs/sparkle/lib/python3.10/site-packages/sparkle/configurator/configurator_cli.py SMAC2 /rwthfs/rz/cluster/home/vx475510/satellite-operations-planning/sparkle_example/Output/Configuration/Raw_Data/SMAC2/RandomForest_Iris/results/RandomForest_Iris_seed_36_smac.txt Output/Performance_Data/performance_data.csv Output/Configuration/Raw_Data/SMAC2/RandomForest_Iris/RandomForest_Iris_scenario.txt 36 /rwthfs/rz/cluster/home/vx475510/miniforge3/envs/sparkle/lib/python3.10/site-packages/sparkle/Components/smac2-v2.10.03-master-778/smac --scenario-file Output/Configuration/Raw_Data/SMAC2/RandomForest_Iris/RandomForest_Iris_scenario.txt --seed 36 ", "working_dir": ".", "output_file": "/rwthfs/rz/cluster/home/vx475510/satellite-operations-planning/sparkle_example/Output/Configuration/Raw_Data/SMAC2/RandomForest_Iris/results/RandomForest_Iris_seed_36_smac.txt", "stdout_file": "Output/Log/configure_solver_2025-04-01-10.35.19/SMAC2:_RandomForest_on_Iris-0009.out", "stderr_file": "Output/Log/configure_solver_2025-04-01-10.35.19/SMAC2:_RandomForest_on_Iris-0009.err", "slurm_job_id": "55635711_9", "job_state": null, "start_time_stamp": null, "end_time_stamp": null, "submit_time_stamp": null, "job_restarts": null, "job_qos": null, "job_partition": null, "job_nodes": null}, {"cmd": "python3 /rwthfs/rz/cluster/home/vx475510/miniforge3/envs/sparkle/lib/python3.10/site-packages/sparkle/configurator/configurator_cli.py SMAC2 /rwthfs/rz/cluster/home/vx475510/satellite-operations-planning/sparkle_example/Output/Configuration/Raw_Data/SMAC2/RandomForest_Iris/results/RandomForest_Iris_seed_37_smac.txt Output/Performance_Data/performance_data.csv Output/Configuration/Raw_Data/SMAC2/RandomForest_Iris/RandomForest_Iris_scenario.txt 37 /rwthfs/rz/cluster/home/vx475510/miniforge3/envs/sparkle/lib/python3.10/site-packages/sparkle/Components/smac2-v2.10.03-master-778/smac --scenario-file Output/Configuration/Raw_Data/SMAC2/RandomForest_Iris/RandomForest_Iris_scenario.txt --seed 37 ", "working_dir": ".", "output_file": "/rwthfs/rz/cluster/home/vx475510/satellite-operations-planning/sparkle_example/Output/Configuration/Raw_Data/SMAC2/RandomForest_Iris/results/RandomForest_Iris_seed_37_smac.txt", "stdout_file": "Output/Log/configure_solver_2025-04-01-10.35.19/SMAC2:_RandomForest_on_Iris-0010.out", "stderr_file": "Output/Log/configure_solver_2025-04-01-10.35.19/SMAC2:_RandomForest_on_Iris-0010.err", "slurm_job_id": "55635711_10", "job_state": null, "start_time_stamp": null, "end_time_stamp": null, "submit_time_stamp": null, "job_restarts": null, "job_qos": null, "job_partition": null, "job_nodes": null}, {"cmd": "python3 /rwthfs/rz/cluster/home/vx475510/miniforge3/envs/sparkle/lib/python3.10/site-packages/sparkle/configurator/configurator_cli.py SMAC2 /rwthfs/rz/cluster/home/vx475510/satellite-operations-planning/sparkle_example/Output/Configuration/Raw_Data/SMAC2/RandomForest_Iris/results/RandomForest_Iris_seed_38_smac.txt Output/Performance_Data/performance_data.csv Output/Configuration/Raw_Data/SMAC2/RandomForest_Iris/RandomForest_Iris_scenario.txt 38 /rwthfs/rz/cluster/home/vx475510/miniforge3/envs/sparkle/lib/python3.10/site-packages/sparkle/Components/smac2-v2.10.03-master-778/smac --scenario-file Output/Configuration/Raw_Data/SMAC2/RandomForest_Iris/RandomForest_Iris_scenario.txt --seed 38 ", "working_dir": ".", "output_file": "/rwthfs/rz/cluster/home/vx475510/satellite-operations-planning/sparkle_example/Output/Configuration/Raw_Data/SMAC2/RandomForest_Iris/results/RandomForest_Iris_seed_38_smac.txt", "stdout_file": "Output/Log/configure_solver_2025-04-01-10.35.19/SMAC2:_RandomForest_on_Iris-0011.out", "stderr_file": "Output/Log/configure_solver_2025-04-01-10.35.19/SMAC2:_RandomForest_on_Iris-0011.err", "slurm_job_id": "55635711_11", "job_state": null, "start_time_stamp": null, "end_time_stamp": null, "submit_time_stamp": null, "job_restarts": null, "job_qos": null, "job_partition": null, "job_nodes": null}, {"cmd": "python3 /rwthfs/rz/cluster/home/vx475510/miniforge3/envs/sparkle/lib/python3.10/site-packages/sparkle/configurator/configurator_cli.py SMAC2 /rwthfs/rz/cluster/home/vx475510/satellite-operations-planning/sparkle_example/Output/Configuration/Raw_Data/SMAC2/RandomForest_Iris/results/RandomForest_Iris_seed_39_smac.txt Output/Performance_Data/performance_data.csv Output/Configuration/Raw_Data/SMAC2/RandomForest_Iris/RandomForest_Iris_scenario.txt 39 /rwthfs/rz/cluster/home/vx475510/miniforge3/envs/sparkle/lib/python3.10/site-packages/sparkle/Components/smac2-v2.10.03-master-778/smac --scenario-file Output/Configuration/Raw_Data/SMAC2/RandomForest_Iris/RandomForest_Iris_scenario.txt --seed 39 ", "working_dir": ".", "output_file": "/rwthfs/rz/cluster/home/vx475510/satellite-operations-planning/sparkle_example/Output/Configuration/Raw_Data/SMAC2/RandomForest_Iris/results/RandomForest_Iris_seed_39_smac.txt", "stdout_file": "Output/Log/configure_solver_2025-04-01-10.35.19/SMAC2:_RandomForest_on_Iris-0012.out", "stderr_file": "Output/Log/configure_solver_2025-04-01-10.35.19/SMAC2:_RandomForest_on_Iris-0012.err", "slurm_job_id": "55635711_12", "job_state": null, "start_time_stamp": null, "end_time_stamp": null, "submit_time_stamp": null, "job_restarts": null, "job_qos": null, "job_partition": null, "job_nodes": null}, {"cmd": "python3 /rwthfs/rz/cluster/home/vx475510/miniforge3/envs/sparkle/lib/python3.10/site-packages/sparkle/configurator/configurator_cli.py SMAC2 /rwthfs/rz/cluster/home/vx475510/satellite-operations-planning/sparkle_example/Output/Configuration/Raw_Data/SMAC2/RandomForest_Iris/results/RandomForest_Iris_seed_40_smac.txt Output/Performance_Data/performance_data.csv Output/Configuration/Raw_Data/SMAC2/RandomForest_Iris/RandomForest_Iris_scenario.txt 40 /rwthfs/rz/cluster/home/vx475510/miniforge3/envs/sparkle/lib/python3.10/site-packages/sparkle/Components/smac2-v2.10.03-master-778/smac --scenario-file Output/Configuration/Raw_Data/SMAC2/RandomForest_Iris/RandomForest_Iris_scenario.txt --seed 40 ", "working_dir": ".", "output_file": "/rwthfs/rz/cluster/home/vx475510/satellite-operations-planning/sparkle_example/Output/Configuration/Raw_Data/SMAC2/RandomForest_Iris/results/RandomForest_Iris_seed_40_smac.txt", "stdout_file": "Output/Log/configure_solver_2025-04-01-10.35.19/SMAC2:_RandomForest_on_Iris-0013.out", "stderr_file": "Output/Log/configure_solver_2025-04-01-10.35.19/SMAC2:_RandomForest_on_Iris-0013.err", "slurm_job_id": "55635711_13", "job_state": null, "start_time_stamp": null, "end_time_stamp": null, "submit_time_stamp": null, "job_restarts": null, "job_qos": null, "job_partition": null, "job_nodes": null}, {"cmd": "python3 /rwthfs/rz/cluster/home/vx475510/miniforge3/envs/sparkle/lib/python3.10/site-packages/sparkle/configurator/configurator_cli.py SMAC2 /rwthfs/rz/cluster/home/vx475510/satellite-operations-planning/sparkle_example/Output/Configuration/Raw_Data/SMAC2/RandomForest_Iris/results/RandomForest_Iris_seed_41_smac.txt Output/Performance_Data/performance_data.csv Output/Configuration/Raw_Data/SMAC2/RandomForest_Iris/RandomForest_Iris_scenario.txt 41 /rwthfs/rz/cluster/home/vx475510/miniforge3/envs/sparkle/lib/python3.10/site-packages/sparkle/Components/smac2-v2.10.03-master-778/smac --scenario-file Output/Configuration/Raw_Data/SMAC2/RandomForest_Iris/RandomForest_Iris_scenario.txt --seed 41 ", "working_dir": ".", "output_file": "/rwthfs/rz/cluster/home/vx475510/satellite-operations-planning/sparkle_example/Output/Configuration/Raw_Data/SMAC2/RandomForest_Iris/results/RandomForest_Iris_seed_41_smac.txt", "stdout_file": "Output/Log/configure_solver_2025-04-01-10.35.19/SMAC2:_RandomForest_on_Iris-0014.out", "stderr_file": "Output/Log/configure_solver_2025-04-01-10.35.19/SMAC2:_RandomForest_on_Iris-0014.err", "slurm_job_id": "55635711_14", "job_state": null, "start_time_stamp": null, "end_time_stamp": null, "submit_time_stamp": null, "job_restarts": null, "job_qos": null, "job_partition": null, "job_nodes": null}, {"cmd": "python3 /rwthfs/rz/cluster/home/vx475510/miniforge3/envs/sparkle/lib/python3.10/site-packages/sparkle/configurator/configurator_cli.py SMAC2 /rwthfs/rz/cluster/home/vx475510/satellite-operations-planning/sparkle_example/Output/Configuration/Raw_Data/SMAC2/RandomForest_Iris/results/RandomForest_Iris_seed_42_smac.txt Output/Performance_Data/performance_data.csv Output/Configuration/Raw_Data/SMAC2/RandomForest_Iris/RandomForest_Iris_scenario.txt 42 /rwthfs/rz/cluster/home/vx475510/miniforge3/envs/sparkle/lib/python3.10/site-packages/sparkle/Components/smac2-v2.10.03-master-778/smac --scenario-file Output/Configuration/Raw_Data/SMAC2/RandomForest_Iris/RandomForest_Iris_scenario.txt --seed 42 ", "working_dir": ".", "output_file": "/rwthfs/rz/cluster/home/vx475510/satellite-operations-planning/sparkle_example/Output/Configuration/Raw_Data/SMAC2/RandomForest_Iris/results/RandomForest_Iris_seed_42_smac.txt", "stdout_file": "Output/Log/configure_solver_2025-04-01-10.35.19/SMAC2:_RandomForest_on_Iris-0015.out", "stderr_file": "Output/Log/configure_solver_2025-04-01-10.35.19/SMAC2:_RandomForest_on_Iris-0015.err", "slurm_job_id": "55635711_15", "job_state": null, "start_time_stamp": null, "end_time_stamp": null, "submit_time_stamp": null, "job_restarts": null, "job_qos": null, "job_partition": null, "job_nodes": null}, {"cmd": "python3 /rwthfs/rz/cluster/home/vx475510/miniforge3/envs/sparkle/lib/python3.10/site-packages/sparkle/configurator/configurator_cli.py SMAC2 /rwthfs/rz/cluster/home/vx475510/satellite-operations-planning/sparkle_example/Output/Configuration/Raw_Data/SMAC2/RandomForest_Iris/results/RandomForest_Iris_seed_43_smac.txt Output/Performance_Data/performance_data.csv Output/Configuration/Raw_Data/SMAC2/RandomForest_Iris/RandomForest_Iris_scenario.txt 43 /rwthfs/rz/cluster/home/vx475510/miniforge3/envs/sparkle/lib/python3.10/site-packages/sparkle/Components/smac2-v2.10.03-master-778/smac --scenario-file Output/Configuration/Raw_Data/SMAC2/RandomForest_Iris/RandomForest_Iris_scenario.txt --seed 43 ", "working_dir": ".", "output_file": "/rwthfs/rz/cluster/home/vx475510/satellite-operations-planning/sparkle_example/Output/Configuration/Raw_Data/SMAC2/RandomForest_Iris/results/RandomForest_Iris_seed_43_smac.txt", "stdout_file": "Output/Log/configure_solver_2025-04-01-10.35.19/SMAC2:_RandomForest_on_Iris-0016.out", "stderr_file": "Output/Log/configure_solver_2025-04-01-10.35.19/SMAC2:_RandomForest_on_Iris-0016.err", "slurm_job_id": "55635711_16", "job_state": null, "start_time_stamp": null, "end_time_stamp": null, "submit_time_stamp": null, "job_restarts": null, "job_qos": null, "job_partition": null, "job_nodes": null}, {"cmd": "python3 /rwthfs/rz/cluster/home/vx475510/miniforge3/envs/sparkle/lib/python3.10/site-packages/sparkle/configurator/configurator_cli.py SMAC2 /rwthfs/rz/cluster/home/vx475510/satellite-operations-planning/sparkle_example/Output/Configuration/Raw_Data/SMAC2/RandomForest_Iris/results/RandomForest_Iris_seed_44_smac.txt Output/Performance_Data/performance_data.csv Output/Configuration/Raw_Data/SMAC2/RandomForest_Iris/RandomForest_Iris_scenario.txt 44 /rwthfs/rz/cluster/home/vx475510/miniforge3/envs/sparkle/lib/python3.10/site-packages/sparkle/Components/smac2-v2.10.03-master-778/smac --scenario-file Output/Configuration/Raw_Data/SMAC2/RandomForest_Iris/RandomForest_Iris_scenario.txt --seed 44 ", "working_dir": ".", "output_file": "/rwthfs/rz/cluster/home/vx475510/satellite-operations-planning/sparkle_example/Output/Configuration/Raw_Data/SMAC2/RandomForest_Iris/results/RandomForest_Iris_seed_44_smac.txt", "stdout_file": "Output/Log/configure_solver_2025-04-01-10.35.19/SMAC2:_RandomForest_on_Iris-0017.out", "stderr_file": "Output/Log/configure_solver_2025-04-01-10.35.19/SMAC2:_RandomForest_on_Iris-0017.err", "slurm_job_id": "55635711_17", "job_state": null, "start_time_stamp": null, "end_time_stamp": null, "submit_time_stamp": null, "job_restarts": null, "job_qos": null, "job_partition": null, "job_nodes": null}, {"cmd": "python3 /rwthfs/rz/cluster/home/vx475510/miniforge3/envs/sparkle/lib/python3.10/site-packages/sparkle/configurator/configurator_cli.py SMAC2 /rwthfs/rz/cluster/home/vx475510/satellite-operations-planning/sparkle_example/Output/Configuration/Raw_Data/SMAC2/RandomForest_Iris/results/RandomForest_Iris_seed_45_smac.txt Output/Performance_Data/performance_data.csv Output/Configuration/Raw_Data/SMAC2/RandomForest_Iris/RandomForest_Iris_scenario.txt 45 /rwthfs/rz/cluster/home/vx475510/miniforge3/envs/sparkle/lib/python3.10/site-packages/sparkle/Components/smac2-v2.10.03-master-778/smac --scenario-file Output/Configuration/Raw_Data/SMAC2/RandomForest_Iris/RandomForest_Iris_scenario.txt --seed 45 ", "working_dir": ".", "output_file": "/rwthfs/rz/cluster/home/vx475510/satellite-operations-planning/sparkle_example/Output/Configuration/Raw_Data/SMAC2/RandomForest_Iris/results/RandomForest_Iris_seed_45_smac.txt", "stdout_file": "Output/Log/configure_solver_2025-04-01-10.35.19/SMAC2:_RandomForest_on_Iris-0018.out", "stderr_file": "Output/Log/configure_solver_2025-04-01-10.35.19/SMAC2:_RandomForest_on_Iris-0018.err", "slurm_job_id": "55635711_18", "job_state": null, "start_time_stamp": null, "end_time_stamp": null, "submit_time_stamp": null, "job_restarts": null, "job_qos": null, "job_partition": null, "job_nodes": null}, {"cmd": "python3 /rwthfs/rz/cluster/home/vx475510/miniforge3/envs/sparkle/lib/python3.10/site-packages/sparkle/configurator/configurator_cli.py SMAC2 /rwthfs/rz/cluster/home/vx475510/satellite-operations-planning/sparkle_example/Output/Configuration/Raw_Data/SMAC2/RandomForest_Iris/results/RandomForest_Iris_seed_46_smac.txt Output/Performance_Data/performance_data.csv Output/Configuration/Raw_Data/SMAC2/RandomForest_Iris/RandomForest_Iris_scenario.txt 46 /rwthfs/rz/cluster/home/vx475510/miniforge3/envs/sparkle/lib/python3.10/site-packages/sparkle/Components/smac2-v2.10.03-master-778/smac --scenario-file Output/Configuration/Raw_Data/SMAC2/RandomForest_Iris/RandomForest_Iris_scenario.txt --seed 46 ", "working_dir": ".", "output_file": "/rwthfs/rz/cluster/home/vx475510/satellite-operations-planning/sparkle_example/Output/Configuration/Raw_Data/SMAC2/RandomForest_Iris/results/RandomForest_Iris_seed_46_smac.txt", "stdout_file": "Output/Log/configure_solver_2025-04-01-10.35.19/SMAC2:_RandomForest_on_Iris-0019.out", "stderr_file": "Output/Log/configure_solver_2025-04-01-10.35.19/SMAC2:_RandomForest_on_Iris-0019.err", "slurm_job_id": "55635711_19", "job_state": null, "start_time_stamp": null, "end_time_stamp": null, "submit_time_stamp": null, "job_restarts": null, "job_qos": null, "job_partition": null, "job_nodes": null}, {"cmd": "python3 /rwthfs/rz/cluster/home/vx475510/miniforge3/envs/sparkle/lib/python3.10/site-packages/sparkle/configurator/configurator_cli.py SMAC2 /rwthfs/rz/cluster/home/vx475510/satellite-operations-planning/sparkle_example/Output/Configuration/Raw_Data/SMAC2/RandomForest_Iris/results/RandomForest_Iris_seed_47_smac.txt Output/Performance_Data/performance_data.csv Output/Configuration/Raw_Data/SMAC2/RandomForest_Iris/RandomForest_Iris_scenario.txt 47 /rwthfs/rz/cluster/home/vx475510/miniforge3/envs/sparkle/lib/python3.10/site-packages/sparkle/Components/smac2-v2.10.03-master-778/smac --scenario-file Output/Configuration/Raw_Data/SMAC2/RandomForest_Iris/RandomForest_Iris_scenario.txt --seed 47 ", "working_dir": ".", "output_file": "/rwthfs/rz/cluster/home/vx475510/satellite-operations-planning/sparkle_example/Output/Configuration/Raw_Data/SMAC2/RandomForest_Iris/results/RandomForest_Iris_seed_47_smac.txt", "stdout_file": "Output/Log/configure_solver_2025-04-01-10.35.19/SMAC2:_RandomForest_on_Iris-0020.out", "stderr_file": "Output/Log/configure_solver_2025-04-01-10.35.19/SMAC2:_RandomForest_on_Iris-0020.err", "slurm_job_id": "55635711_20", "job_state": null, "start_time_stamp": null, "end_time_stamp": null, "submit_time_stamp": null, "job_restarts": null, "job_qos": null, "job_partition": null, "job_nodes": null}, {"cmd": "python3 /rwthfs/rz/cluster/home/vx475510/miniforge3/envs/sparkle/lib/python3.10/site-packages/sparkle/configurator/configurator_cli.py SMAC2 /rwthfs/rz/cluster/home/vx475510/satellite-operations-planning/sparkle_example/Output/Configuration/Raw_Data/SMAC2/RandomForest_Iris/results/RandomForest_Iris_seed_48_smac.txt Output/Performance_Data/performance_data.csv Output/Configuration/Raw_Data/SMAC2/RandomForest_Iris/RandomForest_Iris_scenario.txt 48 /rwthfs/rz/cluster/home/vx475510/miniforge3/envs/sparkle/lib/python3.10/site-packages/sparkle/Components/smac2-v2.10.03-master-778/smac --scenario-file Output/Configuration/Raw_Data/SMAC2/RandomForest_Iris/RandomForest_Iris_scenario.txt --seed 48 ", "working_dir": ".", "output_file": "/rwthfs/rz/cluster/home/vx475510/satellite-operations-planning/sparkle_example/Output/Configuration/Raw_Data/SMAC2/RandomForest_Iris/results/RandomForest_Iris_seed_48_smac.txt", "stdout_file": "Output/Log/configure_solver_2025-04-01-10.35.19/SMAC2:_RandomForest_on_Iris-0021.out", "stderr_file": "Output/Log/configure_solver_2025-04-01-10.35.19/SMAC2:_RandomForest_on_Iris-0021.err", "slurm_job_id": "55635711_21", "job_state": null, "start_time_stamp": null, "end_time_stamp": null, "submit_time_stamp": null, "job_restarts": null, "job_qos": null, "job_partition": null, "job_nodes": null}, {"cmd": "python3 /rwthfs/rz/cluster/home/vx475510/miniforge3/envs/sparkle/lib/python3.10/site-packages/sparkle/configurator/configurator_cli.py SMAC2 /rwthfs/rz/cluster/home/vx475510/satellite-operations-planning/sparkle_example/Output/Configuration/Raw_Data/SMAC2/RandomForest_Iris/results/RandomForest_Iris_seed_49_smac.txt Output/Performance_Data/performance_data.csv Output/Configuration/Raw_Data/SMAC2/RandomForest_Iris/RandomForest_Iris_scenario.txt 49 /rwthfs/rz/cluster/home/vx475510/miniforge3/envs/sparkle/lib/python3.10/site-packages/sparkle/Components/smac2-v2.10.03-master-778/smac --scenario-file Output/Configuration/Raw_Data/SMAC2/RandomForest_Iris/RandomForest_Iris_scenario.txt --seed 49 ", "working_dir": ".", "output_file": "/rwthfs/rz/cluster/home/vx475510/satellite-operations-planning/sparkle_example/Output/Configuration/Raw_Data/SMAC2/RandomForest_Iris/results/RandomForest_Iris_seed_49_smac.txt", "stdout_file": "Output/Log/configure_solver_2025-04-01-10.35.19/SMAC2:_RandomForest_on_Iris-0022.out", "stderr_file": "Output/Log/configure_solver_2025-04-01-10.35.19/SMAC2:_RandomForest_on_Iris-0022.err", "slurm_job_id": "55635711_22", "job_state": null, "start_time_stamp": null, "end_time_stamp": null, "submit_time_stamp": null, "job_restarts": null, "job_qos": null, "job_partition": null, "job_nodes": null}, {"cmd": "python3 /rwthfs/rz/cluster/home/vx475510/miniforge3/envs/sparkle/lib/python3.10/site-packages/sparkle/configurator/configurator_cli.py SMAC2 /rwthfs/rz/cluster/home/vx475510/satellite-operations-planning/sparkle_example/Output/Configuration/Raw_Data/SMAC2/RandomForest_Iris/results/RandomForest_Iris_seed_50_smac.txt Output/Performance_Data/performance_data.csv Output/Configuration/Raw_Data/SMAC2/RandomForest_Iris/RandomForest_Iris_scenario.txt 50 /rwthfs/rz/cluster/home/vx475510/miniforge3/envs/sparkle/lib/python3.10/site-packages/sparkle/Components/smac2-v2.10.03-master-778/smac --scenario-file Output/Configuration/Raw_Data/SMAC2/RandomForest_Iris/RandomForest_Iris_scenario.txt --seed 50 ", "working_dir": ".", "output_file": "/rwthfs/rz/cluster/home/vx475510/satellite-operations-planning/sparkle_example/Output/Configuration/Raw_Data/SMAC2/RandomForest_Iris/results/RandomForest_Iris_seed_50_smac.txt", "stdout_file": "Output/Log/configure_solver_2025-04-01-10.35.19/SMAC2:_RandomForest_on_Iris-0023.out", "stderr_file": "Output/Log/configure_solver_2025-04-01-10.35.19/SMAC2:_RandomForest_on_Iris-0023.err", "slurm_job_id": "55635711_23", "job_state": null, "start_time_stamp": null, "end_time_stamp": null, "submit_time_stamp": null, "job_restarts": null, "job_qos": null, "job_partition": null, "job_nodes": null}, {"cmd": "python3 /rwthfs/rz/cluster/home/vx475510/miniforge3/envs/sparkle/lib/python3.10/site-packages/sparkle/configurator/configurator_cli.py SMAC2 /rwthfs/rz/cluster/home/vx475510/satellite-operations-planning/sparkle_example/Output/Configuration/Raw_Data/SMAC2/RandomForest_Iris/results/RandomForest_Iris_seed_51_smac.txt Output/Performance_Data/performance_data.csv Output/Configuration/Raw_Data/SMAC2/RandomForest_Iris/RandomForest_Iris_scenario.txt 51 /rwthfs/rz/cluster/home/vx475510/miniforge3/envs/sparkle/lib/python3.10/site-packages/sparkle/Components/smac2-v2.10.03-master-778/smac --scenario-file Output/Configuration/Raw_Data/SMAC2/RandomForest_Iris/RandomForest_Iris_scenario.txt --seed 51 ", "working_dir": ".", "output_file": "/rwthfs/rz/cluster/home/vx475510/satellite-operations-planning/sparkle_example/Output/Configuration/Raw_Data/SMAC2/RandomForest_Iris/results/RandomForest_Iris_seed_51_smac.txt", "stdout_file": "Output/Log/configure_solver_2025-04-01-10.35.19/SMAC2:_RandomForest_on_Iris-0024.out", "stderr_file": "Output/Log/configure_solver_2025-04-01-10.35.19/SMAC2:_RandomForest_on_Iris-0024.err", "slurm_job_id": "55635711_24", "job_state": null, "start_time_stamp": null, "end_time_stamp": null, "submit_time_stamp": null, "job_restarts": null, "job_qos": null, "job_partition": null, "job_nodes": null}], "parallel_jobs": 25, "submitted": true, "run_id": "55635711", "prepend": ""}], "sbatch_options": ["--qos=normal", "--mem-per-cpu=2541", "--time=3:00", "--partition=c23ms"], "srun_options": [], "jobs": [{"cmd": "python3 /rwthfs/rz/cluster/home/vx475510/miniforge3/envs/sparkle/lib/python3.10/site-packages/sparkle/solver/solver_cli.py --solver Solvers/RandomForest --instance Instances/Iris/Iris.csv --run-index 27 --performance-dataframe Output/Performance_Data/performance_data.csv --cutoff-time 60 --log-dir Output/Configuration/Raw_Data/SMAC2/RandomForest_Iris/validation   ", "working_dir": ".", "output_file": null, "stdout_file": "Output/Log/configure_solver_2025-04-01-10.35.19/SMAC2:_Validating_25_RandomForest_Configurations_on_Iris-0000.out", "stderr_file": "Output/Log/configure_solver_2025-04-01-10.35.19/SMAC2:_Validating_25_RandomForest_Configurations_on_Iris-0000.err", "slurm_job_id": "55635712_0", "job_state": null, "start_time_stamp": null, "end_time_stamp": null, "submit_time_stamp": null, "job_restarts": null, "job_qos": null, "job_partition": null, "job_nodes": null}, {"cmd": "python3 /rwthfs/rz/cluster/home/vx475510/miniforge3/envs/sparkle/lib/python3.10/site-packages/sparkle/solver/solver_cli.py --solver Solvers/RandomForest --instance Instances/Iris/Iris.csv --run-index 28 --performance-dataframe Output/Performance_Data/performance_data.csv --cutoff-time 60 --log-dir Output/Configuration/Raw_Data/SMAC2/RandomForest_Iris/validation   ", "working_dir": ".", "output_file": null, "stdout_file": "Output/Log/configure_solver_2025-04-01-10.35.19/SMAC2:_Validating_25_RandomForest_Configurations_on_Iris-0001.out", "stderr_file": "Output/Log/configure_solver_2025-04-01-10.35.19/SMAC2:_Validating_25_RandomForest_Configurations_on_Iris-0001.err", "slurm_job_id": "55635712_1", "job_state": null, "start_time_stamp": null, "end_time_stamp": null, "submit_time_stamp": null, "job_restarts": null, "job_qos": null, "job_partition": null, "job_nodes": null}, {"cmd": "python3 /rwthfs/rz/cluster/home/vx475510/miniforge3/envs/sparkle/lib/python3.10/site-packages/sparkle/solver/solver_cli.py --solver Solvers/RandomForest --instance Instances/Iris/Iris.csv --run-index 29 --performance-dataframe Output/Performance_Data/performance_data.csv --cutoff-time 60 --log-dir Output/Configuration/Raw_Data/SMAC2/RandomForest_Iris/validation   ", "working_dir": ".", "output_file": null, "stdout_file": "Output/Log/configure_solver_2025-04-01-10.35.19/SMAC2:_Validating_25_RandomForest_Configurations_on_Iris-0002.out", "stderr_file": "Output/Log/configure_solver_2025-04-01-10.35.19/SMAC2:_Validating_25_RandomForest_Configurations_on_Iris-0002.err", "slurm_job_id": "55635712_2", "job_state": null, "start_time_stamp": null, "end_time_stamp": null, "submit_time_stamp": null, "job_restarts": null, "job_qos": null, "job_partition": null, "job_nodes": null}, {"cmd": "python3 /rwthfs/rz/cluster/home/vx475510/miniforge3/envs/sparkle/lib/python3.10/site-packages/sparkle/solver/solver_cli.py --solver Solvers/RandomForest --instance Instances/Iris/Iris.csv --run-index 30 --performance-dataframe Output/Performance_Data/performance_data.csv --cutoff-time 60 --log-dir Output/Configuration/Raw_Data/SMAC2/RandomForest_Iris/validation   ", "working_dir": ".", "output_file": null, "stdout_file": "Output/Log/configure_solver_2025-04-01-10.35.19/SMAC2:_Validating_25_RandomForest_Configurations_on_Iris-0003.out", "stderr_file": "Output/Log/configure_solver_2025-04-01-10.35.19/SMAC2:_Validating_25_RandomForest_Configurations_on_Iris-0003.err", "slurm_job_id": "55635712_3", "job_state": null, "start_time_stamp": null, "end_time_stamp": null, "submit_time_stamp": null, "job_restarts": null, "job_qos": null, "job_partition": null, "job_nodes": null}, {"cmd": "python3 /rwthfs/rz/cluster/home/vx475510/miniforge3/envs/sparkle/lib/python3.10/site-packages/sparkle/solver/solver_cli.py --solver Solvers/RandomForest --instance Instances/Iris/Iris.csv --run-index 31 --performance-dataframe Output/Performance_Data/performance_data.csv --cutoff-time 60 --log-dir Output/Configuration/Raw_Data/SMAC2/RandomForest_Iris/validation   ", "working_dir": ".", "output_file": null, "stdout_file": "Output/Log/configure_solver_2025-04-01-10.35.19/SMAC2:_Validating_25_RandomForest_Configurations_on_Iris-0004.out", "stderr_file": "Output/Log/configure_solver_2025-04-01-10.35.19/SMAC2:_Validating_25_RandomForest_Configurations_on_Iris-0004.err", "slurm_job_id": "55635712_4", "job_state": null, "start_time_stamp": null, "end_time_stamp": null, "submit_time_stamp": null, "job_restarts": null, "job_qos": null, "job_partition": null, "job_nodes": null}, {"cmd": "python3 /rwthfs/rz/cluster/home/vx475510/miniforge3/envs/sparkle/lib/python3.10/site-packages/sparkle/solver/solver_cli.py --solver Solvers/RandomForest --instance Instances/Iris/Iris.csv --run-index 32 --performance-dataframe Output/Performance_Data/performance_data.csv --cutoff-time 60 --log-dir Output/Configuration/Raw_Data/SMAC2/RandomForest_Iris/validation   ", "working_dir": ".", "output_file": null, "stdout_file": "Output/Log/configure_solver_2025-04-01-10.35.19/SMAC2:_Validating_25_RandomForest_Configurations_on_Iris-0005.out", "stderr_file": "Output/Log/configure_solver_2025-04-01-10.35.19/SMAC2:_Validating_25_RandomForest_Configurations_on_Iris-0005.err", "slurm_job_id": "55635712_5", "job_state": null, "start_time_stamp": null, "end_time_stamp": null, "submit_time_stamp": null, "job_restarts": null, "job_qos": null, "job_partition": null, "job_nodes": null}, {"cmd": "python3 /rwthfs/rz/cluster/home/vx475510/miniforge3/envs/sparkle/lib/python3.10/site-packages/sparkle/solver/solver_cli.py --solver Solvers/RandomForest --instance Instances/Iris/Iris.csv --run-index 33 --performance-dataframe Output/Performance_Data/performance_data.csv --cutoff-time 60 --log-dir Output/Configuration/Raw_Data/SMAC2/RandomForest_Iris/validation   ", "working_dir": ".", "output_file": null, "stdout_file": "Output/Log/configure_solver_2025-04-01-10.35.19/SMAC2:_Validating_25_RandomForest_Configurations_on_Iris-0006.out", "stderr_file": "Output/Log/configure_solver_2025-04-01-10.35.19/SMAC2:_Validating_25_RandomForest_Configurations_on_Iris-0006.err", "slurm_job_id": "55635712_6", "job_state": null, "start_time_stamp": null, "end_time_stamp": null, "submit_time_stamp": null, "job_restarts": null, "job_qos": null, "job_partition": null, "job_nodes": null}, {"cmd": "python3 /rwthfs/rz/cluster/home/vx475510/miniforge3/envs/sparkle/lib/python3.10/site-packages/sparkle/solver/solver_cli.py --solver Solvers/RandomForest --instance Instances/Iris/Iris.csv --run-index 34 --performance-dataframe Output/Performance_Data/performance_data.csv --cutoff-time 60 --log-dir Output/Configuration/Raw_Data/SMAC2/RandomForest_Iris/validation   ", "working_dir": ".", "output_file": null, "stdout_file": "Output/Log/configure_solver_2025-04-01-10.35.19/SMAC2:_Validating_25_RandomForest_Configurations_on_Iris-0007.out", "stderr_file": "Output/Log/configure_solver_2025-04-01-10.35.19/SMAC2:_Validating_25_RandomForest_Configurations_on_Iris-0007.err", "slurm_job_id": "55635712_7", "job_state": null, "start_time_stamp": null, "end_time_stamp": null, "submit_time_stamp": null, "job_restarts": null, "job_qos": null, "job_partition": null, "job_nodes": null}, {"cmd": "python3 /rwthfs/rz/cluster/home/vx475510/miniforge3/envs/sparkle/lib/python3.10/site-packages/sparkle/solver/solver_cli.py --solver Solvers/RandomForest --instance Instances/Iris/Iris.csv --run-index 35 --performance-dataframe Output/Performance_Data/performance_data.csv --cutoff-time 60 --log-dir Output/Configuration/Raw_Data/SMAC2/RandomForest_Iris/validation   ", "working_dir": ".", "output_file": null, "stdout_file": "Output/Log/configure_solver_2025-04-01-10.35.19/SMAC2:_Validating_25_RandomForest_Configurations_on_Iris-0008.out", "stderr_file": "Output/Log/configure_solver_2025-04-01-10.35.19/SMAC2:_Validating_25_RandomForest_Configurations_on_Iris-0008.err", "slurm_job_id": "55635712_8", "job_state": null, "start_time_stamp": null, "end_time_stamp": null, "submit_time_stamp": null, "job_restarts": null, "job_qos": null, "job_partition": null, "job_nodes": null}, {"cmd": "python3 /rwthfs/rz/cluster/home/vx475510/miniforge3/envs/sparkle/lib/python3.10/site-packages/sparkle/solver/solver_cli.py --solver Solvers/RandomForest --instance Instances/Iris/Iris.csv --run-index 36 --performance-dataframe Output/Performance_Data/performance_data.csv --cutoff-time 60 --log-dir Output/Configuration/Raw_Data/SMAC2/RandomForest_Iris/validation   ", "working_dir": ".", "output_file": null, "stdout_file": "Output/Log/configure_solver_2025-04-01-10.35.19/SMAC2:_Validating_25_RandomForest_Configurations_on_Iris-0009.out", "stderr_file": "Output/Log/configure_solver_2025-04-01-10.35.19/SMAC2:_Validating_25_RandomForest_Configurations_on_Iris-0009.err", "slurm_job_id": "55635712_9", "job_state": null, "start_time_stamp": null, "end_time_stamp": null, "submit_time_stamp": null, "job_restarts": null, "job_qos": null, "job_partition": null, "job_nodes": null}, {"cmd": "python3 /rwthfs/rz/cluster/home/vx475510/miniforge3/envs/sparkle/lib/python3.10/site-packages/sparkle/solver/solver_cli.py --solver Solvers/RandomForest --instance Instances/Iris/Iris.csv --run-index 37 --performance-dataframe Output/Performance_Data/performance_data.csv --cutoff-time 60 --log-dir Output/Configuration/Raw_Data/SMAC2/RandomForest_Iris/validation   ", "working_dir": ".", "output_file": null, "stdout_file": "Output/Log/configure_solver_2025-04-01-10.35.19/SMAC2:_Validating_25_RandomForest_Configurations_on_Iris-0010.out", "stderr_file": "Output/Log/configure_solver_2025-04-01-10.35.19/SMAC2:_Validating_25_RandomForest_Configurations_on_Iris-0010.err", "slurm_job_id": "55635712_10", "job_state": null, "start_time_stamp": null, "end_time_stamp": null, "submit_time_stamp": null, "job_restarts": null, "job_qos": null, "job_partition": null, "job_nodes": null}, {"cmd": "python3 /rwthfs/rz/cluster/home/vx475510/miniforge3/envs/sparkle/lib/python3.10/site-packages/sparkle/solver/solver_cli.py --solver Solvers/RandomForest --instance Instances/Iris/Iris.csv --run-index 38 --performance-dataframe Output/Performance_Data/performance_data.csv --cutoff-time 60 --log-dir Output/Configuration/Raw_Data/SMAC2/RandomForest_Iris/validation   ", "working_dir": ".", "output_file": null, "stdout_file": "Output/Log/configure_solver_2025-04-01-10.35.19/SMAC2:_Validating_25_RandomForest_Configurations_on_Iris-0011.out", "stderr_file": "Output/Log/configure_solver_2025-04-01-10.35.19/SMAC2:_Validating_25_RandomForest_Configurations_on_Iris-0011.err", "slurm_job_id": "55635712_11", "job_state": null, "start_time_stamp": null, "end_time_stamp": null, "submit_time_stamp": null, "job_restarts": null, "job_qos": null, "job_partition": null, "job_nodes": null}, {"cmd": "python3 /rwthfs/rz/cluster/home/vx475510/miniforge3/envs/sparkle/lib/python3.10/site-packages/sparkle/solver/solver_cli.py --solver Solvers/RandomForest --instance Instances/Iris/Iris.csv --run-index 39 --performance-dataframe Output/Performance_Data/performance_data.csv --cutoff-time 60 --log-dir Output/Configuration/Raw_Data/SMAC2/RandomForest_Iris/validation   ", "working_dir": ".", "output_file": null, "stdout_file": "Output/Log/configure_solver_2025-04-01-10.35.19/SMAC2:_Validating_25_RandomForest_Configurations_on_Iris-0012.out", "stderr_file": "Output/Log/configure_solver_2025-04-01-10.35.19/SMAC2:_Validating_25_RandomForest_Configurations_on_Iris-0012.err", "slurm_job_id": "55635712_12", "job_state": null, "start_time_stamp": null, "end_time_stamp": null, "submit_time_stamp": null, "job_restarts": null, "job_qos": null, "job_partition": null, "job_nodes": null}, {"cmd": "python3 /rwthfs/rz/cluster/home/vx475510/miniforge3/envs/sparkle/lib/python3.10/site-packages/sparkle/solver/solver_cli.py --solver Solvers/RandomForest --instance Instances/Iris/Iris.csv --run-index 40 --performance-dataframe Output/Performance_Data/performance_data.csv --cutoff-time 60 --log-dir Output/Configuration/Raw_Data/SMAC2/RandomForest_Iris/validation   ", "working_dir": ".", "output_file": null, "stdout_file": "Output/Log/configure_solver_2025-04-01-10.35.19/SMAC2:_Validating_25_RandomForest_Configurations_on_Iris-0013.out", "stderr_file": "Output/Log/configure_solver_2025-04-01-10.35.19/SMAC2:_Validating_25_RandomForest_Configurations_on_Iris-0013.err", "slurm_job_id": "55635712_13", "job_state": null, "start_time_stamp": null, "end_time_stamp": null, "submit_time_stamp": null, "job_restarts": null, "job_qos": null, "job_partition": null, "job_nodes": null}, {"cmd": "python3 /rwthfs/rz/cluster/home/vx475510/miniforge3/envs/sparkle/lib/python3.10/site-packages/sparkle/solver/solver_cli.py --solver Solvers/RandomForest --instance Instances/Iris/Iris.csv --run-index 41 --performance-dataframe Output/Performance_Data/performance_data.csv --cutoff-time 60 --log-dir Output/Configuration/Raw_Data/SMAC2/RandomForest_Iris/validation   ", "working_dir": ".", "output_file": null, "stdout_file": "Output/Log/configure_solver_2025-04-01-10.35.19/SMAC2:_Validating_25_RandomForest_Configurations_on_Iris-0014.out", "stderr_file": "Output/Log/configure_solver_2025-04-01-10.35.19/SMAC2:_Validating_25_RandomForest_Configurations_on_Iris-0014.err", "slurm_job_id": "55635712_14", "job_state": null, "start_time_stamp": null, "end_time_stamp": null, "submit_time_stamp": null, "job_restarts": null, "job_qos": null, "job_partition": null, "job_nodes": null}, {"cmd": "python3 /rwthfs/rz/cluster/home/vx475510/miniforge3/envs/sparkle/lib/python3.10/site-packages/sparkle/solver/solver_cli.py --solver Solvers/RandomForest --instance Instances/Iris/Iris.csv --run-index 42 --performance-dataframe Output/Performance_Data/performance_data.csv --cutoff-time 60 --log-dir Output/Configuration/Raw_Data/SMAC2/RandomForest_Iris/validation   ", "working_dir": ".", "output_file": null, "stdout_file": "Output/Log/configure_solver_2025-04-01-10.35.19/SMAC2:_Validating_25_RandomForest_Configurations_on_Iris-0015.out", "stderr_file": "Output/Log/configure_solver_2025-04-01-10.35.19/SMAC2:_Validating_25_RandomForest_Configurations_on_Iris-0015.err", "slurm_job_id": "55635712_15", "job_state": null, "start_time_stamp": null, "end_time_stamp": null, "submit_time_stamp": null, "job_restarts": null, "job_qos": null, "job_partition": null, "job_nodes": null}, {"cmd": "python3 /rwthfs/rz/cluster/home/vx475510/miniforge3/envs/sparkle/lib/python3.10/site-packages/sparkle/solver/solver_cli.py --solver Solvers/RandomForest --instance Instances/Iris/Iris.csv --run-index 43 --performance-dataframe Output/Performance_Data/performance_data.csv --cutoff-time 60 --log-dir Output/Configuration/Raw_Data/SMAC2/RandomForest_Iris/validation   ", "working_dir": ".", "output_file": null, "stdout_file": "Output/Log/configure_solver_2025-04-01-10.35.19/SMAC2:_Validating_25_RandomForest_Configurations_on_Iris-0016.out", "stderr_file": "Output/Log/configure_solver_2025-04-01-10.35.19/SMAC2:_Validating_25_RandomForest_Configurations_on_Iris-0016.err", "slurm_job_id": "55635712_16", "job_state": null, "start_time_stamp": null, "end_time_stamp": null, "submit_time_stamp": null, "job_restarts": null, "job_qos": null, "job_partition": null, "job_nodes": null}, {"cmd": "python3 /rwthfs/rz/cluster/home/vx475510/miniforge3/envs/sparkle/lib/python3.10/site-packages/sparkle/solver/solver_cli.py --solver Solvers/RandomForest --instance Instances/Iris/Iris.csv --run-index 44 --performance-dataframe Output/Performance_Data/performance_data.csv --cutoff-time 60 --log-dir Output/Configuration/Raw_Data/SMAC2/RandomForest_Iris/validation   ", "working_dir": ".", "output_file": null, "stdout_file": "Output/Log/configure_solver_2025-04-01-10.35.19/SMAC2:_Validating_25_RandomForest_Configurations_on_Iris-0017.out", "stderr_file": "Output/Log/configure_solver_2025-04-01-10.35.19/SMAC2:_Validating_25_RandomForest_Configurations_on_Iris-0017.err", "slurm_job_id": "55635712_17", "job_state": null, "start_time_stamp": null, "end_time_stamp": null, "submit_time_stamp": null, "job_restarts": null, "job_qos": null, "job_partition": null, "job_nodes": null}, {"cmd": "python3 /rwthfs/rz/cluster/home/vx475510/miniforge3/envs/sparkle/lib/python3.10/site-packages/sparkle/solver/solver_cli.py --solver Solvers/RandomForest --instance Instances/Iris/Iris.csv --run-index 45 --performance-dataframe Output/Performance_Data/performance_data.csv --cutoff-time 60 --log-dir Output/Configuration/Raw_Data/SMAC2/RandomForest_Iris/validation   ", "working_dir": ".", "output_file": null, "stdout_file": "Output/Log/configure_solver_2025-04-01-10.35.19/SMAC2:_Validating_25_RandomForest_Configurations_on_Iris-0018.out", "stderr_file": "Output/Log/configure_solver_2025-04-01-10.35.19/SMAC2:_Validating_25_RandomForest_Configurations_on_Iris-0018.err", "slurm_job_id": "55635712_18", "job_state": null, "start_time_stamp": null, "end_time_stamp": null, "submit_time_stamp": null, "job_restarts": null, "job_qos": null, "job_partition": null, "job_nodes": null}, {"cmd": "python3 /rwthfs/rz/cluster/home/vx475510/miniforge3/envs/sparkle/lib/python3.10/site-packages/sparkle/solver/solver_cli.py --solver Solvers/RandomForest --instance Instances/Iris/Iris.csv --run-index 46 --performance-dataframe Output/Performance_Data/performance_data.csv --cutoff-time 60 --log-dir Output/Configuration/Raw_Data/SMAC2/RandomForest_Iris/validation   ", "working_dir": ".", "output_file": null, "stdout_file": "Output/Log/configure_solver_2025-04-01-10.35.19/SMAC2:_Validating_25_RandomForest_Configurations_on_Iris-0019.out", "stderr_file": "Output/Log/configure_solver_2025-04-01-10.35.19/SMAC2:_Validating_25_RandomForest_Configurations_on_Iris-0019.err", "slurm_job_id": "55635712_19", "job_state": null, "start_time_stamp": null, "end_time_stamp": null, "submit_time_stamp": null, "job_restarts": null, "job_qos": null, "job_partition": null, "job_nodes": null}, {"cmd": "python3 /rwthfs/rz/cluster/home/vx475510/miniforge3/envs/sparkle/lib/python3.10/site-packages/sparkle/solver/solver_cli.py --solver Solvers/RandomForest --instance Instances/Iris/Iris.csv --run-index 47 --performance-dataframe Output/Performance_Data/performance_data.csv --cutoff-time 60 --log-dir Output/Configuration/Raw_Data/SMAC2/RandomForest_Iris/validation   ", "working_dir": ".", "output_file": null, "stdout_file": "Output/Log/configure_solver_2025-04-01-10.35.19/SMAC2:_Validating_25_RandomForest_Configurations_on_Iris-0020.out", "stderr_file": "Output/Log/configure_solver_2025-04-01-10.35.19/SMAC2:_Validating_25_RandomForest_Configurations_on_Iris-0020.err", "slurm_job_id": "55635712_20", "job_state": null, "start_time_stamp": null, "end_time_stamp": null, "submit_time_stamp": null, "job_restarts": null, "job_qos": null, "job_partition": null, "job_nodes": null}, {"cmd": "python3 /rwthfs/rz/cluster/home/vx475510/miniforge3/envs/sparkle/lib/python3.10/site-packages/sparkle/solver/solver_cli.py --solver Solvers/RandomForest --instance Instances/Iris/Iris.csv --run-index 48 --performance-dataframe Output/Performance_Data/performance_data.csv --cutoff-time 60 --log-dir Output/Configuration/Raw_Data/SMAC2/RandomForest_Iris/validation   ", "working_dir": ".", "output_file": null, "stdout_file": "Output/Log/configure_solver_2025-04-01-10.35.19/SMAC2:_Validating_25_RandomForest_Configurations_on_Iris-0021.out", "stderr_file": "Output/Log/configure_solver_2025-04-01-10.35.19/SMAC2:_Validating_25_RandomForest_Configurations_on_Iris-0021.err", "slurm_job_id": "55635712_21", "job_state": null, "start_time_stamp": null, "end_time_stamp": null, "submit_time_stamp": null, "job_restarts": null, "job_qos": null, "job_partition": null, "job_nodes": null}, {"cmd": "python3 /rwthfs/rz/cluster/home/vx475510/miniforge3/envs/sparkle/lib/python3.10/site-packages/sparkle/solver/solver_cli.py --solver Solvers/RandomForest --instance Instances/Iris/Iris.csv --run-index 49 --performance-dataframe Output/Performance_Data/performance_data.csv --cutoff-time 60 --log-dir Output/Configuration/Raw_Data/SMAC2/RandomForest_Iris/validation   ", "working_dir": ".", "output_file": null, "stdout_file": "Output/Log/configure_solver_2025-04-01-10.35.19/SMAC2:_Validating_25_RandomForest_Configurations_on_Iris-0022.out", "stderr_file": "Output/Log/configure_solver_2025-04-01-10.35.19/SMAC2:_Validating_25_RandomForest_Configurations_on_Iris-0022.err", "slurm_job_id": "55635712_22", "job_state": null, "start_time_stamp": null, "end_time_stamp": null, "submit_time_stamp": null, "job_restarts": null, "job_qos": null, "job_partition": null, "job_nodes": null}, {"cmd": "python3 /rwthfs/rz/cluster/home/vx475510/miniforge3/envs/sparkle/lib/python3.10/site-packages/sparkle/solver/solver_cli.py --solver Solvers/RandomForest --instance Instances/Iris/Iris.csv --run-index 50 --performance-dataframe Output/Performance_Data/performance_data.csv --cutoff-time 60 --log-dir Output/Configuration/Raw_Data/SMAC2/RandomForest_Iris/validation   ", "working_dir": ".", "output_file": null, "stdout_file": "Output/Log/configure_solver_2025-04-01-10.35.19/SMAC2:_Validating_25_RandomForest_Configurations_on_Iris-0023.out", "stderr_file": "Output/Log/configure_solver_2025-04-01-10.35.19/SMAC2:_Validating_25_RandomForest_Configurations_on_Iris-0023.err", "slurm_job_id": "55635712_23", "job_state": null, "start_time_stamp": null, "end_time_stamp": null, "submit_time_stamp": null, "job_restarts": null, "job_qos": null, "job_partition": null, "job_nodes": null}, {"cmd": "python3 /rwthfs/rz/cluster/home/vx475510/miniforge3/envs/sparkle/lib/python3.10/site-packages/sparkle/solver/solver_cli.py --solver Solvers/RandomForest --instance Instances/Iris/Iris.csv --run-index 51 --performance-dataframe Output/Performance_Data/performance_data.csv --cutoff-time 60 --log-dir Output/Configuration/Raw_Data/SMAC2/RandomForest_Iris/validation   ", "working_dir": ".", "output_file": null, "stdout_file": "Output/Log/configure_solver_2025-04-01-10.35.19/SMAC2:_Validating_25_RandomForest_Configurations_on_Iris-0024.out", "stderr_file": "Output/Log/configure_solver_2025-04-01-10.35.19/SMAC2:_Validating_25_RandomForest_Configurations_on_Iris-0024.err", "slurm_job_id": "55635712_24", "job_state": null, "start_time_stamp": null, "end_time_stamp": null, "submit_time_stamp": null, "job_restarts": null, "job_qos": null, "job_partition": null, "job_nodes": null}], "parallel_jobs": 25, "submitted": true, "run_id": "55635712", "prepend": ""}