"CPU Time Used","Estimated Training Performance","Wallclock Time","Incumbent ID","Automatic Configurator (CPU) Time","Full Configuration","Predicted Performance (if available)",
"0.0"," 1.7976931348623157E308","0.0","1","0.0", " branching_preferbinary='FALSE', branching_scorefac='0.167', branching_scorefunc='p', heuristics_subnlp_presolveemphasis='0', heuristics_trivial_freq='0', lp_initalgorithm='s', lp_pricing='l', separating_gomory_away='0.01', separating_poolfreq='10'","NaN"
"24.860723882000002"," 13.219947","34.28","1","0.26356383199999994", " branching_preferbinary='FALSE', branching_scorefac='0.167', branching_scorefunc='p', heuristics_subnlp_presolveemphasis='0', heuristics_trivial_freq='0', lp_initalgorithm='s', lp_pricing='l', separating_gomory_away='0.01', separating_poolfreq='10'","NaN"
"44.516632753"," 11.468404","67.154","1","0.4259841960000001", " branching_preferbinary='FALSE', branching_scorefac='0.167', branching_scorefunc='p', heuristics_subnlp_presolveemphasis='0', heuristics_trivial_freq='0', lp_initalgorithm='s', lp_pricing='l', separating_gomory_away='0.01', separating_poolfreq='10'","13.219947000000001"
"88.18734578600001"," 11.139736","124.799","2","0.549572119", " branching_preferbinary='FALSE', branching_scorefac='0.8947694997113228', branching_scorefunc='p', heuristics_subnlp_presolveemphasis='2', heuristics_trivial_freq='0', lp_initalgorithm='c', lp_pricing='q', separating_gomory_away='0.008110841067911928', separating_poolfreq='2'","13.219947000000001"
"100.166695778"," 9.206092333333334","143.528","2","0.594617876", " branching_preferbinary='FALSE', branching_scorefac='0.8947694997113228', branching_scorefunc='p', heuristics_subnlp_presolveemphasis='2', heuristics_trivial_freq='0', lp_initalgorithm='c', lp_pricing='q', separating_gomory_away='0.008110841067911928', separating_poolfreq='2'","13.219947000000001"
"155.387468755"," 9.019158666666666","219.274","3","0.743261414", " branching_preferbinary='FALSE', branching_scorefac='0.708508081792066', branching_scorefunc='s', heuristics_subnlp_presolveemphasis='3', heuristics_trivial_freq='2', lp_initalgorithm='s', lp_pricing='q', separating_gomory_away='0.0040242755150389576', separating_poolfreq='1'","13.219947000000001"
"170.322069251"," 8.51759575","240.969","3","0.8395934459999999", " branching_preferbinary='FALSE', branching_scorefac='0.708508081792066', branching_scorefunc='s', heuristics_subnlp_presolveemphasis='3', heuristics_trivial_freq='2', lp_initalgorithm='s', lp_pricing='q', separating_gomory_away='0.0040242755150389576', separating_poolfreq='1'","9.701570125000002"
"202.84134654799996"," 8.8774332","286.976","3","0.928118244", " branching_preferbinary='FALSE', branching_scorefac='0.708508081792066', branching_scorefunc='s', heuristics_subnlp_presolveemphasis='3', heuristics_trivial_freq='2', lp_initalgorithm='s', lp_pricing='q', separating_gomory_away='0.0040242755150389576', separating_poolfreq='1'","9.701570125000002"
