"CPU Time Used","Estimated Training Performance","Wallclock Time","Incumbent ID","Automatic Configurator (CPU) Time","Full Configuration","Predicted Performance (if available)",
"0.0"," 1.7976931348623157E308","0.0","1","0.0", " branching_preferbinary='FALSE', branching_scorefac='0.167', branching_scorefunc='p', heuristics_subnlp_presolveemphasis='0', heuristics_trivial_freq='0', lp_initalgorithm='s', lp_pricing='l', separating_gomory_away='0.01', separating_poolfreq='10'","NaN"
"23.182946563"," 12.099693","32.497","1","0.2615580759999999", " branching_preferbinary='FALSE', branching_scorefac='0.167', branching_scorefunc='p', heuristics_subnlp_presolveemphasis='0', heuristics_trivial_freq='0', lp_initalgorithm='s', lp_pricing='l', separating_gomory_away='0.01', separating_poolfreq='10'","NaN"
"34.188664439"," 8.4459995","50.035","1","0.3870373719999999", " branching_preferbinary='FALSE', branching_scorefac='0.167', branching_scorefunc='p', heuristics_subnlp_presolveemphasis='0', heuristics_trivial_freq='0', lp_initalgorithm='s', lp_pricing='l', separating_gomory_away='0.01', separating_poolfreq='10'","12.099693"
"63.889494754"," 7.0435695","92.917","2","0.469296555", " branching_preferbinary='TRUE', branching_scorefac='0.10915147486253907', branching_scorefunc='q', heuristics_subnlp_presolveemphasis='0', heuristics_trivial_freq='2', lp_initalgorithm='d', lp_pricing='q', separating_gomory_away='0.008205422743168283', separating_poolfreq='6'","12.099693"
"80.211802935"," 7.2824789999999995","116.954","2","0.5304351789999999", " branching_preferbinary='TRUE', branching_scorefac='0.10915147486253907', branching_scorefunc='q', heuristics_subnlp_presolveemphasis='0', heuristics_trivial_freq='2', lp_initalgorithm='d', lp_pricing='q', separating_gomory_away='0.008205422743168283', separating_poolfreq='6'","12.099693"
"114.295382821"," 8.2647735","164.958","2","0.6864007550000001", " branching_preferbinary='TRUE', branching_scorefac='0.10915147486253907', branching_scorefunc='q', heuristics_subnlp_presolveemphasis='0', heuristics_trivial_freq='2', lp_initalgorithm='d', lp_pricing='q', separating_gomory_away='0.008205422743168283', separating_poolfreq='6'","7.3664445"
"145.752832591"," 8.5497696","209.809","2","0.7726396379999999", " branching_preferbinary='TRUE', branching_scorefac='0.10915147486253907', branching_scorefunc='q', heuristics_subnlp_presolveemphasis='0', heuristics_trivial_freq='2', lp_initalgorithm='d', lp_pricing='q', separating_gomory_away='0.008205422743168283', separating_poolfreq='6'","7.3664445"
"188.282775334"," 8.977899833333334","275.678","2","0.926021877", " branching_preferbinary='TRUE', branching_scorefac='0.10915147486253907', branching_scorefunc='q', heuristics_subnlp_presolveemphasis='0', heuristics_trivial_freq='2', lp_initalgorithm='d', lp_pricing='q', separating_gomory_away='0.008205422743168283', separating_poolfreq='6'","8.741966000000001"
