{"name": "SMAC2: Validating 5 SCIP Configurations on Europe_3h_year", "base_dir": "Output/Log/configure_solver_2025-04-22-15.07.03", "dependencies": [{"name": "SMAC2: SCIP on Europe_3h_year", "base_dir": "Output/Log/configure_solver_2025-04-22-15.07.03", "dependencies": [], "sbatch_options": ["--qos=normal", "--mem=10000", "--time=6:00", "--partition=c23ms"], "srun_options": [], "jobs": [{"cmd": "python3 /rwthfs/rz/cluster/home/vx475510/miniforge3/envs/sparkle/lib/python3.10/site-packages/sparkle/configurator/configurator_cli.py SMAC2 /rwthfs/rz/cluster/home/vx475510/satellite-operations-planning/sparkle/Output/Configuration/Raw_Data/SMAC2/SCIP_Europe_3h_year/results/SCIP_Europe_3h_year_seed_2_smac.txt Output/Performance_Data/performance_data.csv Output/Configuration/Raw_Data/SMAC2/SCIP_Europe_3h_year/SCIP_Europe_3h_year_scenario.txt 2 /rwthfs/rz/cluster/home/vx475510/miniforge3/envs/sparkle/lib/python3.10/site-packages/sparkle/Components/smac2-v2.10.03-master-778/smac --scenario-file Output/Configuration/Raw_Data/SMAC2/SCIP_Europe_3h_year/SCIP_Europe_3h_year_scenario.txt --seed 2 ", "working_dir": ".", "output_file": "/rwthfs/rz/cluster/home/vx475510/satellite-operations-planning/sparkle/Output/Configuration/Raw_Data/SMAC2/SCIP_Europe_3h_year/results/SCIP_Europe_3h_year_seed_2_smac.txt", "stdout_file": "Output/Log/configure_solver_2025-04-22-15.07.03/SMAC2:_SCIP_on_Europe_3h_year-0000.out", "stderr_file": "Output/Log/configure_solver_2025-04-22-15.07.03/SMAC2:_SCIP_on_Europe_3h_year-0000.err", "slurm_job_id": "56315012_0", "job_state": null, "start_time_stamp": null, "end_time_stamp": null, "submit_time_stamp": null, "job_restarts": null, "job_qos": null, "job_partition": null, "job_nodes": null}, {"cmd": "python3 /rwthfs/rz/cluster/home/vx475510/miniforge3/envs/sparkle/lib/python3.10/site-packages/sparkle/configurator/configurator_cli.py SMAC2 /rwthfs/rz/cluster/home/vx475510/satellite-operations-planning/sparkle/Output/Configuration/Raw_Data/SMAC2/SCIP_Europe_3h_year/results/SCIP_Europe_3h_year_seed_3_smac.txt Output/Performance_Data/performance_data.csv Output/Configuration/Raw_Data/SMAC2/SCIP_Europe_3h_year/SCIP_Europe_3h_year_scenario.txt 3 /rwthfs/rz/cluster/home/vx475510/miniforge3/envs/sparkle/lib/python3.10/site-packages/sparkle/Components/smac2-v2.10.03-master-778/smac --scenario-file Output/Configuration/Raw_Data/SMAC2/SCIP_Europe_3h_year/SCIP_Europe_3h_year_scenario.txt --seed 3 ", "working_dir": ".", "output_file": "/rwthfs/rz/cluster/home/vx475510/satellite-operations-planning/sparkle/Output/Configuration/Raw_Data/SMAC2/SCIP_Europe_3h_year/results/SCIP_Europe_3h_year_seed_3_smac.txt", "stdout_file": "Output/Log/configure_solver_2025-04-22-15.07.03/SMAC2:_SCIP_on_Europe_3h_year-0001.out", "stderr_file": "Output/Log/configure_solver_2025-04-22-15.07.03/SMAC2:_SCIP_on_Europe_3h_year-0001.err", "slurm_job_id": "56315012_1", "job_state": null, "start_time_stamp": null, "end_time_stamp": null, "submit_time_stamp": null, "job_restarts": null, "job_qos": null, "job_partition": null, "job_nodes": null}, {"cmd": "python3 /rwthfs/rz/cluster/home/vx475510/miniforge3/envs/sparkle/lib/python3.10/site-packages/sparkle/configurator/configurator_cli.py SMAC2 /rwthfs/rz/cluster/home/vx475510/satellite-operations-planning/sparkle/Output/Configuration/Raw_Data/SMAC2/SCIP_Europe_3h_year/results/SCIP_Europe_3h_year_seed_4_smac.txt Output/Performance_Data/performance_data.csv Output/Configuration/Raw_Data/SMAC2/SCIP_Europe_3h_year/SCIP_Europe_3h_year_scenario.txt 4 /rwthfs/rz/cluster/home/vx475510/miniforge3/envs/sparkle/lib/python3.10/site-packages/sparkle/Components/smac2-v2.10.03-master-778/smac --scenario-file Output/Configuration/Raw_Data/SMAC2/SCIP_Europe_3h_year/SCIP_Europe_3h_year_scenario.txt --seed 4 ", "working_dir": ".", "output_file": "/rwthfs/rz/cluster/home/vx475510/satellite-operations-planning/sparkle/Output/Configuration/Raw_Data/SMAC2/SCIP_Europe_3h_year/results/SCIP_Europe_3h_year_seed_4_smac.txt", "stdout_file": "Output/Log/configure_solver_2025-04-22-15.07.03/SMAC2:_SCIP_on_Europe_3h_year-0002.out", "stderr_file": "Output/Log/configure_solver_2025-04-22-15.07.03/SMAC2:_SCIP_on_Europe_3h_year-0002.err", "slurm_job_id": "56315012_2", "job_state": null, "start_time_stamp": null, "end_time_stamp": null, "submit_time_stamp": null, "job_restarts": null, "job_qos": null, "job_partition": null, "job_nodes": null}, {"cmd": "python3 /rwthfs/rz/cluster/home/vx475510/miniforge3/envs/sparkle/lib/python3.10/site-packages/sparkle/configurator/configurator_cli.py SMAC2 /rwthfs/rz/cluster/home/vx475510/satellite-operations-planning/sparkle/Output/Configuration/Raw_Data/SMAC2/SCIP_Europe_3h_year/results/SCIP_Europe_3h_year_seed_5_smac.txt Output/Performance_Data/performance_data.csv Output/Configuration/Raw_Data/SMAC2/SCIP_Europe_3h_year/SCIP_Europe_3h_year_scenario.txt 5 /rwthfs/rz/cluster/home/vx475510/miniforge3/envs/sparkle/lib/python3.10/site-packages/sparkle/Components/smac2-v2.10.03-master-778/smac --scenario-file Output/Configuration/Raw_Data/SMAC2/SCIP_Europe_3h_year/SCIP_Europe_3h_year_scenario.txt --seed 5 ", "working_dir": ".", "output_file": "/rwthfs/rz/cluster/home/vx475510/satellite-operations-planning/sparkle/Output/Configuration/Raw_Data/SMAC2/SCIP_Europe_3h_year/results/SCIP_Europe_3h_year_seed_5_smac.txt", "stdout_file": "Output/Log/configure_solver_2025-04-22-15.07.03/SMAC2:_SCIP_on_Europe_3h_year-0003.out", "stderr_file": "Output/Log/configure_solver_2025-04-22-15.07.03/SMAC2:_SCIP_on_Europe_3h_year-0003.err", "slurm_job_id": "56315012_3", "job_state": null, "start_time_stamp": null, "end_time_stamp": null, "submit_time_stamp": null, "job_restarts": null, "job_qos": null, "job_partition": null, "job_nodes": null}, {"cmd": "python3 /rwthfs/rz/cluster/home/vx475510/miniforge3/envs/sparkle/lib/python3.10/site-packages/sparkle/configurator/configurator_cli.py SMAC2 /rwthfs/rz/cluster/home/vx475510/satellite-operations-planning/sparkle/Output/Configuration/Raw_Data/SMAC2/SCIP_Europe_3h_year/results/SCIP_Europe_3h_year_seed_6_smac.txt Output/Performance_Data/performance_data.csv Output/Configuration/Raw_Data/SMAC2/SCIP_Europe_3h_year/SCIP_Europe_3h_year_scenario.txt 6 /rwthfs/rz/cluster/home/vx475510/miniforge3/envs/sparkle/lib/python3.10/site-packages/sparkle/Components/smac2-v2.10.03-master-778/smac --scenario-file Output/Configuration/Raw_Data/SMAC2/SCIP_Europe_3h_year/SCIP_Europe_3h_year_scenario.txt --seed 6 ", "working_dir": ".", "output_file": "/rwthfs/rz/cluster/home/vx475510/satellite-operations-planning/sparkle/Output/Configuration/Raw_Data/SMAC2/SCIP_Europe_3h_year/results/SCIP_Europe_3h_year_seed_6_smac.txt", "stdout_file": "Output/Log/configure_solver_2025-04-22-15.07.03/SMAC2:_SCIP_on_Europe_3h_year-0004.out", "stderr_file": "Output/Log/configure_solver_2025-04-22-15.07.03/SMAC2:_SCIP_on_Europe_3h_year-0004.err", "slurm_job_id": "56315012_4", "job_state": null, "start_time_stamp": null, "end_time_stamp": null, "submit_time_stamp": null, "job_restarts": null, "job_qos": null, "job_partition": null, "job_nodes": null}], "parallel_jobs": 25, "submitted": true, "run_id": "56315012", "prepend": "export CONDA_ROOT=$HOME/miniforge3\nsource $CONDA_ROOT/etc/profile.d/conda.sh\nexport PATH=\"$CONDA_ROOT/bin:$PATH\"\nconda activate sparkle"}], "sbatch_options": ["--qos=normal", "--mem=10000", "--time=6:00", "--partition=c23ms"], "srun_options": [], "jobs": [{"cmd": "python3 /rwthfs/rz/cluster/home/vx475510/miniforge3/envs/sparkle/lib/python3.10/site-packages/sparkle/solver/solver_cli.py --solver Solvers/SCIP --instance Instances/Europe_3h_year/problem_instance_europe_aug_3h.json --run-index 2 --performance-dataframe Output/Performance_Data/performance_data.csv --cutoff-time 60 --log-dir Output/Configuration/Raw_Data/SMAC2/SCIP_Europe_3h_year/validation   ", "working_dir": ".", "output_file": null, "stdout_file": "Output/Log/configure_solver_2025-04-22-15.07.03/SMAC2:_Validating_5_SCIP_Configurations_on_Europe_3h_year-0000.out", "stderr_file": "Output/Log/configure_solver_2025-04-22-15.07.03/SMAC2:_Validating_5_SCIP_Configurations_on_Europe_3h_year-0000.err", "slurm_job_id": "56315013_0", "job_state": null, "start_time_stamp": null, "end_time_stamp": null, "submit_time_stamp": null, "job_restarts": null, "job_qos": null, "job_partition": null, "job_nodes": null}, {"cmd": "python3 /rwthfs/rz/cluster/home/vx475510/miniforge3/envs/sparkle/lib/python3.10/site-packages/sparkle/solver/solver_cli.py --solver Solvers/SCIP --instance Instances/Europe_3h_year/problem_instance_europe_aug_3h.json --run-index 3 --performance-dataframe Output/Performance_Data/performance_data.csv --cutoff-time 60 --log-dir Output/Configuration/Raw_Data/SMAC2/SCIP_Europe_3h_year/validation   ", "working_dir": ".", "output_file": null, "stdout_file": "Output/Log/configure_solver_2025-04-22-15.07.03/SMAC2:_Validating_5_SCIP_Configurations_on_Europe_3h_year-0001.out", "stderr_file": "Output/Log/configure_solver_2025-04-22-15.07.03/SMAC2:_Validating_5_SCIP_Configurations_on_Europe_3h_year-0001.err", "slurm_job_id": "56315013_1", "job_state": null, "start_time_stamp": null, "end_time_stamp": null, "submit_time_stamp": null, "job_restarts": null, "job_qos": null, "job_partition": null, "job_nodes": null}, {"cmd": "python3 /rwthfs/rz/cluster/home/vx475510/miniforge3/envs/sparkle/lib/python3.10/site-packages/sparkle/solver/solver_cli.py --solver Solvers/SCIP --instance Instances/Europe_3h_year/problem_instance_europe_aug_3h.json --run-index 4 --performance-dataframe Output/Performance_Data/performance_data.csv --cutoff-time 60 --log-dir Output/Configuration/Raw_Data/SMAC2/SCIP_Europe_3h_year/validation   ", "working_dir": ".", "output_file": null, "stdout_file": "Output/Log/configure_solver_2025-04-22-15.07.03/SMAC2:_Validating_5_SCIP_Configurations_on_Europe_3h_year-0002.out", "stderr_file": "Output/Log/configure_solver_2025-04-22-15.07.03/SMAC2:_Validating_5_SCIP_Configurations_on_Europe_3h_year-0002.err", "slurm_job_id": "56315013_2", "job_state": null, "start_time_stamp": null, "end_time_stamp": null, "submit_time_stamp": null, "job_restarts": null, "job_qos": null, "job_partition": null, "job_nodes": null}, {"cmd": "python3 /rwthfs/rz/cluster/home/vx475510/miniforge3/envs/sparkle/lib/python3.10/site-packages/sparkle/solver/solver_cli.py --solver Solvers/SCIP --instance Instances/Europe_3h_year/problem_instance_europe_aug_3h.json --run-index 5 --performance-dataframe Output/Performance_Data/performance_data.csv --cutoff-time 60 --log-dir Output/Configuration/Raw_Data/SMAC2/SCIP_Europe_3h_year/validation   ", "working_dir": ".", "output_file": null, "stdout_file": "Output/Log/configure_solver_2025-04-22-15.07.03/SMAC2:_Validating_5_SCIP_Configurations_on_Europe_3h_year-0003.out", "stderr_file": "Output/Log/configure_solver_2025-04-22-15.07.03/SMAC2:_Validating_5_SCIP_Configurations_on_Europe_3h_year-0003.err", "slurm_job_id": "56315013_3", "job_state": null, "start_time_stamp": null, "end_time_stamp": null, "submit_time_stamp": null, "job_restarts": null, "job_qos": null, "job_partition": null, "job_nodes": null}, {"cmd": "python3 /rwthfs/rz/cluster/home/vx475510/miniforge3/envs/sparkle/lib/python3.10/site-packages/sparkle/solver/solver_cli.py --solver Solvers/SCIP --instance Instances/Europe_3h_year/problem_instance_europe_aug_3h.json --run-index 6 --performance-dataframe Output/Performance_Data/performance_data.csv --cutoff-time 60 --log-dir Output/Configuration/Raw_Data/SMAC2/SCIP_Europe_3h_year/validation   ", "working_dir": ".", "output_file": null, "stdout_file": "Output/Log/configure_solver_2025-04-22-15.07.03/SMAC2:_Validating_5_SCIP_Configurations_on_Europe_3h_year-0004.out", "stderr_file": "Output/Log/configure_solver_2025-04-22-15.07.03/SMAC2:_Validating_5_SCIP_Configurations_on_Europe_3h_year-0004.err", "slurm_job_id": "56315013_4", "job_state": null, "start_time_stamp": null, "end_time_stamp": null, "submit_time_stamp": null, "job_restarts": null, "job_qos": null, "job_partition": null, "job_nodes": null}, {"cmd": "python3 /rwthfs/rz/cluster/home/vx475510/miniforge3/envs/sparkle/lib/python3.10/site-packages/sparkle/solver/solver_cli.py --solver Solvers/SCIP --instance Instances/Europe_3h_year/problem_instance_europe_mar_3h.json --run-index 2 --performance-dataframe Output/Performance_Data/performance_data.csv --cutoff-time 60 --log-dir Output/Configuration/Raw_Data/SMAC2/SCIP_Europe_3h_year/validation   ", "working_dir": ".", "output_file": null, "stdout_file": "Output/Log/configure_solver_2025-04-22-15.07.03/SMAC2:_Validating_5_SCIP_Configurations_on_Europe_3h_year-0005.out", "stderr_file": "Output/Log/configure_solver_2025-04-22-15.07.03/SMAC2:_Validating_5_SCIP_Configurations_on_Europe_3h_year-0005.err", "slurm_job_id": "56315013_5", "job_state": null, "start_time_stamp": null, "end_time_stamp": null, "submit_time_stamp": null, "job_restarts": null, "job_qos": null, "job_partition": null, "job_nodes": null}, {"cmd": "python3 /rwthfs/rz/cluster/home/vx475510/miniforge3/envs/sparkle/lib/python3.10/site-packages/sparkle/solver/solver_cli.py --solver Solvers/SCIP --instance Instances/Europe_3h_year/problem_instance_europe_mar_3h.json --run-index 3 --performance-dataframe Output/Performance_Data/performance_data.csv --cutoff-time 60 --log-dir Output/Configuration/Raw_Data/SMAC2/SCIP_Europe_3h_year/validation   ", "working_dir": ".", "output_file": null, "stdout_file": "Output/Log/configure_solver_2025-04-22-15.07.03/SMAC2:_Validating_5_SCIP_Configurations_on_Europe_3h_year-0006.out", "stderr_file": "Output/Log/configure_solver_2025-04-22-15.07.03/SMAC2:_Validating_5_SCIP_Configurations_on_Europe_3h_year-0006.err", "slurm_job_id": "56315013_6", "job_state": null, "start_time_stamp": null, "end_time_stamp": null, "submit_time_stamp": null, "job_restarts": null, "job_qos": null, "job_partition": null, "job_nodes": null}, {"cmd": "python3 /rwthfs/rz/cluster/home/vx475510/miniforge3/envs/sparkle/lib/python3.10/site-packages/sparkle/solver/solver_cli.py --solver Solvers/SCIP --instance Instances/Europe_3h_year/problem_instance_europe_mar_3h.json --run-index 4 --performance-dataframe Output/Performance_Data/performance_data.csv --cutoff-time 60 --log-dir Output/Configuration/Raw_Data/SMAC2/SCIP_Europe_3h_year/validation   ", "working_dir": ".", "output_file": null, "stdout_file": "Output/Log/configure_solver_2025-04-22-15.07.03/SMAC2:_Validating_5_SCIP_Configurations_on_Europe_3h_year-0007.out", "stderr_file": "Output/Log/configure_solver_2025-04-22-15.07.03/SMAC2:_Validating_5_SCIP_Configurations_on_Europe_3h_year-0007.err", "slurm_job_id": "56315013_7", "job_state": null, "start_time_stamp": null, "end_time_stamp": null, "submit_time_stamp": null, "job_restarts": null, "job_qos": null, "job_partition": null, "job_nodes": null}, {"cmd": "python3 /rwthfs/rz/cluster/home/vx475510/miniforge3/envs/sparkle/lib/python3.10/site-packages/sparkle/solver/solver_cli.py --solver Solvers/SCIP --instance Instances/Europe_3h_year/problem_instance_europe_mar_3h.json --run-index 5 --performance-dataframe Output/Performance_Data/performance_data.csv --cutoff-time 60 --log-dir Output/Configuration/Raw_Data/SMAC2/SCIP_Europe_3h_year/validation   ", "working_dir": ".", "output_file": null, "stdout_file": "Output/Log/configure_solver_2025-04-22-15.07.03/SMAC2:_Validating_5_SCIP_Configurations_on_Europe_3h_year-0008.out", "stderr_file": "Output/Log/configure_solver_2025-04-22-15.07.03/SMAC2:_Validating_5_SCIP_Configurations_on_Europe_3h_year-0008.err", "slurm_job_id": "56315013_8", "job_state": null, "start_time_stamp": null, "end_time_stamp": null, "submit_time_stamp": null, "job_restarts": null, "job_qos": null, "job_partition": null, "job_nodes": null}, {"cmd": "python3 /rwthfs/rz/cluster/home/vx475510/miniforge3/envs/sparkle/lib/python3.10/site-packages/sparkle/solver/solver_cli.py --solver Solvers/SCIP --instance Instances/Europe_3h_year/problem_instance_europe_mar_3h.json --run-index 6 --performance-dataframe Output/Performance_Data/performance_data.csv --cutoff-time 60 --log-dir Output/Configuration/Raw_Data/SMAC2/SCIP_Europe_3h_year/validation   ", "working_dir": ".", "output_file": null, "stdout_file": "Output/Log/configure_solver_2025-04-22-15.07.03/SMAC2:_Validating_5_SCIP_Configurations_on_Europe_3h_year-0009.out", "stderr_file": "Output/Log/configure_solver_2025-04-22-15.07.03/SMAC2:_Validating_5_SCIP_Configurations_on_Europe_3h_year-0009.err", "slurm_job_id": "56315013_9", "job_state": null, "start_time_stamp": null, "end_time_stamp": null, "submit_time_stamp": null, "job_restarts": null, "job_qos": null, "job_partition": null, "job_nodes": null}, {"cmd": "python3 /rwthfs/rz/cluster/home/vx475510/miniforge3/envs/sparkle/lib/python3.10/site-packages/sparkle/solver/solver_cli.py --solver Solvers/SCIP --instance Instances/Europe_3h_year/problem_instance_europe_feb_3h.json --run-index 2 --performance-dataframe Output/Performance_Data/performance_data.csv --cutoff-time 60 --log-dir Output/Configuration/Raw_Data/SMAC2/SCIP_Europe_3h_year/validation   ", "working_dir": ".", "output_file": null, "stdout_file": "Output/Log/configure_solver_2025-04-22-15.07.03/SMAC2:_Validating_5_SCIP_Configurations_on_Europe_3h_year-0010.out", "stderr_file": "Output/Log/configure_solver_2025-04-22-15.07.03/SMAC2:_Validating_5_SCIP_Configurations_on_Europe_3h_year-0010.err", "slurm_job_id": "56315013_10", "job_state": null, "start_time_stamp": null, "end_time_stamp": null, "submit_time_stamp": null, "job_restarts": null, "job_qos": null, "job_partition": null, "job_nodes": null}, {"cmd": "python3 /rwthfs/rz/cluster/home/vx475510/miniforge3/envs/sparkle/lib/python3.10/site-packages/sparkle/solver/solver_cli.py --solver Solvers/SCIP --instance Instances/Europe_3h_year/problem_instance_europe_feb_3h.json --run-index 3 --performance-dataframe Output/Performance_Data/performance_data.csv --cutoff-time 60 --log-dir Output/Configuration/Raw_Data/SMAC2/SCIP_Europe_3h_year/validation   ", "working_dir": ".", "output_file": null, "stdout_file": "Output/Log/configure_solver_2025-04-22-15.07.03/SMAC2:_Validating_5_SCIP_Configurations_on_Europe_3h_year-0011.out", "stderr_file": "Output/Log/configure_solver_2025-04-22-15.07.03/SMAC2:_Validating_5_SCIP_Configurations_on_Europe_3h_year-0011.err", "slurm_job_id": "56315013_11", "job_state": null, "start_time_stamp": null, "end_time_stamp": null, "submit_time_stamp": null, "job_restarts": null, "job_qos": null, "job_partition": null, "job_nodes": null}, {"cmd": "python3 /rwthfs/rz/cluster/home/vx475510/miniforge3/envs/sparkle/lib/python3.10/site-packages/sparkle/solver/solver_cli.py --solver Solvers/SCIP --instance Instances/Europe_3h_year/problem_instance_europe_feb_3h.json --run-index 4 --performance-dataframe Output/Performance_Data/performance_data.csv --cutoff-time 60 --log-dir Output/Configuration/Raw_Data/SMAC2/SCIP_Europe_3h_year/validation   ", "working_dir": ".", "output_file": null, "stdout_file": "Output/Log/configure_solver_2025-04-22-15.07.03/SMAC2:_Validating_5_SCIP_Configurations_on_Europe_3h_year-0012.out", "stderr_file": "Output/Log/configure_solver_2025-04-22-15.07.03/SMAC2:_Validating_5_SCIP_Configurations_on_Europe_3h_year-0012.err", "slurm_job_id": "56315013_12", "job_state": null, "start_time_stamp": null, "end_time_stamp": null, "submit_time_stamp": null, "job_restarts": null, "job_qos": null, "job_partition": null, "job_nodes": null}, {"cmd": "python3 /rwthfs/rz/cluster/home/vx475510/miniforge3/envs/sparkle/lib/python3.10/site-packages/sparkle/solver/solver_cli.py --solver Solvers/SCIP --instance Instances/Europe_3h_year/problem_instance_europe_feb_3h.json --run-index 5 --performance-dataframe Output/Performance_Data/performance_data.csv --cutoff-time 60 --log-dir Output/Configuration/Raw_Data/SMAC2/SCIP_Europe_3h_year/validation   ", "working_dir": ".", "output_file": null, "stdout_file": "Output/Log/configure_solver_2025-04-22-15.07.03/SMAC2:_Validating_5_SCIP_Configurations_on_Europe_3h_year-0013.out", "stderr_file": "Output/Log/configure_solver_2025-04-22-15.07.03/SMAC2:_Validating_5_SCIP_Configurations_on_Europe_3h_year-0013.err", "slurm_job_id": "56315013_13", "job_state": null, "start_time_stamp": null, "end_time_stamp": null, "submit_time_stamp": null, "job_restarts": null, "job_qos": null, "job_partition": null, "job_nodes": null}, {"cmd": "python3 /rwthfs/rz/cluster/home/vx475510/miniforge3/envs/sparkle/lib/python3.10/site-packages/sparkle/solver/solver_cli.py --solver Solvers/SCIP --instance Instances/Europe_3h_year/problem_instance_europe_feb_3h.json --run-index 6 --performance-dataframe Output/Performance_Data/performance_data.csv --cutoff-time 60 --log-dir Output/Configuration/Raw_Data/SMAC2/SCIP_Europe_3h_year/validation   ", "working_dir": ".", "output_file": null, "stdout_file": "Output/Log/configure_solver_2025-04-22-15.07.03/SMAC2:_Validating_5_SCIP_Configurations_on_Europe_3h_year-0014.out", "stderr_file": "Output/Log/configure_solver_2025-04-22-15.07.03/SMAC2:_Validating_5_SCIP_Configurations_on_Europe_3h_year-0014.err", "slurm_job_id": "56315013_14", "job_state": null, "start_time_stamp": null, "end_time_stamp": null, "submit_time_stamp": null, "job_restarts": null, "job_qos": null, "job_partition": null, "job_nodes": null}, {"cmd": "python3 /rwthfs/rz/cluster/home/vx475510/miniforge3/envs/sparkle/lib/python3.10/site-packages/sparkle/solver/solver_cli.py --solver Solvers/SCIP --instance Instances/Europe_3h_year/problem_instance_europe_dec_3h.json --run-index 2 --performance-dataframe Output/Performance_Data/performance_data.csv --cutoff-time 60 --log-dir Output/Configuration/Raw_Data/SMAC2/SCIP_Europe_3h_year/validation   ", "working_dir": ".", "output_file": null, "stdout_file": "Output/Log/configure_solver_2025-04-22-15.07.03/SMAC2:_Validating_5_SCIP_Configurations_on_Europe_3h_year-0015.out", "stderr_file": "Output/Log/configure_solver_2025-04-22-15.07.03/SMAC2:_Validating_5_SCIP_Configurations_on_Europe_3h_year-0015.err", "slurm_job_id": "56315013_15", "job_state": null, "start_time_stamp": null, "end_time_stamp": null, "submit_time_stamp": null, "job_restarts": null, "job_qos": null, "job_partition": null, "job_nodes": null}, {"cmd": "python3 /rwthfs/rz/cluster/home/vx475510/miniforge3/envs/sparkle/lib/python3.10/site-packages/sparkle/solver/solver_cli.py --solver Solvers/SCIP --instance Instances/Europe_3h_year/problem_instance_europe_dec_3h.json --run-index 3 --performance-dataframe Output/Performance_Data/performance_data.csv --cutoff-time 60 --log-dir Output/Configuration/Raw_Data/SMAC2/SCIP_Europe_3h_year/validation   ", "working_dir": ".", "output_file": null, "stdout_file": "Output/Log/configure_solver_2025-04-22-15.07.03/SMAC2:_Validating_5_SCIP_Configurations_on_Europe_3h_year-0016.out", "stderr_file": "Output/Log/configure_solver_2025-04-22-15.07.03/SMAC2:_Validating_5_SCIP_Configurations_on_Europe_3h_year-0016.err", "slurm_job_id": "56315013_16", "job_state": null, "start_time_stamp": null, "end_time_stamp": null, "submit_time_stamp": null, "job_restarts": null, "job_qos": null, "job_partition": null, "job_nodes": null}, {"cmd": "python3 /rwthfs/rz/cluster/home/vx475510/miniforge3/envs/sparkle/lib/python3.10/site-packages/sparkle/solver/solver_cli.py --solver Solvers/SCIP --instance Instances/Europe_3h_year/problem_instance_europe_dec_3h.json --run-index 4 --performance-dataframe Output/Performance_Data/performance_data.csv --cutoff-time 60 --log-dir Output/Configuration/Raw_Data/SMAC2/SCIP_Europe_3h_year/validation   ", "working_dir": ".", "output_file": null, "stdout_file": "Output/Log/configure_solver_2025-04-22-15.07.03/SMAC2:_Validating_5_SCIP_Configurations_on_Europe_3h_year-0017.out", "stderr_file": "Output/Log/configure_solver_2025-04-22-15.07.03/SMAC2:_Validating_5_SCIP_Configurations_on_Europe_3h_year-0017.err", "slurm_job_id": "56315013_17", "job_state": null, "start_time_stamp": null, "end_time_stamp": null, "submit_time_stamp": null, "job_restarts": null, "job_qos": null, "job_partition": null, "job_nodes": null}, {"cmd": "python3 /rwthfs/rz/cluster/home/vx475510/miniforge3/envs/sparkle/lib/python3.10/site-packages/sparkle/solver/solver_cli.py --solver Solvers/SCIP --instance Instances/Europe_3h_year/problem_instance_europe_dec_3h.json --run-index 5 --performance-dataframe Output/Performance_Data/performance_data.csv --cutoff-time 60 --log-dir Output/Configuration/Raw_Data/SMAC2/SCIP_Europe_3h_year/validation   ", "working_dir": ".", "output_file": null, "stdout_file": "Output/Log/configure_solver_2025-04-22-15.07.03/SMAC2:_Validating_5_SCIP_Configurations_on_Europe_3h_year-0018.out", "stderr_file": "Output/Log/configure_solver_2025-04-22-15.07.03/SMAC2:_Validating_5_SCIP_Configurations_on_Europe_3h_year-0018.err", "slurm_job_id": "56315013_18", "job_state": null, "start_time_stamp": null, "end_time_stamp": null, "submit_time_stamp": null, "job_restarts": null, "job_qos": null, "job_partition": null, "job_nodes": null}, {"cmd": "python3 /rwthfs/rz/cluster/home/vx475510/miniforge3/envs/sparkle/lib/python3.10/site-packages/sparkle/solver/solver_cli.py --solver Solvers/SCIP --instance Instances/Europe_3h_year/problem_instance_europe_dec_3h.json --run-index 6 --performance-dataframe Output/Performance_Data/performance_data.csv --cutoff-time 60 --log-dir Output/Configuration/Raw_Data/SMAC2/SCIP_Europe_3h_year/validation   ", "working_dir": ".", "output_file": null, "stdout_file": "Output/Log/configure_solver_2025-04-22-15.07.03/SMAC2:_Validating_5_SCIP_Configurations_on_Europe_3h_year-0019.out", "stderr_file": "Output/Log/configure_solver_2025-04-22-15.07.03/SMAC2:_Validating_5_SCIP_Configurations_on_Europe_3h_year-0019.err", "slurm_job_id": "56315013_19", "job_state": null, "start_time_stamp": null, "end_time_stamp": null, "submit_time_stamp": null, "job_restarts": null, "job_qos": null, "job_partition": null, "job_nodes": null}, {"cmd": "python3 /rwthfs/rz/cluster/home/vx475510/miniforge3/envs/sparkle/lib/python3.10/site-packages/sparkle/solver/solver_cli.py --solver Solvers/SCIP --instance Instances/Europe_3h_year/problem_instance_europe_may_3h.json --run-index 2 --performance-dataframe Output/Performance_Data/performance_data.csv --cutoff-time 60 --log-dir Output/Configuration/Raw_Data/SMAC2/SCIP_Europe_3h_year/validation   ", "working_dir": ".", "output_file": null, "stdout_file": "Output/Log/configure_solver_2025-04-22-15.07.03/SMAC2:_Validating_5_SCIP_Configurations_on_Europe_3h_year-0020.out", "stderr_file": "Output/Log/configure_solver_2025-04-22-15.07.03/SMAC2:_Validating_5_SCIP_Configurations_on_Europe_3h_year-0020.err", "slurm_job_id": "56315013_20", "job_state": null, "start_time_stamp": null, "end_time_stamp": null, "submit_time_stamp": null, "job_restarts": null, "job_qos": null, "job_partition": null, "job_nodes": null}, {"cmd": "python3 /rwthfs/rz/cluster/home/vx475510/miniforge3/envs/sparkle/lib/python3.10/site-packages/sparkle/solver/solver_cli.py --solver Solvers/SCIP --instance Instances/Europe_3h_year/problem_instance_europe_may_3h.json --run-index 3 --performance-dataframe Output/Performance_Data/performance_data.csv --cutoff-time 60 --log-dir Output/Configuration/Raw_Data/SMAC2/SCIP_Europe_3h_year/validation   ", "working_dir": ".", "output_file": null, "stdout_file": "Output/Log/configure_solver_2025-04-22-15.07.03/SMAC2:_Validating_5_SCIP_Configurations_on_Europe_3h_year-0021.out", "stderr_file": "Output/Log/configure_solver_2025-04-22-15.07.03/SMAC2:_Validating_5_SCIP_Configurations_on_Europe_3h_year-0021.err", "slurm_job_id": "56315013_21", "job_state": null, "start_time_stamp": null, "end_time_stamp": null, "submit_time_stamp": null, "job_restarts": null, "job_qos": null, "job_partition": null, "job_nodes": null}, {"cmd": "python3 /rwthfs/rz/cluster/home/vx475510/miniforge3/envs/sparkle/lib/python3.10/site-packages/sparkle/solver/solver_cli.py --solver Solvers/SCIP --instance Instances/Europe_3h_year/problem_instance_europe_may_3h.json --run-index 4 --performance-dataframe Output/Performance_Data/performance_data.csv --cutoff-time 60 --log-dir Output/Configuration/Raw_Data/SMAC2/SCIP_Europe_3h_year/validation   ", "working_dir": ".", "output_file": null, "stdout_file": "Output/Log/configure_solver_2025-04-22-15.07.03/SMAC2:_Validating_5_SCIP_Configurations_on_Europe_3h_year-0022.out", "stderr_file": "Output/Log/configure_solver_2025-04-22-15.07.03/SMAC2:_Validating_5_SCIP_Configurations_on_Europe_3h_year-0022.err", "slurm_job_id": "56315013_22", "job_state": null, "start_time_stamp": null, "end_time_stamp": null, "submit_time_stamp": null, "job_restarts": null, "job_qos": null, "job_partition": null, "job_nodes": null}, {"cmd": "python3 /rwthfs/rz/cluster/home/vx475510/miniforge3/envs/sparkle/lib/python3.10/site-packages/sparkle/solver/solver_cli.py --solver Solvers/SCIP --instance Instances/Europe_3h_year/problem_instance_europe_may_3h.json --run-index 5 --performance-dataframe Output/Performance_Data/performance_data.csv --cutoff-time 60 --log-dir Output/Configuration/Raw_Data/SMAC2/SCIP_Europe_3h_year/validation   ", "working_dir": ".", "output_file": null, "stdout_file": "Output/Log/configure_solver_2025-04-22-15.07.03/SMAC2:_Validating_5_SCIP_Configurations_on_Europe_3h_year-0023.out", "stderr_file": "Output/Log/configure_solver_2025-04-22-15.07.03/SMAC2:_Validating_5_SCIP_Configurations_on_Europe_3h_year-0023.err", "slurm_job_id": "56315013_23", "job_state": null, "start_time_stamp": null, "end_time_stamp": null, "submit_time_stamp": null, "job_restarts": null, "job_qos": null, "job_partition": null, "job_nodes": null}, {"cmd": "python3 /rwthfs/rz/cluster/home/vx475510/miniforge3/envs/sparkle/lib/python3.10/site-packages/sparkle/solver/solver_cli.py --solver Solvers/SCIP --instance Instances/Europe_3h_year/problem_instance_europe_may_3h.json --run-index 6 --performance-dataframe Output/Performance_Data/performance_data.csv --cutoff-time 60 --log-dir Output/Configuration/Raw_Data/SMAC2/SCIP_Europe_3h_year/validation   ", "working_dir": ".", "output_file": null, "stdout_file": "Output/Log/configure_solver_2025-04-22-15.07.03/SMAC2:_Validating_5_SCIP_Configurations_on_Europe_3h_year-0024.out", "stderr_file": "Output/Log/configure_solver_2025-04-22-15.07.03/SMAC2:_Validating_5_SCIP_Configurations_on_Europe_3h_year-0024.err", "slurm_job_id": "56315013_24", "job_state": null, "start_time_stamp": null, "end_time_stamp": null, "submit_time_stamp": null, "job_restarts": null, "job_qos": null, "job_partition": null, "job_nodes": null}, {"cmd": "python3 /rwthfs/rz/cluster/home/vx475510/miniforge3/envs/sparkle/lib/python3.10/site-packages/sparkle/solver/solver_cli.py --solver Solvers/SCIP --instance Instances/Europe_3h_year/problem_instance_europe_jun_3h.json --run-index 2 --performance-dataframe Output/Performance_Data/performance_data.csv --cutoff-time 60 --log-dir Output/Configuration/Raw_Data/SMAC2/SCIP_Europe_3h_year/validation   ", "working_dir": ".", "output_file": null, "stdout_file": "Output/Log/configure_solver_2025-04-22-15.07.03/SMAC2:_Validating_5_SCIP_Configurations_on_Europe_3h_year-0025.out", "stderr_file": "Output/Log/configure_solver_2025-04-22-15.07.03/SMAC2:_Validating_5_SCIP_Configurations_on_Europe_3h_year-0025.err", "slurm_job_id": "56315013_25", "job_state": null, "start_time_stamp": null, "end_time_stamp": null, "submit_time_stamp": null, "job_restarts": null, "job_qos": null, "job_partition": null, "job_nodes": null}, {"cmd": "python3 /rwthfs/rz/cluster/home/vx475510/miniforge3/envs/sparkle/lib/python3.10/site-packages/sparkle/solver/solver_cli.py --solver Solvers/SCIP --instance Instances/Europe_3h_year/problem_instance_europe_jun_3h.json --run-index 3 --performance-dataframe Output/Performance_Data/performance_data.csv --cutoff-time 60 --log-dir Output/Configuration/Raw_Data/SMAC2/SCIP_Europe_3h_year/validation   ", "working_dir": ".", "output_file": null, "stdout_file": "Output/Log/configure_solver_2025-04-22-15.07.03/SMAC2:_Validating_5_SCIP_Configurations_on_Europe_3h_year-0026.out", "stderr_file": "Output/Log/configure_solver_2025-04-22-15.07.03/SMAC2:_Validating_5_SCIP_Configurations_on_Europe_3h_year-0026.err", "slurm_job_id": "56315013_26", "job_state": null, "start_time_stamp": null, "end_time_stamp": null, "submit_time_stamp": null, "job_restarts": null, "job_qos": null, "job_partition": null, "job_nodes": null}, {"cmd": "python3 /rwthfs/rz/cluster/home/vx475510/miniforge3/envs/sparkle/lib/python3.10/site-packages/sparkle/solver/solver_cli.py --solver Solvers/SCIP --instance Instances/Europe_3h_year/problem_instance_europe_jun_3h.json --run-index 4 --performance-dataframe Output/Performance_Data/performance_data.csv --cutoff-time 60 --log-dir Output/Configuration/Raw_Data/SMAC2/SCIP_Europe_3h_year/validation   ", "working_dir": ".", "output_file": null, "stdout_file": "Output/Log/configure_solver_2025-04-22-15.07.03/SMAC2:_Validating_5_SCIP_Configurations_on_Europe_3h_year-0027.out", "stderr_file": "Output/Log/configure_solver_2025-04-22-15.07.03/SMAC2:_Validating_5_SCIP_Configurations_on_Europe_3h_year-0027.err", "slurm_job_id": "56315013_27", "job_state": null, "start_time_stamp": null, "end_time_stamp": null, "submit_time_stamp": null, "job_restarts": null, "job_qos": null, "job_partition": null, "job_nodes": null}, {"cmd": "python3 /rwthfs/rz/cluster/home/vx475510/miniforge3/envs/sparkle/lib/python3.10/site-packages/sparkle/solver/solver_cli.py --solver Solvers/SCIP --instance Instances/Europe_3h_year/problem_instance_europe_jun_3h.json --run-index 5 --performance-dataframe Output/Performance_Data/performance_data.csv --cutoff-time 60 --log-dir Output/Configuration/Raw_Data/SMAC2/SCIP_Europe_3h_year/validation   ", "working_dir": ".", "output_file": null, "stdout_file": "Output/Log/configure_solver_2025-04-22-15.07.03/SMAC2:_Validating_5_SCIP_Configurations_on_Europe_3h_year-0028.out", "stderr_file": "Output/Log/configure_solver_2025-04-22-15.07.03/SMAC2:_Validating_5_SCIP_Configurations_on_Europe_3h_year-0028.err", "slurm_job_id": "56315013_28", "job_state": null, "start_time_stamp": null, "end_time_stamp": null, "submit_time_stamp": null, "job_restarts": null, "job_qos": null, "job_partition": null, "job_nodes": null}, {"cmd": "python3 /rwthfs/rz/cluster/home/vx475510/miniforge3/envs/sparkle/lib/python3.10/site-packages/sparkle/solver/solver_cli.py --solver Solvers/SCIP --instance Instances/Europe_3h_year/problem_instance_europe_jun_3h.json --run-index 6 --performance-dataframe Output/Performance_Data/performance_data.csv --cutoff-time 60 --log-dir Output/Configuration/Raw_Data/SMAC2/SCIP_Europe_3h_year/validation   ", "working_dir": ".", "output_file": null, "stdout_file": "Output/Log/configure_solver_2025-04-22-15.07.03/SMAC2:_Validating_5_SCIP_Configurations_on_Europe_3h_year-0029.out", "stderr_file": "Output/Log/configure_solver_2025-04-22-15.07.03/SMAC2:_Validating_5_SCIP_Configurations_on_Europe_3h_year-0029.err", "slurm_job_id": "56315013_29", "job_state": null, "start_time_stamp": null, "end_time_stamp": null, "submit_time_stamp": null, "job_restarts": null, "job_qos": null, "job_partition": null, "job_nodes": null}, {"cmd": "python3 /rwthfs/rz/cluster/home/vx475510/miniforge3/envs/sparkle/lib/python3.10/site-packages/sparkle/solver/solver_cli.py --solver Solvers/SCIP --instance Instances/Europe_3h_year/problem_instance_europe_jan_3h.json --run-index 2 --performance-dataframe Output/Performance_Data/performance_data.csv --cutoff-time 60 --log-dir Output/Configuration/Raw_Data/SMAC2/SCIP_Europe_3h_year/validation   ", "working_dir": ".", "output_file": null, "stdout_file": "Output/Log/configure_solver_2025-04-22-15.07.03/SMAC2:_Validating_5_SCIP_Configurations_on_Europe_3h_year-0030.out", "stderr_file": "Output/Log/configure_solver_2025-04-22-15.07.03/SMAC2:_Validating_5_SCIP_Configurations_on_Europe_3h_year-0030.err", "slurm_job_id": "56315013_30", "job_state": null, "start_time_stamp": null, "end_time_stamp": null, "submit_time_stamp": null, "job_restarts": null, "job_qos": null, "job_partition": null, "job_nodes": null}, {"cmd": "python3 /rwthfs/rz/cluster/home/vx475510/miniforge3/envs/sparkle/lib/python3.10/site-packages/sparkle/solver/solver_cli.py --solver Solvers/SCIP --instance Instances/Europe_3h_year/problem_instance_europe_jan_3h.json --run-index 3 --performance-dataframe Output/Performance_Data/performance_data.csv --cutoff-time 60 --log-dir Output/Configuration/Raw_Data/SMAC2/SCIP_Europe_3h_year/validation   ", "working_dir": ".", "output_file": null, "stdout_file": "Output/Log/configure_solver_2025-04-22-15.07.03/SMAC2:_Validating_5_SCIP_Configurations_on_Europe_3h_year-0031.out", "stderr_file": "Output/Log/configure_solver_2025-04-22-15.07.03/SMAC2:_Validating_5_SCIP_Configurations_on_Europe_3h_year-0031.err", "slurm_job_id": "56315013_31", "job_state": null, "start_time_stamp": null, "end_time_stamp": null, "submit_time_stamp": null, "job_restarts": null, "job_qos": null, "job_partition": null, "job_nodes": null}, {"cmd": "python3 /rwthfs/rz/cluster/home/vx475510/miniforge3/envs/sparkle/lib/python3.10/site-packages/sparkle/solver/solver_cli.py --solver Solvers/SCIP --instance Instances/Europe_3h_year/problem_instance_europe_jan_3h.json --run-index 4 --performance-dataframe Output/Performance_Data/performance_data.csv --cutoff-time 60 --log-dir Output/Configuration/Raw_Data/SMAC2/SCIP_Europe_3h_year/validation   ", "working_dir": ".", "output_file": null, "stdout_file": "Output/Log/configure_solver_2025-04-22-15.07.03/SMAC2:_Validating_5_SCIP_Configurations_on_Europe_3h_year-0032.out", "stderr_file": "Output/Log/configure_solver_2025-04-22-15.07.03/SMAC2:_Validating_5_SCIP_Configurations_on_Europe_3h_year-0032.err", "slurm_job_id": "56315013_32", "job_state": null, "start_time_stamp": null, "end_time_stamp": null, "submit_time_stamp": null, "job_restarts": null, "job_qos": null, "job_partition": null, "job_nodes": null}, {"cmd": "python3 /rwthfs/rz/cluster/home/vx475510/miniforge3/envs/sparkle/lib/python3.10/site-packages/sparkle/solver/solver_cli.py --solver Solvers/SCIP --instance Instances/Europe_3h_year/problem_instance_europe_jan_3h.json --run-index 5 --performance-dataframe Output/Performance_Data/performance_data.csv --cutoff-time 60 --log-dir Output/Configuration/Raw_Data/SMAC2/SCIP_Europe_3h_year/validation   ", "working_dir": ".", "output_file": null, "stdout_file": "Output/Log/configure_solver_2025-04-22-15.07.03/SMAC2:_Validating_5_SCIP_Configurations_on_Europe_3h_year-0033.out", "stderr_file": "Output/Log/configure_solver_2025-04-22-15.07.03/SMAC2:_Validating_5_SCIP_Configurations_on_Europe_3h_year-0033.err", "slurm_job_id": "56315013_33", "job_state": null, "start_time_stamp": null, "end_time_stamp": null, "submit_time_stamp": null, "job_restarts": null, "job_qos": null, "job_partition": null, "job_nodes": null}, {"cmd": "python3 /rwthfs/rz/cluster/home/vx475510/miniforge3/envs/sparkle/lib/python3.10/site-packages/sparkle/solver/solver_cli.py --solver Solvers/SCIP --instance Instances/Europe_3h_year/problem_instance_europe_jan_3h.json --run-index 6 --performance-dataframe Output/Performance_Data/performance_data.csv --cutoff-time 60 --log-dir Output/Configuration/Raw_Data/SMAC2/SCIP_Europe_3h_year/validation   ", "working_dir": ".", "output_file": null, "stdout_file": "Output/Log/configure_solver_2025-04-22-15.07.03/SMAC2:_Validating_5_SCIP_Configurations_on_Europe_3h_year-0034.out", "stderr_file": "Output/Log/configure_solver_2025-04-22-15.07.03/SMAC2:_Validating_5_SCIP_Configurations_on_Europe_3h_year-0034.err", "slurm_job_id": "56315013_34", "job_state": null, "start_time_stamp": null, "end_time_stamp": null, "submit_time_stamp": null, "job_restarts": null, "job_qos": null, "job_partition": null, "job_nodes": null}, {"cmd": "python3 /rwthfs/rz/cluster/home/vx475510/miniforge3/envs/sparkle/lib/python3.10/site-packages/sparkle/solver/solver_cli.py --solver Solvers/SCIP --instance Instances/Europe_3h_year/problem_instance_europe_jul_3h.json --run-index 2 --performance-dataframe Output/Performance_Data/performance_data.csv --cutoff-time 60 --log-dir Output/Configuration/Raw_Data/SMAC2/SCIP_Europe_3h_year/validation   ", "working_dir": ".", "output_file": null, "stdout_file": "Output/Log/configure_solver_2025-04-22-15.07.03/SMAC2:_Validating_5_SCIP_Configurations_on_Europe_3h_year-0035.out", "stderr_file": "Output/Log/configure_solver_2025-04-22-15.07.03/SMAC2:_Validating_5_SCIP_Configurations_on_Europe_3h_year-0035.err", "slurm_job_id": "56315013_35", "job_state": null, "start_time_stamp": null, "end_time_stamp": null, "submit_time_stamp": null, "job_restarts": null, "job_qos": null, "job_partition": null, "job_nodes": null}, {"cmd": "python3 /rwthfs/rz/cluster/home/vx475510/miniforge3/envs/sparkle/lib/python3.10/site-packages/sparkle/solver/solver_cli.py --solver Solvers/SCIP --instance Instances/Europe_3h_year/problem_instance_europe_jul_3h.json --run-index 3 --performance-dataframe Output/Performance_Data/performance_data.csv --cutoff-time 60 --log-dir Output/Configuration/Raw_Data/SMAC2/SCIP_Europe_3h_year/validation   ", "working_dir": ".", "output_file": null, "stdout_file": "Output/Log/configure_solver_2025-04-22-15.07.03/SMAC2:_Validating_5_SCIP_Configurations_on_Europe_3h_year-0036.out", "stderr_file": "Output/Log/configure_solver_2025-04-22-15.07.03/SMAC2:_Validating_5_SCIP_Configurations_on_Europe_3h_year-0036.err", "slurm_job_id": "56315013_36", "job_state": null, "start_time_stamp": null, "end_time_stamp": null, "submit_time_stamp": null, "job_restarts": null, "job_qos": null, "job_partition": null, "job_nodes": null}, {"cmd": "python3 /rwthfs/rz/cluster/home/vx475510/miniforge3/envs/sparkle/lib/python3.10/site-packages/sparkle/solver/solver_cli.py --solver Solvers/SCIP --instance Instances/Europe_3h_year/problem_instance_europe_jul_3h.json --run-index 4 --performance-dataframe Output/Performance_Data/performance_data.csv --cutoff-time 60 --log-dir Output/Configuration/Raw_Data/SMAC2/SCIP_Europe_3h_year/validation   ", "working_dir": ".", "output_file": null, "stdout_file": "Output/Log/configure_solver_2025-04-22-15.07.03/SMAC2:_Validating_5_SCIP_Configurations_on_Europe_3h_year-0037.out", "stderr_file": "Output/Log/configure_solver_2025-04-22-15.07.03/SMAC2:_Validating_5_SCIP_Configurations_on_Europe_3h_year-0037.err", "slurm_job_id": "56315013_37", "job_state": null, "start_time_stamp": null, "end_time_stamp": null, "submit_time_stamp": null, "job_restarts": null, "job_qos": null, "job_partition": null, "job_nodes": null}, {"cmd": "python3 /rwthfs/rz/cluster/home/vx475510/miniforge3/envs/sparkle/lib/python3.10/site-packages/sparkle/solver/solver_cli.py --solver Solvers/SCIP --instance Instances/Europe_3h_year/problem_instance_europe_jul_3h.json --run-index 5 --performance-dataframe Output/Performance_Data/performance_data.csv --cutoff-time 60 --log-dir Output/Configuration/Raw_Data/SMAC2/SCIP_Europe_3h_year/validation   ", "working_dir": ".", "output_file": null, "stdout_file": "Output/Log/configure_solver_2025-04-22-15.07.03/SMAC2:_Validating_5_SCIP_Configurations_on_Europe_3h_year-0038.out", "stderr_file": "Output/Log/configure_solver_2025-04-22-15.07.03/SMAC2:_Validating_5_SCIP_Configurations_on_Europe_3h_year-0038.err", "slurm_job_id": "56315013_38", "job_state": null, "start_time_stamp": null, "end_time_stamp": null, "submit_time_stamp": null, "job_restarts": null, "job_qos": null, "job_partition": null, "job_nodes": null}, {"cmd": "python3 /rwthfs/rz/cluster/home/vx475510/miniforge3/envs/sparkle/lib/python3.10/site-packages/sparkle/solver/solver_cli.py --solver Solvers/SCIP --instance Instances/Europe_3h_year/problem_instance_europe_jul_3h.json --run-index 6 --performance-dataframe Output/Performance_Data/performance_data.csv --cutoff-time 60 --log-dir Output/Configuration/Raw_Data/SMAC2/SCIP_Europe_3h_year/validation   ", "working_dir": ".", "output_file": null, "stdout_file": "Output/Log/configure_solver_2025-04-22-15.07.03/SMAC2:_Validating_5_SCIP_Configurations_on_Europe_3h_year-0039.out", "stderr_file": "Output/Log/configure_solver_2025-04-22-15.07.03/SMAC2:_Validating_5_SCIP_Configurations_on_Europe_3h_year-0039.err", "slurm_job_id": "56315013_39", "job_state": null, "start_time_stamp": null, "end_time_stamp": null, "submit_time_stamp": null, "job_restarts": null, "job_qos": null, "job_partition": null, "job_nodes": null}, {"cmd": "python3 /rwthfs/rz/cluster/home/vx475510/miniforge3/envs/sparkle/lib/python3.10/site-packages/sparkle/solver/solver_cli.py --solver Solvers/SCIP --instance Instances/Europe_3h_year/problem_instance_europe_nov_3h.json --run-index 2 --performance-dataframe Output/Performance_Data/performance_data.csv --cutoff-time 60 --log-dir Output/Configuration/Raw_Data/SMAC2/SCIP_Europe_3h_year/validation   ", "working_dir": ".", "output_file": null, "stdout_file": "Output/Log/configure_solver_2025-04-22-15.07.03/SMAC2:_Validating_5_SCIP_Configurations_on_Europe_3h_year-0040.out", "stderr_file": "Output/Log/configure_solver_2025-04-22-15.07.03/SMAC2:_Validating_5_SCIP_Configurations_on_Europe_3h_year-0040.err", "slurm_job_id": "56315013_40", "job_state": null, "start_time_stamp": null, "end_time_stamp": null, "submit_time_stamp": null, "job_restarts": null, "job_qos": null, "job_partition": null, "job_nodes": null}, {"cmd": "python3 /rwthfs/rz/cluster/home/vx475510/miniforge3/envs/sparkle/lib/python3.10/site-packages/sparkle/solver/solver_cli.py --solver Solvers/SCIP --instance Instances/Europe_3h_year/problem_instance_europe_nov_3h.json --run-index 3 --performance-dataframe Output/Performance_Data/performance_data.csv --cutoff-time 60 --log-dir Output/Configuration/Raw_Data/SMAC2/SCIP_Europe_3h_year/validation   ", "working_dir": ".", "output_file": null, "stdout_file": "Output/Log/configure_solver_2025-04-22-15.07.03/SMAC2:_Validating_5_SCIP_Configurations_on_Europe_3h_year-0041.out", "stderr_file": "Output/Log/configure_solver_2025-04-22-15.07.03/SMAC2:_Validating_5_SCIP_Configurations_on_Europe_3h_year-0041.err", "slurm_job_id": "56315013_41", "job_state": null, "start_time_stamp": null, "end_time_stamp": null, "submit_time_stamp": null, "job_restarts": null, "job_qos": null, "job_partition": null, "job_nodes": null}, {"cmd": "python3 /rwthfs/rz/cluster/home/vx475510/miniforge3/envs/sparkle/lib/python3.10/site-packages/sparkle/solver/solver_cli.py --solver Solvers/SCIP --instance Instances/Europe_3h_year/problem_instance_europe_nov_3h.json --run-index 4 --performance-dataframe Output/Performance_Data/performance_data.csv --cutoff-time 60 --log-dir Output/Configuration/Raw_Data/SMAC2/SCIP_Europe_3h_year/validation   ", "working_dir": ".", "output_file": null, "stdout_file": "Output/Log/configure_solver_2025-04-22-15.07.03/SMAC2:_Validating_5_SCIP_Configurations_on_Europe_3h_year-0042.out", "stderr_file": "Output/Log/configure_solver_2025-04-22-15.07.03/SMAC2:_Validating_5_SCIP_Configurations_on_Europe_3h_year-0042.err", "slurm_job_id": "56315013_42", "job_state": null, "start_time_stamp": null, "end_time_stamp": null, "submit_time_stamp": null, "job_restarts": null, "job_qos": null, "job_partition": null, "job_nodes": null}, {"cmd": "python3 /rwthfs/rz/cluster/home/vx475510/miniforge3/envs/sparkle/lib/python3.10/site-packages/sparkle/solver/solver_cli.py --solver Solvers/SCIP --instance Instances/Europe_3h_year/problem_instance_europe_nov_3h.json --run-index 5 --performance-dataframe Output/Performance_Data/performance_data.csv --cutoff-time 60 --log-dir Output/Configuration/Raw_Data/SMAC2/SCIP_Europe_3h_year/validation   ", "working_dir": ".", "output_file": null, "stdout_file": "Output/Log/configure_solver_2025-04-22-15.07.03/SMAC2:_Validating_5_SCIP_Configurations_on_Europe_3h_year-0043.out", "stderr_file": "Output/Log/configure_solver_2025-04-22-15.07.03/SMAC2:_Validating_5_SCIP_Configurations_on_Europe_3h_year-0043.err", "slurm_job_id": "56315013_43", "job_state": null, "start_time_stamp": null, "end_time_stamp": null, "submit_time_stamp": null, "job_restarts": null, "job_qos": null, "job_partition": null, "job_nodes": null}, {"cmd": "python3 /rwthfs/rz/cluster/home/vx475510/miniforge3/envs/sparkle/lib/python3.10/site-packages/sparkle/solver/solver_cli.py --solver Solvers/SCIP --instance Instances/Europe_3h_year/problem_instance_europe_nov_3h.json --run-index 6 --performance-dataframe Output/Performance_Data/performance_data.csv --cutoff-time 60 --log-dir Output/Configuration/Raw_Data/SMAC2/SCIP_Europe_3h_year/validation   ", "working_dir": ".", "output_file": null, "stdout_file": "Output/Log/configure_solver_2025-04-22-15.07.03/SMAC2:_Validating_5_SCIP_Configurations_on_Europe_3h_year-0044.out", "stderr_file": "Output/Log/configure_solver_2025-04-22-15.07.03/SMAC2:_Validating_5_SCIP_Configurations_on_Europe_3h_year-0044.err", "slurm_job_id": "56315013_44", "job_state": null, "start_time_stamp": null, "end_time_stamp": null, "submit_time_stamp": null, "job_restarts": null, "job_qos": null, "job_partition": null, "job_nodes": null}, {"cmd": "python3 /rwthfs/rz/cluster/home/vx475510/miniforge3/envs/sparkle/lib/python3.10/site-packages/sparkle/solver/solver_cli.py --solver Solvers/SCIP --instance Instances/Europe_3h_year/problem_instance_europe_oct_3h.json --run-index 2 --performance-dataframe Output/Performance_Data/performance_data.csv --cutoff-time 60 --log-dir Output/Configuration/Raw_Data/SMAC2/SCIP_Europe_3h_year/validation   ", "working_dir": ".", "output_file": null, "stdout_file": "Output/Log/configure_solver_2025-04-22-15.07.03/SMAC2:_Validating_5_SCIP_Configurations_on_Europe_3h_year-0045.out", "stderr_file": "Output/Log/configure_solver_2025-04-22-15.07.03/SMAC2:_Validating_5_SCIP_Configurations_on_Europe_3h_year-0045.err", "slurm_job_id": "56315013_45", "job_state": null, "start_time_stamp": null, "end_time_stamp": null, "submit_time_stamp": null, "job_restarts": null, "job_qos": null, "job_partition": null, "job_nodes": null}, {"cmd": "python3 /rwthfs/rz/cluster/home/vx475510/miniforge3/envs/sparkle/lib/python3.10/site-packages/sparkle/solver/solver_cli.py --solver Solvers/SCIP --instance Instances/Europe_3h_year/problem_instance_europe_oct_3h.json --run-index 3 --performance-dataframe Output/Performance_Data/performance_data.csv --cutoff-time 60 --log-dir Output/Configuration/Raw_Data/SMAC2/SCIP_Europe_3h_year/validation   ", "working_dir": ".", "output_file": null, "stdout_file": "Output/Log/configure_solver_2025-04-22-15.07.03/SMAC2:_Validating_5_SCIP_Configurations_on_Europe_3h_year-0046.out", "stderr_file": "Output/Log/configure_solver_2025-04-22-15.07.03/SMAC2:_Validating_5_SCIP_Configurations_on_Europe_3h_year-0046.err", "slurm_job_id": "56315013_46", "job_state": null, "start_time_stamp": null, "end_time_stamp": null, "submit_time_stamp": null, "job_restarts": null, "job_qos": null, "job_partition": null, "job_nodes": null}, {"cmd": "python3 /rwthfs/rz/cluster/home/vx475510/miniforge3/envs/sparkle/lib/python3.10/site-packages/sparkle/solver/solver_cli.py --solver Solvers/SCIP --instance Instances/Europe_3h_year/problem_instance_europe_oct_3h.json --run-index 4 --performance-dataframe Output/Performance_Data/performance_data.csv --cutoff-time 60 --log-dir Output/Configuration/Raw_Data/SMAC2/SCIP_Europe_3h_year/validation   ", "working_dir": ".", "output_file": null, "stdout_file": "Output/Log/configure_solver_2025-04-22-15.07.03/SMAC2:_Validating_5_SCIP_Configurations_on_Europe_3h_year-0047.out", "stderr_file": "Output/Log/configure_solver_2025-04-22-15.07.03/SMAC2:_Validating_5_SCIP_Configurations_on_Europe_3h_year-0047.err", "slurm_job_id": "56315013_47", "job_state": null, "start_time_stamp": null, "end_time_stamp": null, "submit_time_stamp": null, "job_restarts": null, "job_qos": null, "job_partition": null, "job_nodes": null}, {"cmd": "python3 /rwthfs/rz/cluster/home/vx475510/miniforge3/envs/sparkle/lib/python3.10/site-packages/sparkle/solver/solver_cli.py --solver Solvers/SCIP --instance Instances/Europe_3h_year/problem_instance_europe_oct_3h.json --run-index 5 --performance-dataframe Output/Performance_Data/performance_data.csv --cutoff-time 60 --log-dir Output/Configuration/Raw_Data/SMAC2/SCIP_Europe_3h_year/validation   ", "working_dir": ".", "output_file": null, "stdout_file": "Output/Log/configure_solver_2025-04-22-15.07.03/SMAC2:_Validating_5_SCIP_Configurations_on_Europe_3h_year-0048.out", "stderr_file": "Output/Log/configure_solver_2025-04-22-15.07.03/SMAC2:_Validating_5_SCIP_Configurations_on_Europe_3h_year-0048.err", "slurm_job_id": "56315013_48", "job_state": null, "start_time_stamp": null, "end_time_stamp": null, "submit_time_stamp": null, "job_restarts": null, "job_qos": null, "job_partition": null, "job_nodes": null}, {"cmd": "python3 /rwthfs/rz/cluster/home/vx475510/miniforge3/envs/sparkle/lib/python3.10/site-packages/sparkle/solver/solver_cli.py --solver Solvers/SCIP --instance Instances/Europe_3h_year/problem_instance_europe_oct_3h.json --run-index 6 --performance-dataframe Output/Performance_Data/performance_data.csv --cutoff-time 60 --log-dir Output/Configuration/Raw_Data/SMAC2/SCIP_Europe_3h_year/validation   ", "working_dir": ".", "output_file": null, "stdout_file": "Output/Log/configure_solver_2025-04-22-15.07.03/SMAC2:_Validating_5_SCIP_Configurations_on_Europe_3h_year-0049.out", "stderr_file": "Output/Log/configure_solver_2025-04-22-15.07.03/SMAC2:_Validating_5_SCIP_Configurations_on_Europe_3h_year-0049.err", "slurm_job_id": "56315013_49", "job_state": null, "start_time_stamp": null, "end_time_stamp": null, "submit_time_stamp": null, "job_restarts": null, "job_qos": null, "job_partition": null, "job_nodes": null}, {"cmd": "python3 /rwthfs/rz/cluster/home/vx475510/miniforge3/envs/sparkle/lib/python3.10/site-packages/sparkle/solver/solver_cli.py --solver Solvers/SCIP --instance Instances/Europe_3h_year/problem_instance_europe_sep_3h.json --run-index 2 --performance-dataframe Output/Performance_Data/performance_data.csv --cutoff-time 60 --log-dir Output/Configuration/Raw_Data/SMAC2/SCIP_Europe_3h_year/validation   ", "working_dir": ".", "output_file": null, "stdout_file": "Output/Log/configure_solver_2025-04-22-15.07.03/SMAC2:_Validating_5_SCIP_Configurations_on_Europe_3h_year-0050.out", "stderr_file": "Output/Log/configure_solver_2025-04-22-15.07.03/SMAC2:_Validating_5_SCIP_Configurations_on_Europe_3h_year-0050.err", "slurm_job_id": "56315013_50", "job_state": null, "start_time_stamp": null, "end_time_stamp": null, "submit_time_stamp": null, "job_restarts": null, "job_qos": null, "job_partition": null, "job_nodes": null}, {"cmd": "python3 /rwthfs/rz/cluster/home/vx475510/miniforge3/envs/sparkle/lib/python3.10/site-packages/sparkle/solver/solver_cli.py --solver Solvers/SCIP --instance Instances/Europe_3h_year/problem_instance_europe_sep_3h.json --run-index 3 --performance-dataframe Output/Performance_Data/performance_data.csv --cutoff-time 60 --log-dir Output/Configuration/Raw_Data/SMAC2/SCIP_Europe_3h_year/validation   ", "working_dir": ".", "output_file": null, "stdout_file": "Output/Log/configure_solver_2025-04-22-15.07.03/SMAC2:_Validating_5_SCIP_Configurations_on_Europe_3h_year-0051.out", "stderr_file": "Output/Log/configure_solver_2025-04-22-15.07.03/SMAC2:_Validating_5_SCIP_Configurations_on_Europe_3h_year-0051.err", "slurm_job_id": "56315013_51", "job_state": null, "start_time_stamp": null, "end_time_stamp": null, "submit_time_stamp": null, "job_restarts": null, "job_qos": null, "job_partition": null, "job_nodes": null}, {"cmd": "python3 /rwthfs/rz/cluster/home/vx475510/miniforge3/envs/sparkle/lib/python3.10/site-packages/sparkle/solver/solver_cli.py --solver Solvers/SCIP --instance Instances/Europe_3h_year/problem_instance_europe_sep_3h.json --run-index 4 --performance-dataframe Output/Performance_Data/performance_data.csv --cutoff-time 60 --log-dir Output/Configuration/Raw_Data/SMAC2/SCIP_Europe_3h_year/validation   ", "working_dir": ".", "output_file": null, "stdout_file": "Output/Log/configure_solver_2025-04-22-15.07.03/SMAC2:_Validating_5_SCIP_Configurations_on_Europe_3h_year-0052.out", "stderr_file": "Output/Log/configure_solver_2025-04-22-15.07.03/SMAC2:_Validating_5_SCIP_Configurations_on_Europe_3h_year-0052.err", "slurm_job_id": "56315013_52", "job_state": null, "start_time_stamp": null, "end_time_stamp": null, "submit_time_stamp": null, "job_restarts": null, "job_qos": null, "job_partition": null, "job_nodes": null}, {"cmd": "python3 /rwthfs/rz/cluster/home/vx475510/miniforge3/envs/sparkle/lib/python3.10/site-packages/sparkle/solver/solver_cli.py --solver Solvers/SCIP --instance Instances/Europe_3h_year/problem_instance_europe_sep_3h.json --run-index 5 --performance-dataframe Output/Performance_Data/performance_data.csv --cutoff-time 60 --log-dir Output/Configuration/Raw_Data/SMAC2/SCIP_Europe_3h_year/validation   ", "working_dir": ".", "output_file": null, "stdout_file": "Output/Log/configure_solver_2025-04-22-15.07.03/SMAC2:_Validating_5_SCIP_Configurations_on_Europe_3h_year-0053.out", "stderr_file": "Output/Log/configure_solver_2025-04-22-15.07.03/SMAC2:_Validating_5_SCIP_Configurations_on_Europe_3h_year-0053.err", "slurm_job_id": "56315013_53", "job_state": null, "start_time_stamp": null, "end_time_stamp": null, "submit_time_stamp": null, "job_restarts": null, "job_qos": null, "job_partition": null, "job_nodes": null}, {"cmd": "python3 /rwthfs/rz/cluster/home/vx475510/miniforge3/envs/sparkle/lib/python3.10/site-packages/sparkle/solver/solver_cli.py --solver Solvers/SCIP --instance Instances/Europe_3h_year/problem_instance_europe_sep_3h.json --run-index 6 --performance-dataframe Output/Performance_Data/performance_data.csv --cutoff-time 60 --log-dir Output/Configuration/Raw_Data/SMAC2/SCIP_Europe_3h_year/validation   ", "working_dir": ".", "output_file": null, "stdout_file": "Output/Log/configure_solver_2025-04-22-15.07.03/SMAC2:_Validating_5_SCIP_Configurations_on_Europe_3h_year-0054.out", "stderr_file": "Output/Log/configure_solver_2025-04-22-15.07.03/SMAC2:_Validating_5_SCIP_Configurations_on_Europe_3h_year-0054.err", "slurm_job_id": "56315013_54", "job_state": null, "start_time_stamp": null, "end_time_stamp": null, "submit_time_stamp": null, "job_restarts": null, "job_qos": null, "job_partition": null, "job_nodes": null}, {"cmd": "python3 /rwthfs/rz/cluster/home/vx475510/miniforge3/envs/sparkle/lib/python3.10/site-packages/sparkle/solver/solver_cli.py --solver Solvers/SCIP --instance Instances/Europe_3h_year/problem_instance_europe_apr_3h.json --run-index 2 --performance-dataframe Output/Performance_Data/performance_data.csv --cutoff-time 60 --log-dir Output/Configuration/Raw_Data/SMAC2/SCIP_Europe_3h_year/validation   ", "working_dir": ".", "output_file": null, "stdout_file": "Output/Log/configure_solver_2025-04-22-15.07.03/SMAC2:_Validating_5_SCIP_Configurations_on_Europe_3h_year-0055.out", "stderr_file": "Output/Log/configure_solver_2025-04-22-15.07.03/SMAC2:_Validating_5_SCIP_Configurations_on_Europe_3h_year-0055.err", "slurm_job_id": "56315013_55", "job_state": null, "start_time_stamp": null, "end_time_stamp": null, "submit_time_stamp": null, "job_restarts": null, "job_qos": null, "job_partition": null, "job_nodes": null}, {"cmd": "python3 /rwthfs/rz/cluster/home/vx475510/miniforge3/envs/sparkle/lib/python3.10/site-packages/sparkle/solver/solver_cli.py --solver Solvers/SCIP --instance Instances/Europe_3h_year/problem_instance_europe_apr_3h.json --run-index 3 --performance-dataframe Output/Performance_Data/performance_data.csv --cutoff-time 60 --log-dir Output/Configuration/Raw_Data/SMAC2/SCIP_Europe_3h_year/validation   ", "working_dir": ".", "output_file": null, "stdout_file": "Output/Log/configure_solver_2025-04-22-15.07.03/SMAC2:_Validating_5_SCIP_Configurations_on_Europe_3h_year-0056.out", "stderr_file": "Output/Log/configure_solver_2025-04-22-15.07.03/SMAC2:_Validating_5_SCIP_Configurations_on_Europe_3h_year-0056.err", "slurm_job_id": "56315013_56", "job_state": null, "start_time_stamp": null, "end_time_stamp": null, "submit_time_stamp": null, "job_restarts": null, "job_qos": null, "job_partition": null, "job_nodes": null}, {"cmd": "python3 /rwthfs/rz/cluster/home/vx475510/miniforge3/envs/sparkle/lib/python3.10/site-packages/sparkle/solver/solver_cli.py --solver Solvers/SCIP --instance Instances/Europe_3h_year/problem_instance_europe_apr_3h.json --run-index 4 --performance-dataframe Output/Performance_Data/performance_data.csv --cutoff-time 60 --log-dir Output/Configuration/Raw_Data/SMAC2/SCIP_Europe_3h_year/validation   ", "working_dir": ".", "output_file": null, "stdout_file": "Output/Log/configure_solver_2025-04-22-15.07.03/SMAC2:_Validating_5_SCIP_Configurations_on_Europe_3h_year-0057.out", "stderr_file": "Output/Log/configure_solver_2025-04-22-15.07.03/SMAC2:_Validating_5_SCIP_Configurations_on_Europe_3h_year-0057.err", "slurm_job_id": "56315013_57", "job_state": null, "start_time_stamp": null, "end_time_stamp": null, "submit_time_stamp": null, "job_restarts": null, "job_qos": null, "job_partition": null, "job_nodes": null}, {"cmd": "python3 /rwthfs/rz/cluster/home/vx475510/miniforge3/envs/sparkle/lib/python3.10/site-packages/sparkle/solver/solver_cli.py --solver Solvers/SCIP --instance Instances/Europe_3h_year/problem_instance_europe_apr_3h.json --run-index 5 --performance-dataframe Output/Performance_Data/performance_data.csv --cutoff-time 60 --log-dir Output/Configuration/Raw_Data/SMAC2/SCIP_Europe_3h_year/validation   ", "working_dir": ".", "output_file": null, "stdout_file": "Output/Log/configure_solver_2025-04-22-15.07.03/SMAC2:_Validating_5_SCIP_Configurations_on_Europe_3h_year-0058.out", "stderr_file": "Output/Log/configure_solver_2025-04-22-15.07.03/SMAC2:_Validating_5_SCIP_Configurations_on_Europe_3h_year-0058.err", "slurm_job_id": "56315013_58", "job_state": null, "start_time_stamp": null, "end_time_stamp": null, "submit_time_stamp": null, "job_restarts": null, "job_qos": null, "job_partition": null, "job_nodes": null}, {"cmd": "python3 /rwthfs/rz/cluster/home/vx475510/miniforge3/envs/sparkle/lib/python3.10/site-packages/sparkle/solver/solver_cli.py --solver Solvers/SCIP --instance Instances/Europe_3h_year/problem_instance_europe_apr_3h.json --run-index 6 --performance-dataframe Output/Performance_Data/performance_data.csv --cutoff-time 60 --log-dir Output/Configuration/Raw_Data/SMAC2/SCIP_Europe_3h_year/validation   ", "working_dir": ".", "output_file": null, "stdout_file": "Output/Log/configure_solver_2025-04-22-15.07.03/SMAC2:_Validating_5_SCIP_Configurations_on_Europe_3h_year-0059.out", "stderr_file": "Output/Log/configure_solver_2025-04-22-15.07.03/SMAC2:_Validating_5_SCIP_Configurations_on_Europe_3h_year-0059.err", "slurm_job_id": "56315013_59", "job_state": null, "start_time_stamp": null, "end_time_stamp": null, "submit_time_stamp": null, "job_restarts": null, "job_qos": null, "job_partition": null, "job_nodes": null}], "parallel_jobs": 60, "submitted": true, "run_id": "56315013", "prepend": "export CONDA_ROOT=$HOME/miniforge3\nsource $CONDA_ROOT/etc/profile.d/conda.sh\nexport PATH=\"$CONDA_ROOT/bin:$PATH\"\nconda activate sparkle"}