{"name": "SMAC2: SCIP on Europe_3h_year", "base_dir": "Output/Log/configure_solver_2025-04-22-15.07.03", "dependencies": [], "sbatch_options": ["--qos=normal", "--mem=10000", "--time=6:00", "--partition=c23ms"], "srun_options": [], "jobs": [{"cmd": "python3 /rwthfs/rz/cluster/home/vx475510/miniforge3/envs/sparkle/lib/python3.10/site-packages/sparkle/configurator/configurator_cli.py SMAC2 /rwthfs/rz/cluster/home/vx475510/satellite-operations-planning/sparkle/Output/Configuration/Raw_Data/SMAC2/SCIP_Europe_3h_year/results/SCIP_Europe_3h_year_seed_2_smac.txt Output/Performance_Data/performance_data.csv Output/Configuration/Raw_Data/SMAC2/SCIP_Europe_3h_year/SCIP_Europe_3h_year_scenario.txt 2 /rwthfs/rz/cluster/home/vx475510/miniforge3/envs/sparkle/lib/python3.10/site-packages/sparkle/Components/smac2-v2.10.03-master-778/smac --scenario-file Output/Configuration/Raw_Data/SMAC2/SCIP_Europe_3h_year/SCIP_Europe_3h_year_scenario.txt --seed 2 ", "working_dir": ".", "output_file": "/rwthfs/rz/cluster/home/vx475510/satellite-operations-planning/sparkle/Output/Configuration/Raw_Data/SMAC2/SCIP_Europe_3h_year/results/SCIP_Europe_3h_year_seed_2_smac.txt", "stdout_file": "Output/Log/configure_solver_2025-04-22-15.07.03/SMAC2:_SCIP_on_Europe_3h_year-0000.out", "stderr_file": "Output/Log/configure_solver_2025-04-22-15.07.03/SMAC2:_SCIP_on_Europe_3h_year-0000.err", "slurm_job_id": "56315012_0", "job_state": null, "start_time_stamp": null, "end_time_stamp": null, "submit_time_stamp": null, "job_restarts": null, "job_qos": null, "job_partition": null, "job_nodes": null}, {"cmd": "python3 /rwthfs/rz/cluster/home/vx475510/miniforge3/envs/sparkle/lib/python3.10/site-packages/sparkle/configurator/configurator_cli.py SMAC2 /rwthfs/rz/cluster/home/vx475510/satellite-operations-planning/sparkle/Output/Configuration/Raw_Data/SMAC2/SCIP_Europe_3h_year/results/SCIP_Europe_3h_year_seed_3_smac.txt Output/Performance_Data/performance_data.csv Output/Configuration/Raw_Data/SMAC2/SCIP_Europe_3h_year/SCIP_Europe_3h_year_scenario.txt 3 /rwthfs/rz/cluster/home/vx475510/miniforge3/envs/sparkle/lib/python3.10/site-packages/sparkle/Components/smac2-v2.10.03-master-778/smac --scenario-file Output/Configuration/Raw_Data/SMAC2/SCIP_Europe_3h_year/SCIP_Europe_3h_year_scenario.txt --seed 3 ", "working_dir": ".", "output_file": "/rwthfs/rz/cluster/home/vx475510/satellite-operations-planning/sparkle/Output/Configuration/Raw_Data/SMAC2/SCIP_Europe_3h_year/results/SCIP_Europe_3h_year_seed_3_smac.txt", "stdout_file": "Output/Log/configure_solver_2025-04-22-15.07.03/SMAC2:_SCIP_on_Europe_3h_year-0001.out", "stderr_file": "Output/Log/configure_solver_2025-04-22-15.07.03/SMAC2:_SCIP_on_Europe_3h_year-0001.err", "slurm_job_id": "56315012_1", "job_state": null, "start_time_stamp": null, "end_time_stamp": null, "submit_time_stamp": null, "job_restarts": null, "job_qos": null, "job_partition": null, "job_nodes": null}, {"cmd": "python3 /rwthfs/rz/cluster/home/vx475510/miniforge3/envs/sparkle/lib/python3.10/site-packages/sparkle/configurator/configurator_cli.py SMAC2 /rwthfs/rz/cluster/home/vx475510/satellite-operations-planning/sparkle/Output/Configuration/Raw_Data/SMAC2/SCIP_Europe_3h_year/results/SCIP_Europe_3h_year_seed_4_smac.txt Output/Performance_Data/performance_data.csv Output/Configuration/Raw_Data/SMAC2/SCIP_Europe_3h_year/SCIP_Europe_3h_year_scenario.txt 4 /rwthfs/rz/cluster/home/vx475510/miniforge3/envs/sparkle/lib/python3.10/site-packages/sparkle/Components/smac2-v2.10.03-master-778/smac --scenario-file Output/Configuration/Raw_Data/SMAC2/SCIP_Europe_3h_year/SCIP_Europe_3h_year_scenario.txt --seed 4 ", "working_dir": ".", "output_file": "/rwthfs/rz/cluster/home/vx475510/satellite-operations-planning/sparkle/Output/Configuration/Raw_Data/SMAC2/SCIP_Europe_3h_year/results/SCIP_Europe_3h_year_seed_4_smac.txt", "stdout_file": "Output/Log/configure_solver_2025-04-22-15.07.03/SMAC2:_SCIP_on_Europe_3h_year-0002.out", "stderr_file": "Output/Log/configure_solver_2025-04-22-15.07.03/SMAC2:_SCIP_on_Europe_3h_year-0002.err", "slurm_job_id": "56315012_2", "job_state": null, "start_time_stamp": null, "end_time_stamp": null, "submit_time_stamp": null, "job_restarts": null, "job_qos": null, "job_partition": null, "job_nodes": null}, {"cmd": "python3 /rwthfs/rz/cluster/home/vx475510/miniforge3/envs/sparkle/lib/python3.10/site-packages/sparkle/configurator/configurator_cli.py SMAC2 /rwthfs/rz/cluster/home/vx475510/satellite-operations-planning/sparkle/Output/Configuration/Raw_Data/SMAC2/SCIP_Europe_3h_year/results/SCIP_Europe_3h_year_seed_5_smac.txt Output/Performance_Data/performance_data.csv Output/Configuration/Raw_Data/SMAC2/SCIP_Europe_3h_year/SCIP_Europe_3h_year_scenario.txt 5 /rwthfs/rz/cluster/home/vx475510/miniforge3/envs/sparkle/lib/python3.10/site-packages/sparkle/Components/smac2-v2.10.03-master-778/smac --scenario-file Output/Configuration/Raw_Data/SMAC2/SCIP_Europe_3h_year/SCIP_Europe_3h_year_scenario.txt --seed 5 ", "working_dir": ".", "output_file": "/rwthfs/rz/cluster/home/vx475510/satellite-operations-planning/sparkle/Output/Configuration/Raw_Data/SMAC2/SCIP_Europe_3h_year/results/SCIP_Europe_3h_year_seed_5_smac.txt", "stdout_file": "Output/Log/configure_solver_2025-04-22-15.07.03/SMAC2:_SCIP_on_Europe_3h_year-0003.out", "stderr_file": "Output/Log/configure_solver_2025-04-22-15.07.03/SMAC2:_SCIP_on_Europe_3h_year-0003.err", "slurm_job_id": "56315012_3", "job_state": null, "start_time_stamp": null, "end_time_stamp": null, "submit_time_stamp": null, "job_restarts": null, "job_qos": null, "job_partition": null, "job_nodes": null}, {"cmd": "python3 /rwthfs/rz/cluster/home/vx475510/miniforge3/envs/sparkle/lib/python3.10/site-packages/sparkle/configurator/configurator_cli.py SMAC2 /rwthfs/rz/cluster/home/vx475510/satellite-operations-planning/sparkle/Output/Configuration/Raw_Data/SMAC2/SCIP_Europe_3h_year/results/SCIP_Europe_3h_year_seed_6_smac.txt Output/Performance_Data/performance_data.csv Output/Configuration/Raw_Data/SMAC2/SCIP_Europe_3h_year/SCIP_Europe_3h_year_scenario.txt 6 /rwthfs/rz/cluster/home/vx475510/miniforge3/envs/sparkle/lib/python3.10/site-packages/sparkle/Components/smac2-v2.10.03-master-778/smac --scenario-file Output/Configuration/Raw_Data/SMAC2/SCIP_Europe_3h_year/SCIP_Europe_3h_year_scenario.txt --seed 6 ", "working_dir": ".", "output_file": "/rwthfs/rz/cluster/home/vx475510/satellite-operations-planning/sparkle/Output/Configuration/Raw_Data/SMAC2/SCIP_Europe_3h_year/results/SCIP_Europe_3h_year_seed_6_smac.txt", "stdout_file": "Output/Log/configure_solver_2025-04-22-15.07.03/SMAC2:_SCIP_on_Europe_3h_year-0004.out", "stderr_file": "Output/Log/configure_solver_2025-04-22-15.07.03/SMAC2:_SCIP_on_Europe_3h_year-0004.err", "slurm_job_id": "56315012_4", "job_state": null, "start_time_stamp": null, "end_time_stamp": null, "submit_time_stamp": null, "job_restarts": null, "job_qos": null, "job_partition": null, "job_nodes": null}], "parallel_jobs": 25, "submitted": true, "run_id": "56315012", "prepend": "export CONDA_ROOT=$HOME/miniforge3\nsource $CONDA_ROOT/etc/profile.d/conda.sh\nexport PATH=\"$CONDA_ROOT/bin:$PATH\"\nconda activate sparkle"}