"CPU Time Used","Estimated Training Performance","Wallclock Time","Incumbent ID","Automatic Configurator (CPU) Time","Full Configuration","Predicted Performance (if available)",
"0.0"," 1.7976931348623157E308","0.0","1","0.0", " branching_preferbinary='FALSE', branching_scorefac='0.167', branching_scorefunc='p', heuristics_subnlp_presolveemphasis='0', heuristics_trivial_freq='0', lp_initalgorithm='s', lp_pricing='l', separating_gomory_away='0.01', separating_poolfreq='10'","NaN"
"18.943386686"," 9.394035","29.486","1","0.24293544099999997", " branching_preferbinary='FALSE', branching_scorefac='0.167', branching_scorefunc='p', heuristics_subnlp_presolveemphasis='0', heuristics_trivial_freq='0', lp_initalgorithm='s', lp_pricing='l', separating_gomory_away='0.01', separating_poolfreq='10'","NaN"
"31.489486781"," 7.5705860000000005","49.137","1","0.396368611", " branching_preferbinary='FALSE', branching_scorefac='0.167', branching_scorefunc='p', heuristics_subnlp_presolveemphasis='0', heuristics_trivial_freq='0', lp_initalgorithm='s', lp_pricing='l', separating_gomory_away='0.01', separating_poolfreq='10'","9.394035"
"69.680872788"," 8.150965333333334","101.544","1","0.4914363690000001", " branching_preferbinary='FALSE', branching_scorefac='0.167', branching_scorefunc='p', heuristics_subnlp_presolveemphasis='0', heuristics_trivial_freq='0', lp_initalgorithm='s', lp_pricing='l', separating_gomory_away='0.01', separating_poolfreq='10'","9.394035"
"135.286441182"," 7.9549765","195.133","1","0.7109812799999998", " branching_preferbinary='FALSE', branching_scorefac='0.167', branching_scorefunc='p', heuristics_subnlp_presolveemphasis='0', heuristics_trivial_freq='0', lp_initalgorithm='s', lp_pricing='l', separating_gomory_away='0.01', separating_poolfreq='10'","8.367727142857145"
"211.60079031700002"," 8.7001782","299.945","1","0.883950986", " branching_preferbinary='FALSE', branching_scorefac='0.167', branching_scorefunc='p', heuristics_subnlp_presolveemphasis='0', heuristics_trivial_freq='0', lp_initalgorithm='s', lp_pricing='l', separating_gomory_away='0.01', separating_poolfreq='10'","8.367727142857145"
"226.761245153"," 8.7001782","322.07","1","0.9298350139999999", " branching_preferbinary='FALSE', branching_scorefac='0.167', branching_scorefunc='p', heuristics_subnlp_presolveemphasis='0', heuristics_trivial_freq='0', lp_initalgorithm='s', lp_pricing='l', separating_gomory_away='0.01', separating_poolfreq='10'","8.367727142857145"
