"CPU Time Used","Estimated Training Performance","Wallclock Time","Incumbent ID","Automatic Configurator (CPU) Time","Full Configuration","Predicted Performance (if available)",
"0.0"," 1.7976931348623157E308","0.0","1","0.0", " branching_preferbinary='FALSE', branching_scorefac='0.167', branching_scorefunc='p', heuristics_subnlp_presolveemphasis='0', heuristics_trivial_freq='0', lp_initalgorithm='s', lp_pricing='l', separating_gomory_away='0.01', separating_poolfreq='10'","NaN"
"20.843265786"," 10.579899","29.551","1","0.24431431400000003", " branching_preferbinary='FALSE', branching_scorefac='0.167', branching_scorefunc='p', heuristics_subnlp_presolveemphasis='0', heuristics_trivial_freq='0', lp_initalgorithm='s', lp_pricing='l', separating_gomory_away='0.01', separating_poolfreq='10'","NaN"
"32.215313124"," 7.8435939999999995","47.684","1","0.379852371", " branching_preferbinary='FALSE', branching_scorefac='0.167', branching_scorefunc='p', heuristics_subnlp_presolveemphasis='0', heuristics_trivial_freq='0', lp_initalgorithm='s', lp_pricing='l', separating_gomory_away='0.01', separating_poolfreq='10'","10.579899"
"62.702967212999994"," 7.223026","91.786","2","0.47563788100000004", " branching_preferbinary='TRUE', branching_scorefac='0.757970025128624', branching_scorefunc='p', heuristics_subnlp_presolveemphasis='2', heuristics_trivial_freq='-1', lp_initalgorithm='c', lp_pricing='f', separating_gomory_away='0.006386804142787647', separating_poolfreq='10'","10.579899"
"76.284886794"," 6.912485333333334","112.099","2","0.5184277279999999", " branching_preferbinary='TRUE', branching_scorefac='0.757970025128624', branching_scorefunc='p', heuristics_subnlp_presolveemphasis='2', heuristics_trivial_freq='-1', lp_initalgorithm='c', lp_pricing='f', separating_gomory_away='0.006386804142787647', separating_poolfreq='10'","10.579899"
"115.54124778699999"," 7.47015025","165.317","2","0.673328669", " branching_preferbinary='TRUE', branching_scorefac='0.757970025128624', branching_scorefunc='p', heuristics_subnlp_presolveemphasis='2', heuristics_trivial_freq='-1', lp_initalgorithm='c', lp_pricing='f', separating_gomory_away='0.006386804142787647', separating_poolfreq='10'","7.754702833333335"
"154.35490722699998"," 8.0423724","217.84","2","0.7666204480000001", " branching_preferbinary='TRUE', branching_scorefac='0.757970025128624', branching_scorefunc='p', heuristics_subnlp_presolveemphasis='2', heuristics_trivial_freq='-1', lp_initalgorithm='c', lp_pricing='f', separating_gomory_away='0.006386804142787647', separating_poolfreq='10'","7.754702833333335"
"185.72673322799997"," 7.499424166666667","262.79","2","0.8943110179999998", " branching_preferbinary='TRUE', branching_scorefac='0.757970025128624', branching_scorefunc='p', heuristics_subnlp_presolveemphasis='2', heuristics_trivial_freq='-1', lp_initalgorithm='c', lp_pricing='f', separating_gomory_away='0.006386804142787647', separating_poolfreq='10'","8.000656814285716"
"213.590998668"," 7.64039","303.953","2","0.9681055449999998", " branching_preferbinary='TRUE', branching_scorefac='0.757970025128624', branching_scorefunc='p', heuristics_subnlp_presolveemphasis='2', heuristics_trivial_freq='-1', lp_initalgorithm='c', lp_pricing='f', separating_gomory_away='0.006386804142787647', separating_poolfreq='10'","8.000656814285716"
"213.59623861199998"," 7.64039","303.969","2","0.9733106659999999", " branching_preferbinary='TRUE', branching_scorefac='0.757970025128624', branching_scorefunc='p', heuristics_subnlp_presolveemphasis='2', heuristics_trivial_freq='-1', lp_initalgorithm='c', lp_pricing='f', separating_gomory_away='0.006386804142787647', separating_poolfreq='10'","8.000656814285716"
