[ {
  "@pi-id" : 2,
  "pi-name" : "Instances/Europe_3h_year/problem_instance_europe_aug_3h.json",
  "pi-instance-specific-info" : "0",
  "pi-features" : { },
  "pi-instance-id(deprecated)" : 1
}, {
  "@pi-id" : 3,
  "pi-name" : "Instances/Europe_3h_year/problem_instance_europe_mar_3h.json",
  "pi-instance-specific-info" : "0",
  "pi-features" : { },
  "pi-instance-id(deprecated)" : 2
}, {
  "@pi-id" : 4,
  "pi-name" : "Instances/Europe_3h_year/problem_instance_europe_feb_3h.json",
  "pi-instance-specific-info" : "0",
  "pi-features" : { },
  "pi-instance-id(deprecated)" : 3
}, {
  "@pi-id" : 5,
  "pi-name" : "Instances/Europe_3h_year/problem_instance_europe_dec_3h.json",
  "pi-instance-specific-info" : "0",
  "pi-features" : { },
  "pi-instance-id(deprecated)" : 4
}, {
  "@pi-id" : 6,
  "pi-name" : "Instances/Europe_3h_year/problem_instance_europe_may_3h.json",
  "pi-instance-specific-info" : "0",
  "pi-features" : { },
  "pi-instance-id(deprecated)" : 5
}, {
  "@pi-id" : 7,
  "pi-name" : "Instances/Europe_3h_year/problem_instance_europe_jun_3h.json",
  "pi-instance-specific-info" : "0",
  "pi-features" : { },
  "pi-instance-id(deprecated)" : 6
}, {
  "@pi-id" : 8,
  "pi-name" : "Instances/Europe_3h_year/problem_instance_europe_jan_3h.json",
  "pi-instance-specific-info" : "0",
  "pi-features" : { },
  "pi-instance-id(deprecated)" : 7
}, {
  "@pi-id" : 9,
  "pi-name" : "Instances/Europe_3h_year/problem_instance_europe_jul_3h.json",
  "pi-instance-specific-info" : "0",
  "pi-features" : { },
  "pi-instance-id(deprecated)" : 8
}, {
  "@pi-id" : 10,
  "pi-name" : "Instances/Europe_3h_year/problem_instance_europe_nov_3h.json",
  "pi-instance-specific-info" : "0",
  "pi-features" : { },
  "pi-instance-id(deprecated)" : 9
}, {
  "@pi-id" : 11,
  "pi-name" : "Instances/Europe_3h_year/problem_instance_europe_oct_3h.json",
  "pi-instance-specific-info" : "0",
  "pi-features" : { },
  "pi-instance-id(deprecated)" : 10
}, {
  "@pi-id" : 12,
  "pi-name" : "Instances/Europe_3h_year/problem_instance_europe_sep_3h.json",
  "pi-instance-specific-info" : "0",
  "pi-features" : { },
  "pi-instance-id(deprecated)" : 11
}, {
  "@pi-id" : 13,
  "pi-name" : "Instances/Europe_3h_year/problem_instance_europe_apr_3h.json",
  "pi-instance-specific-info" : "0",
  "pi-features" : { },
  "pi-instance-id(deprecated)" : 12
} ] {
  "r-rc" : {
    "@rc-id" : 2,
    "rc-algo-exec-config" : {
      "@algo-exec-config-id" : 2,
      "algo-exec" : "/rwthfs/rz/cluster/home/vx475510/miniforge3/envs/sparkle/lib/python3.10/site-packages/sparkle/Components/smac2-v2.10.03-master-778/smac2_target_algorithm.py Solvers/SCIP Output/Configuration/Raw_Data/SMAC2/SCIP_Europe_3h_year/tmp runtime",
      "algo-exec-dir" : "/rwthfs/rz/cluster/home/vx475510/satellite-operations-planning/sparkle",
      "algo-pcs" : {
        "@pcs-id" : 2,
        "pcs-filename" : "/rwthfs/rz/cluster/home/vx475510/satellite-operations-planning/sparkle/Solvers/SCIP/configspace.pcs",
        "pcs-text" : "branching_scorefunc categorical {s, p, q} [p]\nbranching_scorefac real [0.0, 1.0] [0.167]\nbranching_preferbinary categorical {TRUE, FALSE} [FALSE]\nlp_initalgorithm categorical {s, p, d, b, c} [s]\nlp_pricing categorical {l, a, f, q, d} [l]\nheuristics_trivial_freq integer [-1, 10] [0]\nseparating_poolfreq integer [0, 10] [10]\nseparating_gomory_away real [0.0, 0.01] [0.01]\nheuristics_subnlp_presolveemphasis categorical {0, 1, 2, 3} [0]\n",
        "pcs-subspace" : { }
      },
      "algo-cutoff" : 60.0,
      "algo-deterministic" : false,
      "algo-tae-context" : { }
    },
    "rc-cutoff" : 60.0,
    "rc-pisp" : {
      "@pisp-id" : 2,
      "pisp-pi" : {
        "@pi-id" : 3
      },
      "pisp-seed" : 6454812
    },
    "rc-pc" : {
      "@pc-id" : 2,
      "pc-pcs" : {
        "@pcs-id" : 2
      },
      "pc-settings" : {
        "branching_preferbinary" : "FALSE",
        "branching_scorefac" : "0.167",
        "branching_scorefunc" : "p",
        "heuristics_subnlp_presolveemphasis" : "0",
        "heuristics_trivial_freq" : "0",
        "lp_initalgorithm" : "s",
        "lp_pricing" : "l",
        "separating_gomory_away" : "0.01",
        "separating_poolfreq" : "10"
      },
      "pc-active-parameters" : [ "branching_preferbinary", "branching_scorefac", "branching_scorefunc", "heuristics_subnlp_presolveemphasis", "heuristics_trivial_freq", "lp_initalgorithm", "lp_pricing", "separating_gomory_away", "separating_poolfreq" ],
      "pc-forbidden" : false,
      "pc-default" : true
    },
    "rc-sample-idx" : 0
  },
  "r-run-result" : "SAT",
  "r-runtime" : 15.0142,
  "r-run-length" : 0.0,
  "r-quality" : 7.364776,
  "r-result-seed" : 6454812,
  "r-addl-run-data" : "",
  "r-wallclock-time" : 24.405
} {
  "r-rc" : {
    "@rc-id" : 3,
    "rc-algo-exec-config" : {
      "@algo-exec-config-id" : 2
    },
    "rc-cutoff" : 60.0,
    "rc-pisp" : {
      "@pisp-id" : 3,
      "pisp-pi" : {
        "@pi-id" : 6
      },
      "pisp-seed" : 13662182
    },
    "rc-pc" : {
      "@pc-id" : 2
    },
    "rc-sample-idx" : 0
  },
  "r-run-result" : "SAT",
  "r-runtime" : 27.2822,
  "r-run-length" : 0.0,
  "r-quality" : 14.684068,
  "r-result-seed" : 13662182,
  "r-addl-run-data" : "",
  "r-wallclock-time" : 35.521
} {
  "r-rc" : {
    "@rc-id" : 4,
    "rc-algo-exec-config" : {
      "@algo-exec-config-id" : 2
    },
    "rc-cutoff" : 60.0,
    "rc-pisp" : {
      "@pisp-id" : 3
    },
    "rc-pc" : {
      "@pc-id" : 4,
      "pc-pcs" : {
        "@pcs-id" : 2
      },
      "pc-settings" : {
        "branching_preferbinary" : "FALSE",
        "branching_scorefac" : "0.7308432961872954",
        "branching_scorefunc" : "p",
        "heuristics_subnlp_presolveemphasis" : "0",
        "heuristics_trivial_freq" : "5",
        "lp_initalgorithm" : "b",
        "lp_pricing" : "a",
        "separating_gomory_away" : "4.967041591809818E-4",
        "separating_poolfreq" : "6"
      },
      "pc-active-parameters" : [ "branching_preferbinary", "branching_scorefac", "branching_scorefunc", "heuristics_subnlp_presolveemphasis", "heuristics_trivial_freq", "lp_initalgorithm", "lp_pricing", "separating_gomory_away", "separating_poolfreq" ],
      "pc-forbidden" : false,
      "pc-default" : false
    },
    "rc-sample-idx" : 0
  },
  "r-run-result" : "SAT",
  "r-runtime" : 27.5089,
  "r-run-length" : 0.0,
  "r-quality" : 15.067868,
  "r-result-seed" : 13662182,
  "r-addl-run-data" : "",
  "r-wallclock-time" : 35.704
} {
  "r-rc" : {
    "@rc-id" : 5,
    "rc-algo-exec-config" : {
      "@algo-exec-config-id" : 2
    },
    "rc-cutoff" : 60.0,
    "rc-pisp" : {
      "@pisp-id" : 5,
      "pisp-pi" : {
        "@pi-id" : 2
      },
      "pisp-seed" : 5440803
    },
    "rc-pc" : {
      "@pc-id" : 2
    },
    "rc-sample-idx" : 0
  },
  "r-run-result" : "SAT",
  "r-runtime" : 24.5833,
  "r-run-length" : 0.0,
  "r-quality" : 12.618427,
  "r-result-seed" : 5440803,
  "r-addl-run-data" : "",
  "r-wallclock-time" : 32.579
} {
  "r-rc" : {
    "@rc-id" : 6,
    "rc-algo-exec-config" : {
      "@algo-exec-config-id" : 2
    },
    "rc-cutoff" : 60.0,
    "rc-pisp" : {
      "@pisp-id" : 2
    },
    "rc-pc" : {
      "@pc-id" : 6,
      "pc-pcs" : {
        "@pcs-id" : 2
      },
      "pc-settings" : {
        "branching_preferbinary" : "TRUE",
        "branching_scorefac" : "0.4395833165394365",
        "branching_scorefunc" : "q",
        "heuristics_subnlp_presolveemphasis" : "2",
        "heuristics_trivial_freq" : "-1",
        "lp_initalgorithm" : "p",
        "lp_pricing" : "l",
        "separating_gomory_away" : "0.007105926812650907",
        "separating_poolfreq" : "0"
      },
      "pc-active-parameters" : [ "branching_preferbinary", "branching_scorefac", "branching_scorefunc", "heuristics_subnlp_presolveemphasis", "heuristics_trivial_freq", "lp_initalgorithm", "lp_pricing", "separating_gomory_away", "separating_poolfreq" ],
      "pc-forbidden" : false,
      "pc-default" : false
    },
    "rc-sample-idx" : 0
  },
  "r-run-result" : "SAT",
  "r-runtime" : 14.9517,
  "r-run-length" : 0.0,
  "r-quality" : 7.168893,
  "r-result-seed" : 6454812,
  "r-addl-run-data" : "",
  "r-wallclock-time" : 22.294
} {
  "r-rc" : {
    "@rc-id" : 7,
    "rc-algo-exec-config" : {
      "@algo-exec-config-id" : 2
    },
    "rc-cutoff" : 60.0,
    "rc-pisp" : {
      "@pisp-id" : 3
    },
    "rc-pc" : {
      "@pc-id" : 6
    },
    "rc-sample-idx" : 0
  },
  "r-run-result" : "SAT",
  "r-runtime" : 26.2724,
  "r-run-length" : 0.0,
  "r-quality" : 13.770517,
  "r-result-seed" : 13662182,
  "r-addl-run-data" : "",
  "r-wallclock-time" : 34.304
} {
  "r-rc" : {
    "@rc-id" : 8,
    "rc-algo-exec-config" : {
      "@algo-exec-config-id" : 2
    },
    "rc-cutoff" : 60.0,
    "rc-pisp" : {
      "@pisp-id" : 5
    },
    "rc-pc" : {
      "@pc-id" : 6
    },
    "rc-sample-idx" : 0
  },
  "r-run-result" : "SAT",
  "r-runtime" : 25.019,
  "r-run-length" : 0.0,
  "r-quality" : 13.305189,
  "r-result-seed" : 5440803,
  "r-addl-run-data" : "",
  "r-wallclock-time" : 33.021
} {
  "r-rc" : {
    "@rc-id" : 9,
    "rc-algo-exec-config" : {
      "@algo-exec-config-id" : 2
    },
    "rc-cutoff" : 60.0,
    "rc-pisp" : {
      "@pisp-id" : 9,
      "pisp-pi" : {
        "@pi-id" : 10
      },
      "pisp-seed" : 12693225
    },
    "rc-pc" : {
      "@pc-id" : 6
    },
    "rc-sample-idx" : 0
  },
  "r-run-result" : "SAT",
  "r-runtime" : 28.3435,
  "r-run-length" : 0.0,
  "r-quality" : 15.040367,
  "r-result-seed" : 12693225,
  "r-addl-run-data" : "",
  "r-wallclock-time" : 36.569
} {
  "r-rc" : {
    "@rc-id" : 10,
    "rc-algo-exec-config" : {
      "@algo-exec-config-id" : 2
    },
    "rc-cutoff" : 60.0,
    "rc-pisp" : {
      "@pisp-id" : 9
    },
    "rc-pc" : {
      "@pc-id" : 10,
      "pc-pcs" : {
        "@pcs-id" : 2
      },
      "pc-settings" : {
        "branching_preferbinary" : "FALSE",
        "branching_scorefac" : "0.3360409771102979",
        "branching_scorefunc" : "s",
        "heuristics_subnlp_presolveemphasis" : "1",
        "heuristics_trivial_freq" : "1",
        "lp_initalgorithm" : "b",
        "lp_pricing" : "q",
        "separating_gomory_away" : "0.006978472727854675",
        "separating_poolfreq" : "2"
      },
      "pc-active-parameters" : [ "branching_preferbinary", "branching_scorefac", "branching_scorefunc", "heuristics_subnlp_presolveemphasis", "heuristics_trivial_freq", "lp_initalgorithm", "lp_pricing", "separating_gomory_away", "separating_poolfreq" ],
      "pc-forbidden" : false,
      "pc-default" : false
    },
    "rc-sample-idx" : 0
  },
  "r-run-result" : "SAT",
  "r-runtime" : 29.2967,
  "r-run-length" : 0.0,
  "r-quality" : 16.060694,
  "r-result-seed" : 12693225,
  "r-addl-run-data" : "",
  "r-wallclock-time" : 37.53
} {
  "r-rc" : {
    "@rc-id" : 11,
    "rc-algo-exec-config" : {
      "@algo-exec-config-id" : 2
    },
    "rc-cutoff" : 60.0,
    "rc-pisp" : {
      "@pisp-id" : 11,
      "pisp-pi" : {
        "@pi-id" : 5
      },
      "pisp-seed" : 3128183
    },
    "rc-pc" : {
      "@pc-id" : 6
    },
    "rc-sample-idx" : 0
  },
  "r-run-result" : "SAT",
  "r-runtime" : 27.5519,
  "r-run-length" : 0.0,
  "r-quality" : 15.034146,
  "r-result-seed" : 3128183,
  "r-addl-run-data" : "",
  "r-wallclock-time" : 35.691
}