[ {
  "@pi-id" : 2,
  "pi-name" : "Instances/Europe_3h_year/problem_instance_europe_aug_3h.json",
  "pi-instance-specific-info" : "0",
  "pi-features" : { },
  "pi-instance-id(deprecated)" : 1
}, {
  "@pi-id" : 3,
  "pi-name" : "Instances/Europe_3h_year/problem_instance_europe_mar_3h.json",
  "pi-instance-specific-info" : "0",
  "pi-features" : { },
  "pi-instance-id(deprecated)" : 2
}, {
  "@pi-id" : 4,
  "pi-name" : "Instances/Europe_3h_year/problem_instance_europe_feb_3h.json",
  "pi-instance-specific-info" : "0",
  "pi-features" : { },
  "pi-instance-id(deprecated)" : 3
}, {
  "@pi-id" : 5,
  "pi-name" : "Instances/Europe_3h_year/problem_instance_europe_dec_3h.json",
  "pi-instance-specific-info" : "0",
  "pi-features" : { },
  "pi-instance-id(deprecated)" : 4
}, {
  "@pi-id" : 6,
  "pi-name" : "Instances/Europe_3h_year/problem_instance_europe_may_3h.json",
  "pi-instance-specific-info" : "0",
  "pi-features" : { },
  "pi-instance-id(deprecated)" : 5
}, {
  "@pi-id" : 7,
  "pi-name" : "Instances/Europe_3h_year/problem_instance_europe_jun_3h.json",
  "pi-instance-specific-info" : "0",
  "pi-features" : { },
  "pi-instance-id(deprecated)" : 6
}, {
  "@pi-id" : 8,
  "pi-name" : "Instances/Europe_3h_year/problem_instance_europe_jan_3h.json",
  "pi-instance-specific-info" : "0",
  "pi-features" : { },
  "pi-instance-id(deprecated)" : 7
}, {
  "@pi-id" : 9,
  "pi-name" : "Instances/Europe_3h_year/problem_instance_europe_jul_3h.json",
  "pi-instance-specific-info" : "0",
  "pi-features" : { },
  "pi-instance-id(deprecated)" : 8
}, {
  "@pi-id" : 10,
  "pi-name" : "Instances/Europe_3h_year/problem_instance_europe_nov_3h.json",
  "pi-instance-specific-info" : "0",
  "pi-features" : { },
  "pi-instance-id(deprecated)" : 9
}, {
  "@pi-id" : 11,
  "pi-name" : "Instances/Europe_3h_year/problem_instance_europe_oct_3h.json",
  "pi-instance-specific-info" : "0",
  "pi-features" : { },
  "pi-instance-id(deprecated)" : 10
}, {
  "@pi-id" : 12,
  "pi-name" : "Instances/Europe_3h_year/problem_instance_europe_sep_3h.json",
  "pi-instance-specific-info" : "0",
  "pi-features" : { },
  "pi-instance-id(deprecated)" : 11
}, {
  "@pi-id" : 13,
  "pi-name" : "Instances/Europe_3h_year/problem_instance_europe_apr_3h.json",
  "pi-instance-specific-info" : "0",
  "pi-features" : { },
  "pi-instance-id(deprecated)" : 12
} ] {
  "r-rc" : {
    "@rc-id" : 2,
    "rc-algo-exec-config" : {
      "@algo-exec-config-id" : 2,
      "algo-exec" : "/rwthfs/rz/cluster/home/vx475510/miniforge3/envs/sparkle/lib/python3.10/site-packages/sparkle/Components/smac2-v2.10.03-master-778/smac2_target_algorithm.py Solvers/SCIP Output/Configuration/Raw_Data/SMAC2/SCIP_Europe_3h_year/tmp runtime",
      "algo-exec-dir" : "/rwthfs/rz/cluster/home/vx475510/satellite-operations-planning/sparkle",
      "algo-pcs" : {
        "@pcs-id" : 2,
        "pcs-filename" : "/rwthfs/rz/cluster/home/vx475510/satellite-operations-planning/sparkle/Solvers/SCIP/configspace.pcs",
        "pcs-text" : "branching_scorefunc categorical {s,p,q} [p]\nbranching_scorefac real [0.0,1.0] [0.167]\nbranching_preferbinary categorical {TRUE, FALSE} [FALSE]\nlp_initalgorithm categorical {s,p,d,b,c} [s]\nlp_pricing categorical {l,a,f,q,d} [l]\nheuristics_trivial_freq integer [-1,10] [0]\nseparating_poolfreq integer [0,10] [10]\nseparating_gomory_away real [0.0001,0.5] [0.01]\nheuristics_subnlp_presolveemphasis categorical {0,1,2,3} [0]\n",
        "pcs-subspace" : { }
      },
      "algo-cutoff" : 60.0,
      "algo-deterministic" : false,
      "algo-tae-context" : { }
    },
    "rc-cutoff" : 60.0,
    "rc-pisp" : {
      "@pisp-id" : 2,
      "pisp-pi" : {
        "@pi-id" : 6
      },
      "pisp-seed" : 7651328
    },
    "rc-pc" : {
      "@pc-id" : 2,
      "pc-pcs" : {
        "@pcs-id" : 2
      },
      "pc-settings" : {
        "branching_preferbinary" : "FALSE",
        "branching_scorefac" : "0.167",
        "branching_scorefunc" : "p",
        "heuristics_subnlp_presolveemphasis" : "0",
        "heuristics_trivial_freq" : "0",
        "lp_initalgorithm" : "s",
        "lp_pricing" : "l",
        "separating_gomory_away" : "0.01",
        "separating_poolfreq" : "10"
      },
      "pc-active-parameters" : [ "branching_preferbinary", "branching_scorefac", "branching_scorefunc", "heuristics_subnlp_presolveemphasis", "heuristics_trivial_freq", "lp_initalgorithm", "lp_pricing", "separating_gomory_away", "separating_poolfreq" ],
      "pc-forbidden" : false,
      "pc-default" : true
    },
    "rc-sample-idx" : 0
  },
  "r-run-result" : "SAT",
  "r-runtime" : 20.7205,
  "r-run-length" : 0.0,
  "r-quality" : 10.550977,
  "r-result-seed" : 7651328,
  "r-addl-run-data" : "",
  "r-wallclock-time" : 39.573
} {
  "r-rc" : {
    "@rc-id" : 3,
    "rc-algo-exec-config" : {
      "@algo-exec-config-id" : 2
    },
    "rc-cutoff" : 60.0,
    "rc-pisp" : {
      "@pisp-id" : 3,
      "pisp-pi" : {
        "@pi-id" : 7
      },
      "pisp-seed" : 12318549
    },
    "rc-pc" : {
      "@pc-id" : 2
    },
    "rc-sample-idx" : 0
  },
  "r-run-result" : "SAT",
  "r-runtime" : 18.078,
  "r-run-length" : 0.0,
  "r-quality" : 9.161122,
  "r-result-seed" : 12318549,
  "r-addl-run-data" : "",
  "r-wallclock-time" : 33.806
} {
  "r-rc" : {
    "@rc-id" : 4,
    "rc-algo-exec-config" : {
      "@algo-exec-config-id" : 2
    },
    "rc-cutoff" : 60.0,
    "rc-pisp" : {
      "@pisp-id" : 2
    },
    "rc-pc" : {
      "@pc-id" : 4,
      "pc-pcs" : {
        "@pcs-id" : 2
      },
      "pc-settings" : {
        "branching_preferbinary" : "TRUE",
        "branching_scorefac" : "0.5164190190090573",
        "branching_scorefunc" : "q",
        "heuristics_subnlp_presolveemphasis" : "1",
        "heuristics_trivial_freq" : "9",
        "lp_initalgorithm" : "b",
        "lp_pricing" : "f",
        "separating_gomory_away" : "0.07546024667490042",
        "separating_poolfreq" : "3"
      },
      "pc-active-parameters" : [ "branching_preferbinary", "branching_scorefac", "branching_scorefunc", "heuristics_subnlp_presolveemphasis", "heuristics_trivial_freq", "lp_initalgorithm", "lp_pricing", "separating_gomory_away", "separating_poolfreq" ],
      "pc-forbidden" : false,
      "pc-default" : false
    },
    "rc-sample-idx" : 0
  },
  "r-run-result" : "SAT",
  "r-runtime" : 20.7825,
  "r-run-length" : 0.0,
  "r-quality" : 10.621077,
  "r-result-seed" : 7651328,
  "r-addl-run-data" : "",
  "r-wallclock-time" : 27.676
} {
  "r-rc" : {
    "@rc-id" : 5,
    "rc-algo-exec-config" : {
      "@algo-exec-config-id" : 2
    },
    "rc-cutoff" : 60.0,
    "rc-pisp" : {
      "@pisp-id" : 5,
      "pisp-pi" : {
        "@pi-id" : 4
      },
      "pisp-seed" : 5574276
    },
    "rc-pc" : {
      "@pc-id" : 2
    },
    "rc-sample-idx" : 0
  },
  "r-run-result" : "SAT",
  "r-runtime" : 11.3378,
  "r-run-length" : 0.0,
  "r-quality" : 5.138162,
  "r-result-seed" : 5574276,
  "r-addl-run-data" : "",
  "r-wallclock-time" : 17.88
} {
  "r-rc" : {
    "@rc-id" : 6,
    "rc-algo-exec-config" : {
      "@algo-exec-config-id" : 2
    },
    "rc-cutoff" : 60.0,
    "rc-pisp" : {
      "@pisp-id" : 3
    },
    "rc-pc" : {
      "@pc-id" : 6,
      "pc-pcs" : {
        "@pcs-id" : 2
      },
      "pc-settings" : {
        "branching_preferbinary" : "TRUE",
        "branching_scorefac" : "0.08967774518623495",
        "branching_scorefunc" : "q",
        "heuristics_subnlp_presolveemphasis" : "0",
        "heuristics_trivial_freq" : "8",
        "lp_initalgorithm" : "c",
        "lp_pricing" : "q",
        "separating_gomory_away" : "0.3673478564641454",
        "separating_poolfreq" : "0"
      },
      "pc-active-parameters" : [ "branching_preferbinary", "branching_scorefac", "branching_scorefunc", "heuristics_subnlp_presolveemphasis", "heuristics_trivial_freq", "lp_initalgorithm", "lp_pricing", "separating_gomory_away", "separating_poolfreq" ],
      "pc-forbidden" : false,
      "pc-default" : false
    },
    "rc-sample-idx" : 0
  },
  "r-run-result" : "SAT",
  "r-runtime" : 18.0268,
  "r-run-length" : 0.0,
  "r-quality" : 9.172819,
  "r-result-seed" : 12318549,
  "r-addl-run-data" : "",
  "r-wallclock-time" : 24.755
} {
  "r-rc" : {
    "@rc-id" : 7,
    "rc-algo-exec-config" : {
      "@algo-exec-config-id" : 2
    },
    "rc-cutoff" : 60.0,
    "rc-pisp" : {
      "@pisp-id" : 7,
      "pisp-pi" : {
        "@pi-id" : 2
      },
      "pisp-seed" : 15828581
    },
    "rc-pc" : {
      "@pc-id" : 2
    },
    "rc-sample-idx" : 0
  },
  "r-run-result" : "SAT",
  "r-runtime" : 19.5898,
  "r-run-length" : 0.0,
  "r-quality" : 9.775768,
  "r-result-seed" : 15828581,
  "r-addl-run-data" : "",
  "r-wallclock-time" : 26.42
} {
  "r-rc" : {
    "@rc-id" : 8,
    "rc-algo-exec-config" : {
      "@algo-exec-config-id" : 2
    },
    "rc-cutoff" : 60.0,
    "rc-pisp" : {
      "@pisp-id" : 5
    },
    "rc-pc" : {
      "@pc-id" : 8,
      "pc-pcs" : {
        "@pcs-id" : 2
      },
      "pc-settings" : {
        "branching_preferbinary" : "TRUE",
        "branching_scorefac" : "0.8379599334096013",
        "branching_scorefunc" : "s",
        "heuristics_subnlp_presolveemphasis" : "3",
        "heuristics_trivial_freq" : "10",
        "lp_initalgorithm" : "c",
        "lp_pricing" : "l",
        "separating_gomory_away" : "0.15348564155534364",
        "separating_poolfreq" : "0"
      },
      "pc-active-parameters" : [ "branching_preferbinary", "branching_scorefac", "branching_scorefunc", "heuristics_subnlp_presolveemphasis", "heuristics_trivial_freq", "lp_initalgorithm", "lp_pricing", "separating_gomory_away", "separating_poolfreq" ],
      "pc-forbidden" : false,
      "pc-default" : false
    },
    "rc-sample-idx" : 0
  },
  "r-run-result" : "SAT",
  "r-runtime" : 11.2952,
  "r-run-length" : 0.0,
  "r-quality" : 5.105308,
  "r-result-seed" : 5574276,
  "r-addl-run-data" : "",
  "r-wallclock-time" : 27.079
} {
  "r-rc" : {
    "@rc-id" : 9,
    "rc-algo-exec-config" : {
      "@algo-exec-config-id" : 2
    },
    "rc-cutoff" : 60.0,
    "rc-pisp" : {
      "@pisp-id" : 3
    },
    "rc-pc" : {
      "@pc-id" : 8
    },
    "rc-sample-idx" : 0
  },
  "r-run-result" : "SAT",
  "r-runtime" : 17.9892,
  "r-run-length" : 0.0,
  "r-quality" : 9.137843,
  "r-result-seed" : 12318549,
  "r-addl-run-data" : "",
  "r-wallclock-time" : 24.773
} {
  "r-rc" : {
    "@rc-id" : 10,
    "rc-algo-exec-config" : {
      "@algo-exec-config-id" : 2
    },
    "rc-cutoff" : 60.0,
    "rc-pisp" : {
      "@pisp-id" : 2
    },
    "rc-pc" : {
      "@pc-id" : 8
    },
    "rc-sample-idx" : 0
  },
  "r-run-result" : "SAT",
  "r-runtime" : 20.638,
  "r-run-length" : 0.0,
  "r-quality" : 10.425299,
  "r-result-seed" : 7651328,
  "r-addl-run-data" : "",
  "r-wallclock-time" : 27.456
} {
  "r-rc" : {
    "@rc-id" : 11,
    "rc-algo-exec-config" : {
      "@algo-exec-config-id" : 2
    },
    "rc-cutoff" : 60.0,
    "rc-pisp" : {
      "@pisp-id" : 7
    },
    "rc-pc" : {
      "@pc-id" : 8
    },
    "rc-sample-idx" : 0
  },
  "r-run-result" : "SAT",
  "r-runtime" : 19.5585,
  "r-run-length" : 0.0,
  "r-quality" : 9.71159,
  "r-result-seed" : 15828581,
  "r-addl-run-data" : "",
  "r-wallclock-time" : 26.442
} {
  "r-rc" : {
    "@rc-id" : 12,
    "rc-algo-exec-config" : {
      "@algo-exec-config-id" : 2
    },
    "rc-cutoff" : 60.0,
    "rc-pisp" : {
      "@pisp-id" : 12,
      "pisp-pi" : {
        "@pi-id" : 11
      },
      "pisp-seed" : 14406056
    },
    "rc-pc" : {
      "@pc-id" : 8
    },
    "rc-sample-idx" : 0
  },
  "r-run-result" : "SAT",
  "r-runtime" : 18.9143,
  "r-run-length" : 0.0,
  "r-quality" : 9.350001,
  "r-result-seed" : 14406056,
  "r-addl-run-data" : "",
  "r-wallclock-time" : 25.635
} {
  "r-rc" : {
    "@rc-id" : 13,
    "rc-algo-exec-config" : {
      "@algo-exec-config-id" : 2
    },
    "rc-cutoff" : 60.0,
    "rc-pisp" : {
      "@pisp-id" : 3
    },
    "rc-pc" : {
      "@pc-id" : 13,
      "pc-pcs" : {
        "@pcs-id" : 2
      },
      "pc-settings" : {
        "branching_preferbinary" : "TRUE",
        "branching_scorefac" : "0.38930312648138654",
        "branching_scorefunc" : "s",
        "heuristics_subnlp_presolveemphasis" : "3",
        "heuristics_trivial_freq" : "2",
        "lp_initalgorithm" : "b",
        "lp_pricing" : "f",
        "separating_gomory_away" : "0.040793728833196985",
        "separating_poolfreq" : "7"
      },
      "pc-active-parameters" : [ "branching_preferbinary", "branching_scorefac", "branching_scorefunc", "heuristics_subnlp_presolveemphasis", "heuristics_trivial_freq", "lp_initalgorithm", "lp_pricing", "separating_gomory_away", "separating_poolfreq" ],
      "pc-forbidden" : false,
      "pc-default" : false
    },
    "rc-sample-idx" : 0
  },
  "r-run-result" : "SAT",
  "r-runtime" : 18.1294,
  "r-run-length" : 0.0,
  "r-quality" : 9.239596,
  "r-result-seed" : 12318549,
  "r-addl-run-data" : "",
  "r-wallclock-time" : 24.869
} {
  "r-rc" : {
    "@rc-id" : 14,
    "rc-algo-exec-config" : {
      "@algo-exec-config-id" : 2
    },
    "rc-cutoff" : 60.0,
    "rc-pisp" : {
      "@pisp-id" : 14,
      "pisp-pi" : {
        "@pi-id" : 9
      },
      "pisp-seed" : 9121941
    },
    "rc-pc" : {
      "@pc-id" : 8
    },
    "rc-sample-idx" : 0
  },
  "r-run-result" : "SAT",
  "r-runtime" : 21.1996,
  "r-run-length" : 0.0,
  "r-quality" : 10.83713,
  "r-result-seed" : 9121941,
  "r-addl-run-data" : "",
  "r-wallclock-time" : 28.142
} {
  "r-rc" : {
    "@rc-id" : 15,
    "rc-algo-exec-config" : {
      "@algo-exec-config-id" : 2
    },
    "rc-cutoff" : 60.0,
    "rc-pisp" : {
      "@pisp-id" : 2
    },
    "rc-pc" : {
      "@pc-id" : 15,
      "pc-pcs" : {
        "@pcs-id" : 2
      },
      "pc-settings" : {
        "branching_preferbinary" : "FALSE",
        "branching_scorefac" : "0.167",
        "branching_scorefunc" : "p",
        "heuristics_subnlp_presolveemphasis" : "2",
        "heuristics_trivial_freq" : "0",
        "lp_initalgorithm" : "s",
        "lp_pricing" : "l",
        "separating_gomory_away" : "0.01",
        "separating_poolfreq" : "10"
      },
      "pc-active-parameters" : [ "branching_preferbinary", "branching_scorefac", "branching_scorefunc", "heuristics_subnlp_presolveemphasis", "heuristics_trivial_freq", "lp_initalgorithm", "lp_pricing", "separating_gomory_away", "separating_poolfreq" ],
      "pc-forbidden" : false,
      "pc-default" : false
    },
    "rc-sample-idx" : 0
  },
  "r-run-result" : "SAT",
  "r-runtime" : 20.439,
  "r-run-length" : 0.0,
  "r-quality" : 10.374999,
  "r-result-seed" : 7651328,
  "r-addl-run-data" : "",
  "r-wallclock-time" : 28.994
} {
  "r-rc" : {
    "@rc-id" : 16,
    "rc-algo-exec-config" : {
      "@algo-exec-config-id" : 2
    },
    "rc-cutoff" : 60.0,
    "rc-pisp" : {
      "@pisp-id" : 3
    },
    "rc-pc" : {
      "@pc-id" : 15
    },
    "rc-sample-idx" : 0
  },
  "r-run-result" : "SAT",
  "r-runtime" : 17.9031,
  "r-run-length" : 0.0,
  "r-quality" : 9.043908,
  "r-result-seed" : 12318549,
  "r-addl-run-data" : "",
  "r-wallclock-time" : 24.668
} {
  "r-rc" : {
    "@rc-id" : 17,
    "rc-algo-exec-config" : {
      "@algo-exec-config-id" : 2
    },
    "rc-cutoff" : 60.0,
    "rc-pisp" : {
      "@pisp-id" : 14
    },
    "rc-pc" : {
      "@pc-id" : 15
    },
    "rc-sample-idx" : 0
  },
  "r-run-result" : "SAT",
  "r-runtime" : 21.0745,
  "r-run-length" : 0.0,
  "r-quality" : 10.820196,
  "r-result-seed" : 9121941,
  "r-addl-run-data" : "",
  "r-wallclock-time" : 27.86
} {
  "r-rc" : {
    "@rc-id" : 18,
    "rc-algo-exec-config" : {
      "@algo-exec-config-id" : 2
    },
    "rc-cutoff" : 60.0,
    "rc-pisp" : {
      "@pisp-id" : 12
    },
    "rc-pc" : {
      "@pc-id" : 15
    },
    "rc-sample-idx" : 0
  },
  "r-run-result" : "SAT",
  "r-runtime" : 18.8782,
  "r-run-length" : 0.0,
  "r-quality" : 9.296553,
  "r-result-seed" : 14406056,
  "r-addl-run-data" : "",
  "r-wallclock-time" : 25.656
} {
  "r-rc" : {
    "@rc-id" : 19,
    "rc-algo-exec-config" : {
      "@algo-exec-config-id" : 2
    },
    "rc-cutoff" : 60.0,
    "rc-pisp" : {
      "@pisp-id" : 7
    },
    "rc-pc" : {
      "@pc-id" : 15
    },
    "rc-sample-idx" : 0
  },
  "r-run-result" : "SAT",
  "r-runtime" : 19.3697,
  "r-run-length" : 0.0,
  "r-quality" : 9.633946,
  "r-result-seed" : 15828581,
  "r-addl-run-data" : "",
  "r-wallclock-time" : 26.165
}