Solver,,,Solvers/SCIP,Solvers/SCIP,Solvers/SCIP
Meta,,,Value,Seed,Configuration
Objective,Instance,Run,,,
cpu_time:metric,Instances/Europe_3h_single/problem_instance_europe_jan_3h.json,1,20.3068,1885594844.0,
cpu_time:metric,Instances/Europe_3h_single/problem_instance_europe_jan_3h.json,2,,,{}
cpu_time:metric,Instances/Europe_3h_single/problem_instance_europe_jan_3h.json,3,,,{}
cpu_time:metric,Instances/Europe_3h_single/problem_instance_europe_jan_3h.json,4,,,{}
cpu_time:metric,Instances/Europe_3h_single/problem_instance_europe_jan_3h.json,5,,,{}
cpu_time:metric,Instances/Europe_3h_single/problem_instance_europe_jan_3h.json,6,,,{}
cpu_time:metric,Instances/Europe_3h_single/problem_instance_europe_jan_3h.json,7,,,{}
cpu_time:metric,Instances/Europe_3h_single/problem_instance_europe_jan_3h.json,8,,,{}
cpu_time:metric,Instances/Europe_3h_single/problem_instance_europe_jan_3h.json,9,,,{}
cpu_time:metric,Instances/Europe_3h_single/problem_instance_europe_jan_3h.json,10,,,{}
cpu_time:metric,Instances/Europe_3h_single/problem_instance_europe_jan_3h.json,11,,,{}
cpu_time:metric,Instances/Europe_3h_single/problem_instance_europe_jan_3h.json,12,,,{}
cpu_time:metric,Instances/Europe_3h_single/problem_instance_europe_jan_3h.json,13,,,{}
cpu_time:metric,Instances/Europe_3h_single/problem_instance_europe_jan_3h.json,14,,,{}
cpu_time:metric,Instances/Europe_3h_single/problem_instance_europe_jan_3h.json,15,,,{}
cpu_time:metric,Instances/Europe_3h_single/problem_instance_europe_jan_3h.json,16,,,{}
cpu_time:metric,Instances/Europe_3h_single/problem_instance_europe_jan_3h.json,17,,,{}
cpu_time:metric,Instances/Europe_3h_single/problem_instance_europe_jan_3h.json,18,,,{}
cpu_time:metric,Instances/Europe_3h_single/problem_instance_europe_jan_3h.json,19,,,{}
cpu_time:metric,Instances/Europe_3h_single/problem_instance_europe_jan_3h.json,20,,,{}
cpu_time:metric,Instances/Europe_3h_single/problem_instance_europe_jan_3h.json,21,,,{}
cpu_time:metric,Instances/Europe_3h_single/problem_instance_europe_jan_3h.json,22,,,{}
cpu_time:metric,Instances/Europe_3h_single/problem_instance_europe_jan_3h.json,23,,,{}
cpu_time:metric,Instances/Europe_3h_single/problem_instance_europe_jan_3h.json,24,,,{}
cpu_time:metric,Instances/Europe_3h_single/problem_instance_europe_jan_3h.json,25,,,{}
cpu_time:metric,Instances/Europe_3h_single/problem_instance_europe_jan_3h.json,26,,,{}
cpu_time:metric,Instances/Europe_3h_single/problem_instance_europe_jan_3h.json,27,,,{}
cpu_time:metric,Instances/Europe_3h_single/problem_instance_europe_jan_3h.json,28,,,{}
cpu_time:metric,Instances/Europe_3h_single/problem_instance_europe_jan_3h.json,29,,,{}
cpu_time:metric,Instances/Europe_3h_single/problem_instance_europe_jan_3h.json,30,,,{}
cpu_time:metric,Instances/Europe_3h_single/problem_instance_europe_jan_3h.json,31,,,{}
cpu_time:metric,Instances/Europe_3h_single/problem_instance_europe_jan_3h.json,32,,,{}
cpu_time:metric,Instances/Europe_3h_single/problem_instance_europe_jan_3h.json,33,,,{}
cpu_time:metric,Instances/Europe_3h_single/problem_instance_europe_jan_3h.json,34,,,{}
cpu_time:metric,Instances/Europe_3h_single/problem_instance_europe_jan_3h.json,35,,,{}
cpu_time:metric,Instances/Europe_3h_single/problem_instance_europe_jan_3h.json,36,,,{}
cpu_time:metric,Instances/Europe_3h_single/problem_instance_europe_jan_3h.json,37,,,{}
cpu_time:metric,Instances/Europe_3h_single/problem_instance_europe_jan_3h.json,38,,,{}
cpu_time:metric,Instances/Europe_3h_single/problem_instance_europe_jan_3h.json,39,,,{}
cpu_time:metric,Instances/Europe_3h_single/problem_instance_europe_jan_3h.json,40,,,{}
cpu_time:metric,Instances/Europe_3h_single/problem_instance_europe_jan_3h.json,41,,,{}
cpu_time:metric,Instances/Europe_3h_single/problem_instance_europe_jan_3h.json,42,,,"{'branching_preferbinary': 'FALSE', 'branching_scorefac': '0.167', 'branching_scorefunc': 'p', 'heuristics_subnlp_presolveemphasis': '0', 'heuristics_trivial_freq': '0', 'lp_initalgorithm': 's', 'lp_pricing': 'l', 'separating_gomory_away': '0.01', 'separating_poolfreq': '10', 'configuration_id': 'SMAC2_1745521332.3284783_42'}"
cpu_time:metric,Instances/Europe_3h_single/problem_instance_europe_jan_3h.json,43,,,"{'branching_preferbinary': 'TRUE', 'branching_scorefac': '0.9256456579217872', 'branching_scorefunc': 'q', 'heuristics_subnlp_presolveemphasis': '3', 'heuristics_trivial_freq': '10', 'lp_initalgorithm': 's', 'lp_pricing': 'q', 'separating_gomory_away': '0.10121670993963419', 'separating_poolfreq': '2', 'configuration_id': 'SMAC2_1745521332.3284783_43'}"
cpu_time:metric,Instances/Europe_3h_single/problem_instance_europe_jan_3h.json,44,,,{}
cpu_time:metric,Instances/Europe_3h_single/problem_instance_europe_jan_3h.json,45,,,{}
cpu_time:metric,Instances/Europe_3h_single/problem_instance_europe_jan_3h.json,46,,,{}
cpu_time:metric,Instances/Europe_3h_single/problem_instance_europe_jan_3h.json,47,,,{}
cpu_time:metric,Instances/Europe_3h_single/problem_instance_europe_jan_3h.json,48,,,{}
cpu_time:metric,Instances/Europe_3h_single/problem_instance_europe_jan_3h.json,49,,,"{'branching_preferbinary': 'FALSE', 'branching_scorefac': '0.167', 'branching_scorefunc': 'p', 'heuristics_subnlp_presolveemphasis': '0', 'heuristics_trivial_freq': '0', 'lp_initalgorithm': 's', 'lp_pricing': 'l', 'separating_gomory_away': '0.01', 'separating_poolfreq': '10', 'configuration_id': 'SMAC2_1745521332.3284783_49'}"
cpu_time:metric,Instances/Europe_3h_single/problem_instance_europe_jan_3h.json,50,,,"{'branching_preferbinary': 'FALSE', 'branching_scorefac': '0.167', 'branching_scorefunc': 'p', 'heuristics_subnlp_presolveemphasis': '0', 'heuristics_trivial_freq': '0', 'lp_initalgorithm': 's', 'lp_pricing': 'l', 'separating_gomory_away': '0.01', 'separating_poolfreq': '10', 'configuration_id': 'SMAC2_1745521332.3284783_50'}"
cpu_time:metric,Instances/Europe_3h_single/problem_instance_europe_jan_3h.json,51,,,"{'branching_preferbinary': 'TRUE', 'branching_scorefac': '0.9867568238517027', 'branching_scorefunc': 'p', 'heuristics_subnlp_presolveemphasis': '2', 'heuristics_trivial_freq': '2', 'lp_initalgorithm': 'p', 'lp_pricing': 'q', 'separating_gomory_away': '0.283874385496177', 'separating_poolfreq': '2', 'configuration_id': 'SMAC2_1745521332.3284783_51'}"
cpu_time:metric,Instances/Europe_3h_single/problem_instance_europe_jan_3h.json,52,,,"{'branching_preferbinary': 'TRUE', 'branching_scorefac': '0.7398105706082301', 'branching_scorefunc': 's', 'heuristics_subnlp_presolveemphasis': '0', 'heuristics_trivial_freq': '8', 'lp_initalgorithm': 's', 'lp_pricing': 'l', 'separating_gomory_away': '0.4469757455610004', 'separating_poolfreq': '1', 'configuration_id': 'SMAC2_1745521332.3284783_52'}"
cpu_time:metric,Instances/Europe_3h_single/problem_instance_europe_jan_3h.json,53,,,"{'branching_preferbinary': 'FALSE', 'branching_scorefac': '0.3394082759163025', 'branching_scorefunc': 'p', 'heuristics_subnlp_presolveemphasis': '1', 'heuristics_trivial_freq': '1', 'lp_initalgorithm': 'b', 'lp_pricing': 'f', 'separating_gomory_away': '0.4409304785711819', 'separating_poolfreq': '5', 'configuration_id': 'SMAC2_1745521332.3284783_53'}"
cpu_time:metric,Instances/Europe_3h_single/problem_instance_europe_jan_3h.json,54,,,"{'branching_preferbinary': 'FALSE', 'branching_scorefac': '0.167', 'branching_scorefunc': 'p', 'heuristics_subnlp_presolveemphasis': '0', 'heuristics_trivial_freq': '0', 'lp_initalgorithm': 's', 'lp_pricing': 'l', 'separating_gomory_away': '0.01', 'separating_poolfreq': '10', 'configuration_id': 'SMAC2_1745521332.3284783_54'}"
cpu_time:metric,Instances/Europe_3h_single/problem_instance_europe_jan_3h.json,55,,,"{'branching_preferbinary': 'TRUE', 'branching_scorefac': '0.044783240611546815', 'branching_scorefunc': 'p', 'heuristics_subnlp_presolveemphasis': '2', 'heuristics_trivial_freq': '7', 'lp_initalgorithm': 'c', 'lp_pricing': 'l', 'separating_gomory_away': '0.01091920881485084', 'separating_poolfreq': '8', 'configuration_id': 'SMAC2_1745521332.3284783_55'}"
cpu_time:metric,Instances/Europe_3h_single/problem_instance_europe_jan_3h.json,56,,,"{'branching_preferbinary': 'FALSE', 'branching_scorefac': '0.595980984735329', 'branching_scorefunc': 'p', 'heuristics_subnlp_presolveemphasis': '3', 'heuristics_trivial_freq': '10', 'lp_initalgorithm': 'd', 'lp_pricing': 'd', 'separating_gomory_away': '0.002722264902230541', 'separating_poolfreq': '5', 'configuration_id': 'SMAC2_1745521332.3284783_56'}"
cpu_time:metric,Instances/Europe_3h_single/problem_instance_europe_jan_3h.json,57,,,"{'branching_preferbinary': 'FALSE', 'branching_scorefac': '0.167', 'branching_scorefunc': 'p', 'heuristics_subnlp_presolveemphasis': '0', 'heuristics_trivial_freq': '0', 'lp_initalgorithm': 's', 'lp_pricing': 'l', 'separating_gomory_away': '0.01', 'separating_poolfreq': '10', 'configuration_id': 'SMAC2_1745521332.3284783_57'}"
cpu_time:metric,Instances/Europe_3h_single/problem_instance_europe_jan_3h.json,58,,,{}
cpu_time:metric,Instances/Europe_3h_single/problem_instance_europe_jan_3h.json,59,,,"{'branching_preferbinary': 'FALSE', 'branching_scorefac': '0.09998617207754723', 'branching_scorefunc': 'p', 'heuristics_subnlp_presolveemphasis': '2', 'heuristics_trivial_freq': '3', 'lp_initalgorithm': 'p', 'lp_pricing': 'q', 'separating_gomory_away': '0.36902726311933687', 'separating_poolfreq': '5', 'configuration_id': 'SMAC2_1745521332.3284783_59'}"
cpu_time:metric,Instances/Europe_3h_single/problem_instance_europe_jan_3h.json,60,,,"{'branching_preferbinary': 'FALSE', 'branching_scorefac': '0.167', 'branching_scorefunc': 'p', 'heuristics_subnlp_presolveemphasis': '0', 'heuristics_trivial_freq': '0', 'lp_initalgorithm': 's', 'lp_pricing': 'l', 'separating_gomory_away': '0.01', 'separating_poolfreq': '10', 'configuration_id': 'SMAC2_1745521332.3284783_60'}"
cpu_time:metric,Instances/Europe_3h_single/problem_instance_europe_jan_3h.json,61,,,"{'branching_preferbinary': 'FALSE', 'branching_scorefac': '0.167', 'branching_scorefunc': 'p', 'heuristics_subnlp_presolveemphasis': '0', 'heuristics_trivial_freq': '0', 'lp_initalgorithm': 's', 'lp_pricing': 'l', 'separating_gomory_away': '0.01', 'separating_poolfreq': '10', 'configuration_id': 'SMAC2_1745521332.3284783_61'}"
memory:metric,Instances/Europe_3h_single/problem_instance_europe_jan_3h.json,1,2056.83984375,1885594844.0,
memory:metric,Instances/Europe_3h_single/problem_instance_europe_jan_3h.json,2,,,{}
memory:metric,Instances/Europe_3h_single/problem_instance_europe_jan_3h.json,3,,,{}
memory:metric,Instances/Europe_3h_single/problem_instance_europe_jan_3h.json,4,,,{}
memory:metric,Instances/Europe_3h_single/problem_instance_europe_jan_3h.json,5,,,{}
memory:metric,Instances/Europe_3h_single/problem_instance_europe_jan_3h.json,6,,,{}
memory:metric,Instances/Europe_3h_single/problem_instance_europe_jan_3h.json,7,,,{}
memory:metric,Instances/Europe_3h_single/problem_instance_europe_jan_3h.json,8,,,{}
memory:metric,Instances/Europe_3h_single/problem_instance_europe_jan_3h.json,9,,,{}
memory:metric,Instances/Europe_3h_single/problem_instance_europe_jan_3h.json,10,,,{}
memory:metric,Instances/Europe_3h_single/problem_instance_europe_jan_3h.json,11,,,{}
memory:metric,Instances/Europe_3h_single/problem_instance_europe_jan_3h.json,12,,,{}
memory:metric,Instances/Europe_3h_single/problem_instance_europe_jan_3h.json,13,,,{}
memory:metric,Instances/Europe_3h_single/problem_instance_europe_jan_3h.json,14,,,{}
memory:metric,Instances/Europe_3h_single/problem_instance_europe_jan_3h.json,15,,,{}
memory:metric,Instances/Europe_3h_single/problem_instance_europe_jan_3h.json,16,,,{}
memory:metric,Instances/Europe_3h_single/problem_instance_europe_jan_3h.json,17,,,{}
memory:metric,Instances/Europe_3h_single/problem_instance_europe_jan_3h.json,18,,,{}
memory:metric,Instances/Europe_3h_single/problem_instance_europe_jan_3h.json,19,,,{}
memory:metric,Instances/Europe_3h_single/problem_instance_europe_jan_3h.json,20,,,{}
memory:metric,Instances/Europe_3h_single/problem_instance_europe_jan_3h.json,21,,,{}
memory:metric,Instances/Europe_3h_single/problem_instance_europe_jan_3h.json,22,,,{}
memory:metric,Instances/Europe_3h_single/problem_instance_europe_jan_3h.json,23,,,{}
memory:metric,Instances/Europe_3h_single/problem_instance_europe_jan_3h.json,24,,,{}
memory:metric,Instances/Europe_3h_single/problem_instance_europe_jan_3h.json,25,,,{}
memory:metric,Instances/Europe_3h_single/problem_instance_europe_jan_3h.json,26,,,{}
memory:metric,Instances/Europe_3h_single/problem_instance_europe_jan_3h.json,27,,,{}
memory:metric,Instances/Europe_3h_single/problem_instance_europe_jan_3h.json,28,,,{}
memory:metric,Instances/Europe_3h_single/problem_instance_europe_jan_3h.json,29,,,{}
memory:metric,Instances/Europe_3h_single/problem_instance_europe_jan_3h.json,30,,,{}
memory:metric,Instances/Europe_3h_single/problem_instance_europe_jan_3h.json,31,,,{}
memory:metric,Instances/Europe_3h_single/problem_instance_europe_jan_3h.json,32,,,{}
memory:metric,Instances/Europe_3h_single/problem_instance_europe_jan_3h.json,33,,,{}
memory:metric,Instances/Europe_3h_single/problem_instance_europe_jan_3h.json,34,,,{}
memory:metric,Instances/Europe_3h_single/problem_instance_europe_jan_3h.json,35,,,{}
memory:metric,Instances/Europe_3h_single/problem_instance_europe_jan_3h.json,36,,,{}
memory:metric,Instances/Europe_3h_single/problem_instance_europe_jan_3h.json,37,,,{}
memory:metric,Instances/Europe_3h_single/problem_instance_europe_jan_3h.json,38,,,{}
memory:metric,Instances/Europe_3h_single/problem_instance_europe_jan_3h.json,39,,,{}
memory:metric,Instances/Europe_3h_single/problem_instance_europe_jan_3h.json,40,,,{}
memory:metric,Instances/Europe_3h_single/problem_instance_europe_jan_3h.json,41,,,{}
memory:metric,Instances/Europe_3h_single/problem_instance_europe_jan_3h.json,42,,,"{'branching_preferbinary': 'FALSE', 'branching_scorefac': '0.167', 'branching_scorefunc': 'p', 'heuristics_subnlp_presolveemphasis': '0', 'heuristics_trivial_freq': '0', 'lp_initalgorithm': 's', 'lp_pricing': 'l', 'separating_gomory_away': '0.01', 'separating_poolfreq': '10', 'configuration_id': 'SMAC2_1745521332.3284783_42'}"
memory:metric,Instances/Europe_3h_single/problem_instance_europe_jan_3h.json,43,,,"{'branching_preferbinary': 'TRUE', 'branching_scorefac': '0.9256456579217872', 'branching_scorefunc': 'q', 'heuristics_subnlp_presolveemphasis': '3', 'heuristics_trivial_freq': '10', 'lp_initalgorithm': 's', 'lp_pricing': 'q', 'separating_gomory_away': '0.10121670993963419', 'separating_poolfreq': '2', 'configuration_id': 'SMAC2_1745521332.3284783_43'}"
memory:metric,Instances/Europe_3h_single/problem_instance_europe_jan_3h.json,44,,,{}
memory:metric,Instances/Europe_3h_single/problem_instance_europe_jan_3h.json,45,,,{}
memory:metric,Instances/Europe_3h_single/problem_instance_europe_jan_3h.json,46,,,{}
memory:metric,Instances/Europe_3h_single/problem_instance_europe_jan_3h.json,47,,,{}
memory:metric,Instances/Europe_3h_single/problem_instance_europe_jan_3h.json,48,,,{}
memory:metric,Instances/Europe_3h_single/problem_instance_europe_jan_3h.json,49,,,"{'branching_preferbinary': 'FALSE', 'branching_scorefac': '0.167', 'branching_scorefunc': 'p', 'heuristics_subnlp_presolveemphasis': '0', 'heuristics_trivial_freq': '0', 'lp_initalgorithm': 's', 'lp_pricing': 'l', 'separating_gomory_away': '0.01', 'separating_poolfreq': '10', 'configuration_id': 'SMAC2_1745521332.3284783_49'}"
memory:metric,Instances/Europe_3h_single/problem_instance_europe_jan_3h.json,50,,,"{'branching_preferbinary': 'FALSE', 'branching_scorefac': '0.167', 'branching_scorefunc': 'p', 'heuristics_subnlp_presolveemphasis': '0', 'heuristics_trivial_freq': '0', 'lp_initalgorithm': 's', 'lp_pricing': 'l', 'separating_gomory_away': '0.01', 'separating_poolfreq': '10', 'configuration_id': 'SMAC2_1745521332.3284783_50'}"
memory:metric,Instances/Europe_3h_single/problem_instance_europe_jan_3h.json,51,,,"{'branching_preferbinary': 'TRUE', 'branching_scorefac': '0.9867568238517027', 'branching_scorefunc': 'p', 'heuristics_subnlp_presolveemphasis': '2', 'heuristics_trivial_freq': '2', 'lp_initalgorithm': 'p', 'lp_pricing': 'q', 'separating_gomory_away': '0.283874385496177', 'separating_poolfreq': '2', 'configuration_id': 'SMAC2_1745521332.3284783_51'}"
memory:metric,Instances/Europe_3h_single/problem_instance_europe_jan_3h.json,52,,,"{'branching_preferbinary': 'TRUE', 'branching_scorefac': '0.7398105706082301', 'branching_scorefunc': 's', 'heuristics_subnlp_presolveemphasis': '0', 'heuristics_trivial_freq': '8', 'lp_initalgorithm': 's', 'lp_pricing': 'l', 'separating_gomory_away': '0.4469757455610004', 'separating_poolfreq': '1', 'configuration_id': 'SMAC2_1745521332.3284783_52'}"
memory:metric,Instances/Europe_3h_single/problem_instance_europe_jan_3h.json,53,,,"{'branching_preferbinary': 'FALSE', 'branching_scorefac': '0.3394082759163025', 'branching_scorefunc': 'p', 'heuristics_subnlp_presolveemphasis': '1', 'heuristics_trivial_freq': '1', 'lp_initalgorithm': 'b', 'lp_pricing': 'f', 'separating_gomory_away': '0.4409304785711819', 'separating_poolfreq': '5', 'configuration_id': 'SMAC2_1745521332.3284783_53'}"
memory:metric,Instances/Europe_3h_single/problem_instance_europe_jan_3h.json,54,,,"{'branching_preferbinary': 'FALSE', 'branching_scorefac': '0.167', 'branching_scorefunc': 'p', 'heuristics_subnlp_presolveemphasis': '0', 'heuristics_trivial_freq': '0', 'lp_initalgorithm': 's', 'lp_pricing': 'l', 'separating_gomory_away': '0.01', 'separating_poolfreq': '10', 'configuration_id': 'SMAC2_1745521332.3284783_54'}"
memory:metric,Instances/Europe_3h_single/problem_instance_europe_jan_3h.json,55,,,"{'branching_preferbinary': 'TRUE', 'branching_scorefac': '0.044783240611546815', 'branching_scorefunc': 'p', 'heuristics_subnlp_presolveemphasis': '2', 'heuristics_trivial_freq': '7', 'lp_initalgorithm': 'c', 'lp_pricing': 'l', 'separating_gomory_away': '0.01091920881485084', 'separating_poolfreq': '8', 'configuration_id': 'SMAC2_1745521332.3284783_55'}"
memory:metric,Instances/Europe_3h_single/problem_instance_europe_jan_3h.json,56,,,"{'branching_preferbinary': 'FALSE', 'branching_scorefac': '0.595980984735329', 'branching_scorefunc': 'p', 'heuristics_subnlp_presolveemphasis': '3', 'heuristics_trivial_freq': '10', 'lp_initalgorithm': 'd', 'lp_pricing': 'd', 'separating_gomory_away': '0.002722264902230541', 'separating_poolfreq': '5', 'configuration_id': 'SMAC2_1745521332.3284783_56'}"
memory:metric,Instances/Europe_3h_single/problem_instance_europe_jan_3h.json,57,,,"{'branching_preferbinary': 'FALSE', 'branching_scorefac': '0.167', 'branching_scorefunc': 'p', 'heuristics_subnlp_presolveemphasis': '0', 'heuristics_trivial_freq': '0', 'lp_initalgorithm': 's', 'lp_pricing': 'l', 'separating_gomory_away': '0.01', 'separating_poolfreq': '10', 'configuration_id': 'SMAC2_1745521332.3284783_57'}"
memory:metric,Instances/Europe_3h_single/problem_instance_europe_jan_3h.json,58,,,{}
memory:metric,Instances/Europe_3h_single/problem_instance_europe_jan_3h.json,59,,,"{'branching_preferbinary': 'FALSE', 'branching_scorefac': '0.09998617207754723', 'branching_scorefunc': 'p', 'heuristics_subnlp_presolveemphasis': '2', 'heuristics_trivial_freq': '3', 'lp_initalgorithm': 'p', 'lp_pricing': 'q', 'separating_gomory_away': '0.36902726311933687', 'separating_poolfreq': '5', 'configuration_id': 'SMAC2_1745521332.3284783_59'}"
memory:metric,Instances/Europe_3h_single/problem_instance_europe_jan_3h.json,60,,,"{'branching_preferbinary': 'FALSE', 'branching_scorefac': '0.167', 'branching_scorefunc': 'p', 'heuristics_subnlp_presolveemphasis': '0', 'heuristics_trivial_freq': '0', 'lp_initalgorithm': 's', 'lp_pricing': 'l', 'separating_gomory_away': '0.01', 'separating_poolfreq': '10', 'configuration_id': 'SMAC2_1745521332.3284783_60'}"
memory:metric,Instances/Europe_3h_single/problem_instance_europe_jan_3h.json,61,,,"{'branching_preferbinary': 'FALSE', 'branching_scorefac': '0.167', 'branching_scorefunc': 'p', 'heuristics_subnlp_presolveemphasis': '0', 'heuristics_trivial_freq': '0', 'lp_initalgorithm': 's', 'lp_pricing': 'l', 'separating_gomory_away': '0.01', 'separating_poolfreq': '10', 'configuration_id': 'SMAC2_1745521332.3284783_61'}"
runtime,Instances/Europe_3h_single/problem_instance_europe_jan_3h.json,1,9.74764,1885594844.0,
runtime,Instances/Europe_3h_single/problem_instance_europe_jan_3h.json,2,,,{}
runtime,Instances/Europe_3h_single/problem_instance_europe_jan_3h.json,3,,,{}
runtime,Instances/Europe_3h_single/problem_instance_europe_jan_3h.json,4,,,{}
runtime,Instances/Europe_3h_single/problem_instance_europe_jan_3h.json,5,,,{}
runtime,Instances/Europe_3h_single/problem_instance_europe_jan_3h.json,6,,,{}
runtime,Instances/Europe_3h_single/problem_instance_europe_jan_3h.json,7,,,{}
runtime,Instances/Europe_3h_single/problem_instance_europe_jan_3h.json,8,,,{}
runtime,Instances/Europe_3h_single/problem_instance_europe_jan_3h.json,9,,,{}
runtime,Instances/Europe_3h_single/problem_instance_europe_jan_3h.json,10,,,{}
runtime,Instances/Europe_3h_single/problem_instance_europe_jan_3h.json,11,,,{}
runtime,Instances/Europe_3h_single/problem_instance_europe_jan_3h.json,12,,,{}
runtime,Instances/Europe_3h_single/problem_instance_europe_jan_3h.json,13,,,{}
runtime,Instances/Europe_3h_single/problem_instance_europe_jan_3h.json,14,,,{}
runtime,Instances/Europe_3h_single/problem_instance_europe_jan_3h.json,15,,,{}
runtime,Instances/Europe_3h_single/problem_instance_europe_jan_3h.json,16,,,{}
runtime,Instances/Europe_3h_single/problem_instance_europe_jan_3h.json,17,,,{}
runtime,Instances/Europe_3h_single/problem_instance_europe_jan_3h.json,18,,,{}
runtime,Instances/Europe_3h_single/problem_instance_europe_jan_3h.json,19,,,{}
runtime,Instances/Europe_3h_single/problem_instance_europe_jan_3h.json,20,,,{}
runtime,Instances/Europe_3h_single/problem_instance_europe_jan_3h.json,21,,,{}
runtime,Instances/Europe_3h_single/problem_instance_europe_jan_3h.json,22,,,{}
runtime,Instances/Europe_3h_single/problem_instance_europe_jan_3h.json,23,,,{}
runtime,Instances/Europe_3h_single/problem_instance_europe_jan_3h.json,24,,,{}
runtime,Instances/Europe_3h_single/problem_instance_europe_jan_3h.json,25,,,{}
runtime,Instances/Europe_3h_single/problem_instance_europe_jan_3h.json,26,,,{}
runtime,Instances/Europe_3h_single/problem_instance_europe_jan_3h.json,27,,,{}
runtime,Instances/Europe_3h_single/problem_instance_europe_jan_3h.json,28,,,{}
runtime,Instances/Europe_3h_single/problem_instance_europe_jan_3h.json,29,,,{}
runtime,Instances/Europe_3h_single/problem_instance_europe_jan_3h.json,30,,,{}
runtime,Instances/Europe_3h_single/problem_instance_europe_jan_3h.json,31,,,{}
runtime,Instances/Europe_3h_single/problem_instance_europe_jan_3h.json,32,,,{}
runtime,Instances/Europe_3h_single/problem_instance_europe_jan_3h.json,33,,,{}
runtime,Instances/Europe_3h_single/problem_instance_europe_jan_3h.json,34,,,{}
runtime,Instances/Europe_3h_single/problem_instance_europe_jan_3h.json,35,,,{}
runtime,Instances/Europe_3h_single/problem_instance_europe_jan_3h.json,36,,,{}
runtime,Instances/Europe_3h_single/problem_instance_europe_jan_3h.json,37,,,{}
runtime,Instances/Europe_3h_single/problem_instance_europe_jan_3h.json,38,,,{}
runtime,Instances/Europe_3h_single/problem_instance_europe_jan_3h.json,39,,,{}
runtime,Instances/Europe_3h_single/problem_instance_europe_jan_3h.json,40,,,{}
runtime,Instances/Europe_3h_single/problem_instance_europe_jan_3h.json,41,,,{}
runtime,Instances/Europe_3h_single/problem_instance_europe_jan_3h.json,42,,,"{'branching_preferbinary': 'FALSE', 'branching_scorefac': '0.167', 'branching_scorefunc': 'p', 'heuristics_subnlp_presolveemphasis': '0', 'heuristics_trivial_freq': '0', 'lp_initalgorithm': 's', 'lp_pricing': 'l', 'separating_gomory_away': '0.01', 'separating_poolfreq': '10', 'configuration_id': 'SMAC2_1745521332.3284783_42'}"
runtime,Instances/Europe_3h_single/problem_instance_europe_jan_3h.json,43,,,"{'branching_preferbinary': 'TRUE', 'branching_scorefac': '0.9256456579217872', 'branching_scorefunc': 'q', 'heuristics_subnlp_presolveemphasis': '3', 'heuristics_trivial_freq': '10', 'lp_initalgorithm': 's', 'lp_pricing': 'q', 'separating_gomory_away': '0.10121670993963419', 'separating_poolfreq': '2', 'configuration_id': 'SMAC2_1745521332.3284783_43'}"
runtime,Instances/Europe_3h_single/problem_instance_europe_jan_3h.json,44,,,{}
runtime,Instances/Europe_3h_single/problem_instance_europe_jan_3h.json,45,,,{}
runtime,Instances/Europe_3h_single/problem_instance_europe_jan_3h.json,46,,,{}
runtime,Instances/Europe_3h_single/problem_instance_europe_jan_3h.json,47,,,{}
runtime,Instances/Europe_3h_single/problem_instance_europe_jan_3h.json,48,,,{}
runtime,Instances/Europe_3h_single/problem_instance_europe_jan_3h.json,49,,,"{'branching_preferbinary': 'FALSE', 'branching_scorefac': '0.167', 'branching_scorefunc': 'p', 'heuristics_subnlp_presolveemphasis': '0', 'heuristics_trivial_freq': '0', 'lp_initalgorithm': 's', 'lp_pricing': 'l', 'separating_gomory_away': '0.01', 'separating_poolfreq': '10', 'configuration_id': 'SMAC2_1745521332.3284783_49'}"
runtime,Instances/Europe_3h_single/problem_instance_europe_jan_3h.json,50,,,"{'branching_preferbinary': 'FALSE', 'branching_scorefac': '0.167', 'branching_scorefunc': 'p', 'heuristics_subnlp_presolveemphasis': '0', 'heuristics_trivial_freq': '0', 'lp_initalgorithm': 's', 'lp_pricing': 'l', 'separating_gomory_away': '0.01', 'separating_poolfreq': '10', 'configuration_id': 'SMAC2_1745521332.3284783_50'}"
runtime,Instances/Europe_3h_single/problem_instance_europe_jan_3h.json,51,,,"{'branching_preferbinary': 'TRUE', 'branching_scorefac': '0.9867568238517027', 'branching_scorefunc': 'p', 'heuristics_subnlp_presolveemphasis': '2', 'heuristics_trivial_freq': '2', 'lp_initalgorithm': 'p', 'lp_pricing': 'q', 'separating_gomory_away': '0.283874385496177', 'separating_poolfreq': '2', 'configuration_id': 'SMAC2_1745521332.3284783_51'}"
runtime,Instances/Europe_3h_single/problem_instance_europe_jan_3h.json,52,,,"{'branching_preferbinary': 'TRUE', 'branching_scorefac': '0.7398105706082301', 'branching_scorefunc': 's', 'heuristics_subnlp_presolveemphasis': '0', 'heuristics_trivial_freq': '8', 'lp_initalgorithm': 's', 'lp_pricing': 'l', 'separating_gomory_away': '0.4469757455610004', 'separating_poolfreq': '1', 'configuration_id': 'SMAC2_1745521332.3284783_52'}"
runtime,Instances/Europe_3h_single/problem_instance_europe_jan_3h.json,53,,,"{'branching_preferbinary': 'FALSE', 'branching_scorefac': '0.3394082759163025', 'branching_scorefunc': 'p', 'heuristics_subnlp_presolveemphasis': '1', 'heuristics_trivial_freq': '1', 'lp_initalgorithm': 'b', 'lp_pricing': 'f', 'separating_gomory_away': '0.4409304785711819', 'separating_poolfreq': '5', 'configuration_id': 'SMAC2_1745521332.3284783_53'}"
runtime,Instances/Europe_3h_single/problem_instance_europe_jan_3h.json,54,,,"{'branching_preferbinary': 'FALSE', 'branching_scorefac': '0.167', 'branching_scorefunc': 'p', 'heuristics_subnlp_presolveemphasis': '0', 'heuristics_trivial_freq': '0', 'lp_initalgorithm': 's', 'lp_pricing': 'l', 'separating_gomory_away': '0.01', 'separating_poolfreq': '10', 'configuration_id': 'SMAC2_1745521332.3284783_54'}"
runtime,Instances/Europe_3h_single/problem_instance_europe_jan_3h.json,55,,,"{'branching_preferbinary': 'TRUE', 'branching_scorefac': '0.044783240611546815', 'branching_scorefunc': 'p', 'heuristics_subnlp_presolveemphasis': '2', 'heuristics_trivial_freq': '7', 'lp_initalgorithm': 'c', 'lp_pricing': 'l', 'separating_gomory_away': '0.01091920881485084', 'separating_poolfreq': '8', 'configuration_id': 'SMAC2_1745521332.3284783_55'}"
runtime,Instances/Europe_3h_single/problem_instance_europe_jan_3h.json,56,,,"{'branching_preferbinary': 'FALSE', 'branching_scorefac': '0.595980984735329', 'branching_scorefunc': 'p', 'heuristics_subnlp_presolveemphasis': '3', 'heuristics_trivial_freq': '10', 'lp_initalgorithm': 'd', 'lp_pricing': 'd', 'separating_gomory_away': '0.002722264902230541', 'separating_poolfreq': '5', 'configuration_id': 'SMAC2_1745521332.3284783_56'}"
runtime,Instances/Europe_3h_single/problem_instance_europe_jan_3h.json,57,,,"{'branching_preferbinary': 'FALSE', 'branching_scorefac': '0.167', 'branching_scorefunc': 'p', 'heuristics_subnlp_presolveemphasis': '0', 'heuristics_trivial_freq': '0', 'lp_initalgorithm': 's', 'lp_pricing': 'l', 'separating_gomory_away': '0.01', 'separating_poolfreq': '10', 'configuration_id': 'SMAC2_1745521332.3284783_57'}"
runtime,Instances/Europe_3h_single/problem_instance_europe_jan_3h.json,58,,,{}
runtime,Instances/Europe_3h_single/problem_instance_europe_jan_3h.json,59,,,"{'branching_preferbinary': 'FALSE', 'branching_scorefac': '0.09998617207754723', 'branching_scorefunc': 'p', 'heuristics_subnlp_presolveemphasis': '2', 'heuristics_trivial_freq': '3', 'lp_initalgorithm': 'p', 'lp_pricing': 'q', 'separating_gomory_away': '0.36902726311933687', 'separating_poolfreq': '5', 'configuration_id': 'SMAC2_1745521332.3284783_59'}"
runtime,Instances/Europe_3h_single/problem_instance_europe_jan_3h.json,60,,,"{'branching_preferbinary': 'FALSE', 'branching_scorefac': '0.167', 'branching_scorefunc': 'p', 'heuristics_subnlp_presolveemphasis': '0', 'heuristics_trivial_freq': '0', 'lp_initalgorithm': 's', 'lp_pricing': 'l', 'separating_gomory_away': '0.01', 'separating_poolfreq': '10', 'configuration_id': 'SMAC2_1745521332.3284783_60'}"
runtime,Instances/Europe_3h_single/problem_instance_europe_jan_3h.json,61,,,"{'branching_preferbinary': 'FALSE', 'branching_scorefac': '0.167', 'branching_scorefunc': 'p', 'heuristics_subnlp_presolveemphasis': '0', 'heuristics_trivial_freq': '0', 'lp_initalgorithm': 's', 'lp_pricing': 'l', 'separating_gomory_away': '0.01', 'separating_poolfreq': '10', 'configuration_id': 'SMAC2_1745521332.3284783_61'}"
status:metric,Instances/Europe_3h_single/problem_instance_europe_jan_3h.json,1,SUCCESS,1885594844.0,
status:metric,Instances/Europe_3h_single/problem_instance_europe_jan_3h.json,2,,,{}
status:metric,Instances/Europe_3h_single/problem_instance_europe_jan_3h.json,3,,,{}
status:metric,Instances/Europe_3h_single/problem_instance_europe_jan_3h.json,4,,,{}
status:metric,Instances/Europe_3h_single/problem_instance_europe_jan_3h.json,5,,,{}
status:metric,Instances/Europe_3h_single/problem_instance_europe_jan_3h.json,6,,,{}
status:metric,Instances/Europe_3h_single/problem_instance_europe_jan_3h.json,7,,,{}
status:metric,Instances/Europe_3h_single/problem_instance_europe_jan_3h.json,8,,,{}
status:metric,Instances/Europe_3h_single/problem_instance_europe_jan_3h.json,9,,,{}
status:metric,Instances/Europe_3h_single/problem_instance_europe_jan_3h.json,10,,,{}
status:metric,Instances/Europe_3h_single/problem_instance_europe_jan_3h.json,11,,,{}
status:metric,Instances/Europe_3h_single/problem_instance_europe_jan_3h.json,12,,,{}
status:metric,Instances/Europe_3h_single/problem_instance_europe_jan_3h.json,13,,,{}
status:metric,Instances/Europe_3h_single/problem_instance_europe_jan_3h.json,14,,,{}
status:metric,Instances/Europe_3h_single/problem_instance_europe_jan_3h.json,15,,,{}
status:metric,Instances/Europe_3h_single/problem_instance_europe_jan_3h.json,16,,,{}
status:metric,Instances/Europe_3h_single/problem_instance_europe_jan_3h.json,17,,,{}
status:metric,Instances/Europe_3h_single/problem_instance_europe_jan_3h.json,18,,,{}
status:metric,Instances/Europe_3h_single/problem_instance_europe_jan_3h.json,19,,,{}
status:metric,Instances/Europe_3h_single/problem_instance_europe_jan_3h.json,20,,,{}
status:metric,Instances/Europe_3h_single/problem_instance_europe_jan_3h.json,21,,,{}
status:metric,Instances/Europe_3h_single/problem_instance_europe_jan_3h.json,22,,,{}
status:metric,Instances/Europe_3h_single/problem_instance_europe_jan_3h.json,23,,,{}
status:metric,Instances/Europe_3h_single/problem_instance_europe_jan_3h.json,24,,,{}
status:metric,Instances/Europe_3h_single/problem_instance_europe_jan_3h.json,25,,,{}
status:metric,Instances/Europe_3h_single/problem_instance_europe_jan_3h.json,26,,,{}
status:metric,Instances/Europe_3h_single/problem_instance_europe_jan_3h.json,27,,,{}
status:metric,Instances/Europe_3h_single/problem_instance_europe_jan_3h.json,28,,,{}
status:metric,Instances/Europe_3h_single/problem_instance_europe_jan_3h.json,29,,,{}
status:metric,Instances/Europe_3h_single/problem_instance_europe_jan_3h.json,30,,,{}
status:metric,Instances/Europe_3h_single/problem_instance_europe_jan_3h.json,31,,,{}
status:metric,Instances/Europe_3h_single/problem_instance_europe_jan_3h.json,32,,,{}
status:metric,Instances/Europe_3h_single/problem_instance_europe_jan_3h.json,33,,,{}
status:metric,Instances/Europe_3h_single/problem_instance_europe_jan_3h.json,34,,,{}
status:metric,Instances/Europe_3h_single/problem_instance_europe_jan_3h.json,35,,,{}
status:metric,Instances/Europe_3h_single/problem_instance_europe_jan_3h.json,36,,,{}
status:metric,Instances/Europe_3h_single/problem_instance_europe_jan_3h.json,37,,,{}
status:metric,Instances/Europe_3h_single/problem_instance_europe_jan_3h.json,38,,,{}
status:metric,Instances/Europe_3h_single/problem_instance_europe_jan_3h.json,39,,,{}
status:metric,Instances/Europe_3h_single/problem_instance_europe_jan_3h.json,40,,,{}
status:metric,Instances/Europe_3h_single/problem_instance_europe_jan_3h.json,41,,,{}
status:metric,Instances/Europe_3h_single/problem_instance_europe_jan_3h.json,42,,,"{'branching_preferbinary': 'FALSE', 'branching_scorefac': '0.167', 'branching_scorefunc': 'p', 'heuristics_subnlp_presolveemphasis': '0', 'heuristics_trivial_freq': '0', 'lp_initalgorithm': 's', 'lp_pricing': 'l', 'separating_gomory_away': '0.01', 'separating_poolfreq': '10', 'configuration_id': 'SMAC2_1745521332.3284783_42'}"
status:metric,Instances/Europe_3h_single/problem_instance_europe_jan_3h.json,43,,,"{'branching_preferbinary': 'TRUE', 'branching_scorefac': '0.9256456579217872', 'branching_scorefunc': 'q', 'heuristics_subnlp_presolveemphasis': '3', 'heuristics_trivial_freq': '10', 'lp_initalgorithm': 's', 'lp_pricing': 'q', 'separating_gomory_away': '0.10121670993963419', 'separating_poolfreq': '2', 'configuration_id': 'SMAC2_1745521332.3284783_43'}"
status:metric,Instances/Europe_3h_single/problem_instance_europe_jan_3h.json,44,,,{}
status:metric,Instances/Europe_3h_single/problem_instance_europe_jan_3h.json,45,,,{}
status:metric,Instances/Europe_3h_single/problem_instance_europe_jan_3h.json,46,,,{}
status:metric,Instances/Europe_3h_single/problem_instance_europe_jan_3h.json,47,,,{}
status:metric,Instances/Europe_3h_single/problem_instance_europe_jan_3h.json,48,,,{}
status:metric,Instances/Europe_3h_single/problem_instance_europe_jan_3h.json,49,,,"{'branching_preferbinary': 'FALSE', 'branching_scorefac': '0.167', 'branching_scorefunc': 'p', 'heuristics_subnlp_presolveemphasis': '0', 'heuristics_trivial_freq': '0', 'lp_initalgorithm': 's', 'lp_pricing': 'l', 'separating_gomory_away': '0.01', 'separating_poolfreq': '10', 'configuration_id': 'SMAC2_1745521332.3284783_49'}"
status:metric,Instances/Europe_3h_single/problem_instance_europe_jan_3h.json,50,,,"{'branching_preferbinary': 'FALSE', 'branching_scorefac': '0.167', 'branching_scorefunc': 'p', 'heuristics_subnlp_presolveemphasis': '0', 'heuristics_trivial_freq': '0', 'lp_initalgorithm': 's', 'lp_pricing': 'l', 'separating_gomory_away': '0.01', 'separating_poolfreq': '10', 'configuration_id': 'SMAC2_1745521332.3284783_50'}"
status:metric,Instances/Europe_3h_single/problem_instance_europe_jan_3h.json,51,,,"{'branching_preferbinary': 'TRUE', 'branching_scorefac': '0.9867568238517027', 'branching_scorefunc': 'p', 'heuristics_subnlp_presolveemphasis': '2', 'heuristics_trivial_freq': '2', 'lp_initalgorithm': 'p', 'lp_pricing': 'q', 'separating_gomory_away': '0.283874385496177', 'separating_poolfreq': '2', 'configuration_id': 'SMAC2_1745521332.3284783_51'}"
status:metric,Instances/Europe_3h_single/problem_instance_europe_jan_3h.json,52,,,"{'branching_preferbinary': 'TRUE', 'branching_scorefac': '0.7398105706082301', 'branching_scorefunc': 's', 'heuristics_subnlp_presolveemphasis': '0', 'heuristics_trivial_freq': '8', 'lp_initalgorithm': 's', 'lp_pricing': 'l', 'separating_gomory_away': '0.4469757455610004', 'separating_poolfreq': '1', 'configuration_id': 'SMAC2_1745521332.3284783_52'}"
status:metric,Instances/Europe_3h_single/problem_instance_europe_jan_3h.json,53,,,"{'branching_preferbinary': 'FALSE', 'branching_scorefac': '0.3394082759163025', 'branching_scorefunc': 'p', 'heuristics_subnlp_presolveemphasis': '1', 'heuristics_trivial_freq': '1', 'lp_initalgorithm': 'b', 'lp_pricing': 'f', 'separating_gomory_away': '0.4409304785711819', 'separating_poolfreq': '5', 'configuration_id': 'SMAC2_1745521332.3284783_53'}"
status:metric,Instances/Europe_3h_single/problem_instance_europe_jan_3h.json,54,,,"{'branching_preferbinary': 'FALSE', 'branching_scorefac': '0.167', 'branching_scorefunc': 'p', 'heuristics_subnlp_presolveemphasis': '0', 'heuristics_trivial_freq': '0', 'lp_initalgorithm': 's', 'lp_pricing': 'l', 'separating_gomory_away': '0.01', 'separating_poolfreq': '10', 'configuration_id': 'SMAC2_1745521332.3284783_54'}"
status:metric,Instances/Europe_3h_single/problem_instance_europe_jan_3h.json,55,,,"{'branching_preferbinary': 'TRUE', 'branching_scorefac': '0.044783240611546815', 'branching_scorefunc': 'p', 'heuristics_subnlp_presolveemphasis': '2', 'heuristics_trivial_freq': '7', 'lp_initalgorithm': 'c', 'lp_pricing': 'l', 'separating_gomory_away': '0.01091920881485084', 'separating_poolfreq': '8', 'configuration_id': 'SMAC2_1745521332.3284783_55'}"
status:metric,Instances/Europe_3h_single/problem_instance_europe_jan_3h.json,56,,,"{'branching_preferbinary': 'FALSE', 'branching_scorefac': '0.595980984735329', 'branching_scorefunc': 'p', 'heuristics_subnlp_presolveemphasis': '3', 'heuristics_trivial_freq': '10', 'lp_initalgorithm': 'd', 'lp_pricing': 'd', 'separating_gomory_away': '0.002722264902230541', 'separating_poolfreq': '5', 'configuration_id': 'SMAC2_1745521332.3284783_56'}"
status:metric,Instances/Europe_3h_single/problem_instance_europe_jan_3h.json,57,,,"{'branching_preferbinary': 'FALSE', 'branching_scorefac': '0.167', 'branching_scorefunc': 'p', 'heuristics_subnlp_presolveemphasis': '0', 'heuristics_trivial_freq': '0', 'lp_initalgorithm': 's', 'lp_pricing': 'l', 'separating_gomory_away': '0.01', 'separating_poolfreq': '10', 'configuration_id': 'SMAC2_1745521332.3284783_57'}"
status:metric,Instances/Europe_3h_single/problem_instance_europe_jan_3h.json,58,,,{}
status:metric,Instances/Europe_3h_single/problem_instance_europe_jan_3h.json,59,,,"{'branching_preferbinary': 'FALSE', 'branching_scorefac': '0.09998617207754723', 'branching_scorefunc': 'p', 'heuristics_subnlp_presolveemphasis': '2', 'heuristics_trivial_freq': '3', 'lp_initalgorithm': 'p', 'lp_pricing': 'q', 'separating_gomory_away': '0.36902726311933687', 'separating_poolfreq': '5', 'configuration_id': 'SMAC2_1745521332.3284783_59'}"
status:metric,Instances/Europe_3h_single/problem_instance_europe_jan_3h.json,60,,,"{'branching_preferbinary': 'FALSE', 'branching_scorefac': '0.167', 'branching_scorefunc': 'p', 'heuristics_subnlp_presolveemphasis': '0', 'heuristics_trivial_freq': '0', 'lp_initalgorithm': 's', 'lp_pricing': 'l', 'separating_gomory_away': '0.01', 'separating_poolfreq': '10', 'configuration_id': 'SMAC2_1745521332.3284783_60'}"
status:metric,Instances/Europe_3h_single/problem_instance_europe_jan_3h.json,61,,,"{'branching_preferbinary': 'FALSE', 'branching_scorefac': '0.167', 'branching_scorefunc': 'p', 'heuristics_subnlp_presolveemphasis': '0', 'heuristics_trivial_freq': '0', 'lp_initalgorithm': 's', 'lp_pricing': 'l', 'separating_gomory_away': '0.01', 'separating_poolfreq': '10', 'configuration_id': 'SMAC2_1745521332.3284783_61'}"
wall_time:metric,Instances/Europe_3h_single/problem_instance_europe_jan_3h.json,1,23.0838,1885594844.0,
wall_time:metric,Instances/Europe_3h_single/problem_instance_europe_jan_3h.json,2,,,{}
wall_time:metric,Instances/Europe_3h_single/problem_instance_europe_jan_3h.json,3,,,{}
wall_time:metric,Instances/Europe_3h_single/problem_instance_europe_jan_3h.json,4,,,{}
wall_time:metric,Instances/Europe_3h_single/problem_instance_europe_jan_3h.json,5,,,{}
wall_time:metric,Instances/Europe_3h_single/problem_instance_europe_jan_3h.json,6,,,{}
wall_time:metric,Instances/Europe_3h_single/problem_instance_europe_jan_3h.json,7,,,{}
wall_time:metric,Instances/Europe_3h_single/problem_instance_europe_jan_3h.json,8,,,{}
wall_time:metric,Instances/Europe_3h_single/problem_instance_europe_jan_3h.json,9,,,{}
wall_time:metric,Instances/Europe_3h_single/problem_instance_europe_jan_3h.json,10,,,{}
wall_time:metric,Instances/Europe_3h_single/problem_instance_europe_jan_3h.json,11,,,{}
wall_time:metric,Instances/Europe_3h_single/problem_instance_europe_jan_3h.json,12,,,{}
wall_time:metric,Instances/Europe_3h_single/problem_instance_europe_jan_3h.json,13,,,{}
wall_time:metric,Instances/Europe_3h_single/problem_instance_europe_jan_3h.json,14,,,{}
wall_time:metric,Instances/Europe_3h_single/problem_instance_europe_jan_3h.json,15,,,{}
wall_time:metric,Instances/Europe_3h_single/problem_instance_europe_jan_3h.json,16,,,{}
wall_time:metric,Instances/Europe_3h_single/problem_instance_europe_jan_3h.json,17,,,{}
wall_time:metric,Instances/Europe_3h_single/problem_instance_europe_jan_3h.json,18,,,{}
wall_time:metric,Instances/Europe_3h_single/problem_instance_europe_jan_3h.json,19,,,{}
wall_time:metric,Instances/Europe_3h_single/problem_instance_europe_jan_3h.json,20,,,{}
wall_time:metric,Instances/Europe_3h_single/problem_instance_europe_jan_3h.json,21,,,{}
wall_time:metric,Instances/Europe_3h_single/problem_instance_europe_jan_3h.json,22,,,{}
wall_time:metric,Instances/Europe_3h_single/problem_instance_europe_jan_3h.json,23,,,{}
wall_time:metric,Instances/Europe_3h_single/problem_instance_europe_jan_3h.json,24,,,{}
wall_time:metric,Instances/Europe_3h_single/problem_instance_europe_jan_3h.json,25,,,{}
wall_time:metric,Instances/Europe_3h_single/problem_instance_europe_jan_3h.json,26,,,{}
wall_time:metric,Instances/Europe_3h_single/problem_instance_europe_jan_3h.json,27,,,{}
wall_time:metric,Instances/Europe_3h_single/problem_instance_europe_jan_3h.json,28,,,{}
wall_time:metric,Instances/Europe_3h_single/problem_instance_europe_jan_3h.json,29,,,{}
wall_time:metric,Instances/Europe_3h_single/problem_instance_europe_jan_3h.json,30,,,{}
wall_time:metric,Instances/Europe_3h_single/problem_instance_europe_jan_3h.json,31,,,{}
wall_time:metric,Instances/Europe_3h_single/problem_instance_europe_jan_3h.json,32,,,{}
wall_time:metric,Instances/Europe_3h_single/problem_instance_europe_jan_3h.json,33,,,{}
wall_time:metric,Instances/Europe_3h_single/problem_instance_europe_jan_3h.json,34,,,{}
wall_time:metric,Instances/Europe_3h_single/problem_instance_europe_jan_3h.json,35,,,{}
wall_time:metric,Instances/Europe_3h_single/problem_instance_europe_jan_3h.json,36,,,{}
wall_time:metric,Instances/Europe_3h_single/problem_instance_europe_jan_3h.json,37,,,{}
wall_time:metric,Instances/Europe_3h_single/problem_instance_europe_jan_3h.json,38,,,{}
wall_time:metric,Instances/Europe_3h_single/problem_instance_europe_jan_3h.json,39,,,{}
wall_time:metric,Instances/Europe_3h_single/problem_instance_europe_jan_3h.json,40,,,{}
wall_time:metric,Instances/Europe_3h_single/problem_instance_europe_jan_3h.json,41,,,{}
wall_time:metric,Instances/Europe_3h_single/problem_instance_europe_jan_3h.json,42,,,"{'branching_preferbinary': 'FALSE', 'branching_scorefac': '0.167', 'branching_scorefunc': 'p', 'heuristics_subnlp_presolveemphasis': '0', 'heuristics_trivial_freq': '0', 'lp_initalgorithm': 's', 'lp_pricing': 'l', 'separating_gomory_away': '0.01', 'separating_poolfreq': '10', 'configuration_id': 'SMAC2_1745521332.3284783_42'}"
wall_time:metric,Instances/Europe_3h_single/problem_instance_europe_jan_3h.json,43,,,"{'branching_preferbinary': 'TRUE', 'branching_scorefac': '0.9256456579217872', 'branching_scorefunc': 'q', 'heuristics_subnlp_presolveemphasis': '3', 'heuristics_trivial_freq': '10', 'lp_initalgorithm': 's', 'lp_pricing': 'q', 'separating_gomory_away': '0.10121670993963419', 'separating_poolfreq': '2', 'configuration_id': 'SMAC2_1745521332.3284783_43'}"
wall_time:metric,Instances/Europe_3h_single/problem_instance_europe_jan_3h.json,44,,,{}
wall_time:metric,Instances/Europe_3h_single/problem_instance_europe_jan_3h.json,45,,,{}
wall_time:metric,Instances/Europe_3h_single/problem_instance_europe_jan_3h.json,46,,,{}
wall_time:metric,Instances/Europe_3h_single/problem_instance_europe_jan_3h.json,47,,,{}
wall_time:metric,Instances/Europe_3h_single/problem_instance_europe_jan_3h.json,48,,,{}
wall_time:metric,Instances/Europe_3h_single/problem_instance_europe_jan_3h.json,49,,,"{'branching_preferbinary': 'FALSE', 'branching_scorefac': '0.167', 'branching_scorefunc': 'p', 'heuristics_subnlp_presolveemphasis': '0', 'heuristics_trivial_freq': '0', 'lp_initalgorithm': 's', 'lp_pricing': 'l', 'separating_gomory_away': '0.01', 'separating_poolfreq': '10', 'configuration_id': 'SMAC2_1745521332.3284783_49'}"
wall_time:metric,Instances/Europe_3h_single/problem_instance_europe_jan_3h.json,50,,,"{'branching_preferbinary': 'FALSE', 'branching_scorefac': '0.167', 'branching_scorefunc': 'p', 'heuristics_subnlp_presolveemphasis': '0', 'heuristics_trivial_freq': '0', 'lp_initalgorithm': 's', 'lp_pricing': 'l', 'separating_gomory_away': '0.01', 'separating_poolfreq': '10', 'configuration_id': 'SMAC2_1745521332.3284783_50'}"
wall_time:metric,Instances/Europe_3h_single/problem_instance_europe_jan_3h.json,51,,,"{'branching_preferbinary': 'TRUE', 'branching_scorefac': '0.9867568238517027', 'branching_scorefunc': 'p', 'heuristics_subnlp_presolveemphasis': '2', 'heuristics_trivial_freq': '2', 'lp_initalgorithm': 'p', 'lp_pricing': 'q', 'separating_gomory_away': '0.283874385496177', 'separating_poolfreq': '2', 'configuration_id': 'SMAC2_1745521332.3284783_51'}"
wall_time:metric,Instances/Europe_3h_single/problem_instance_europe_jan_3h.json,52,,,"{'branching_preferbinary': 'TRUE', 'branching_scorefac': '0.7398105706082301', 'branching_scorefunc': 's', 'heuristics_subnlp_presolveemphasis': '0', 'heuristics_trivial_freq': '8', 'lp_initalgorithm': 's', 'lp_pricing': 'l', 'separating_gomory_away': '0.4469757455610004', 'separating_poolfreq': '1', 'configuration_id': 'SMAC2_1745521332.3284783_52'}"
wall_time:metric,Instances/Europe_3h_single/problem_instance_europe_jan_3h.json,53,,,"{'branching_preferbinary': 'FALSE', 'branching_scorefac': '0.3394082759163025', 'branching_scorefunc': 'p', 'heuristics_subnlp_presolveemphasis': '1', 'heuristics_trivial_freq': '1', 'lp_initalgorithm': 'b', 'lp_pricing': 'f', 'separating_gomory_away': '0.4409304785711819', 'separating_poolfreq': '5', 'configuration_id': 'SMAC2_1745521332.3284783_53'}"
wall_time:metric,Instances/Europe_3h_single/problem_instance_europe_jan_3h.json,54,,,"{'branching_preferbinary': 'FALSE', 'branching_scorefac': '0.167', 'branching_scorefunc': 'p', 'heuristics_subnlp_presolveemphasis': '0', 'heuristics_trivial_freq': '0', 'lp_initalgorithm': 's', 'lp_pricing': 'l', 'separating_gomory_away': '0.01', 'separating_poolfreq': '10', 'configuration_id': 'SMAC2_1745521332.3284783_54'}"
wall_time:metric,Instances/Europe_3h_single/problem_instance_europe_jan_3h.json,55,,,"{'branching_preferbinary': 'TRUE', 'branching_scorefac': '0.044783240611546815', 'branching_scorefunc': 'p', 'heuristics_subnlp_presolveemphasis': '2', 'heuristics_trivial_freq': '7', 'lp_initalgorithm': 'c', 'lp_pricing': 'l', 'separating_gomory_away': '0.01091920881485084', 'separating_poolfreq': '8', 'configuration_id': 'SMAC2_1745521332.3284783_55'}"
wall_time:metric,Instances/Europe_3h_single/problem_instance_europe_jan_3h.json,56,,,"{'branching_preferbinary': 'FALSE', 'branching_scorefac': '0.595980984735329', 'branching_scorefunc': 'p', 'heuristics_subnlp_presolveemphasis': '3', 'heuristics_trivial_freq': '10', 'lp_initalgorithm': 'd', 'lp_pricing': 'd', 'separating_gomory_away': '0.002722264902230541', 'separating_poolfreq': '5', 'configuration_id': 'SMAC2_1745521332.3284783_56'}"
wall_time:metric,Instances/Europe_3h_single/problem_instance_europe_jan_3h.json,57,,,"{'branching_preferbinary': 'FALSE', 'branching_scorefac': '0.167', 'branching_scorefunc': 'p', 'heuristics_subnlp_presolveemphasis': '0', 'heuristics_trivial_freq': '0', 'lp_initalgorithm': 's', 'lp_pricing': 'l', 'separating_gomory_away': '0.01', 'separating_poolfreq': '10', 'configuration_id': 'SMAC2_1745521332.3284783_57'}"
wall_time:metric,Instances/Europe_3h_single/problem_instance_europe_jan_3h.json,58,,,{}
wall_time:metric,Instances/Europe_3h_single/problem_instance_europe_jan_3h.json,59,,,"{'branching_preferbinary': 'FALSE', 'branching_scorefac': '0.09998617207754723', 'branching_scorefunc': 'p', 'heuristics_subnlp_presolveemphasis': '2', 'heuristics_trivial_freq': '3', 'lp_initalgorithm': 'p', 'lp_pricing': 'q', 'separating_gomory_away': '0.36902726311933687', 'separating_poolfreq': '5', 'configuration_id': 'SMAC2_1745521332.3284783_59'}"
wall_time:metric,Instances/Europe_3h_single/problem_instance_europe_jan_3h.json,60,,,"{'branching_preferbinary': 'FALSE', 'branching_scorefac': '0.167', 'branching_scorefunc': 'p', 'heuristics_subnlp_presolveemphasis': '0', 'heuristics_trivial_freq': '0', 'lp_initalgorithm': 's', 'lp_pricing': 'l', 'separating_gomory_away': '0.01', 'separating_poolfreq': '10', 'configuration_id': 'SMAC2_1745521332.3284783_60'}"
wall_time:metric,Instances/Europe_3h_single/problem_instance_europe_jan_3h.json,61,,,"{'branching_preferbinary': 'FALSE', 'branching_scorefac': '0.167', 'branching_scorefunc': 'p', 'heuristics_subnlp_presolveemphasis': '0', 'heuristics_trivial_freq': '0', 'lp_initalgorithm': 's', 'lp_pricing': 'l', 'separating_gomory_away': '0.01', 'separating_poolfreq': '10', 'configuration_id': 'SMAC2_1745521332.3284783_61'}"
cpu_time:metric,Instances/Europe_3h_single/problem_instance_europe_jan_3h.json,46,19.327,4043489213.0,{}
memory:metric,Instances/Europe_3h_single/problem_instance_europe_jan_3h.json,46,2056.83984375,4043489213.0,{}
runtime,Instances/Europe_3h_single/problem_instance_europe_jan_3h.json,46,9.426468,4043489213.0,{}
status:metric,Instances/Europe_3h_single/problem_instance_europe_jan_3h.json,46,SUCCESS,4043489213.0,{}
wall_time:metric,Instances/Europe_3h_single/problem_instance_europe_jan_3h.json,46,22.119,4043489213.0,{}
cpu_time:metric,Instances/Europe_3h_single/problem_instance_europe_jan_3h.json,47,19.3022,1691128471.0,{}
memory:metric,Instances/Europe_3h_single/problem_instance_europe_jan_3h.json,47,2056.6875,1691128471.0,{}
runtime,Instances/Europe_3h_single/problem_instance_europe_jan_3h.json,47,9.431601,1691128471.0,{}
status:metric,Instances/Europe_3h_single/problem_instance_europe_jan_3h.json,47,SUCCESS,1691128471.0,{}
wall_time:metric,Instances/Europe_3h_single/problem_instance_europe_jan_3h.json,47,20.5651,1691128471.0,{}
cpu_time:metric,Instances/Europe_3h_single/problem_instance_europe_jan_3h.json,45,22.464,2078554283.0,{}
memory:metric,Instances/Europe_3h_single/problem_instance_europe_jan_3h.json,45,2055.69140625,2078554283.0,{}
runtime,Instances/Europe_3h_single/problem_instance_europe_jan_3h.json,45,11.254996,2078554283.0,{}
status:metric,Instances/Europe_3h_single/problem_instance_europe_jan_3h.json,45,SUCCESS,2078554283.0,{}
wall_time:metric,Instances/Europe_3h_single/problem_instance_europe_jan_3h.json,45,23.8635,2078554283.0,{}
cpu_time:metric,Instances/Europe_3h_single/problem_instance_europe_jan_3h.json,49,22.1495,1085267965.0,"{'branching_preferbinary': 'FALSE', 'branching_scorefac': '0.167', 'branching_scorefunc': 'p', 'heuristics_subnlp_presolveemphasis': '0', 'heuristics_trivial_freq': '0', 'lp_initalgorithm': 's', 'lp_pricing': 'l', 'separating_gomory_away': '0.01', 'separating_poolfreq': '10', 'configuration_id': 'SMAC2_1745521332.3284783_49'}"
memory:metric,Instances/Europe_3h_single/problem_instance_europe_jan_3h.json,49,2056.84765625,1085267965.0,"{'branching_preferbinary': 'FALSE', 'branching_scorefac': '0.167', 'branching_scorefunc': 'p', 'heuristics_subnlp_presolveemphasis': '0', 'heuristics_trivial_freq': '0', 'lp_initalgorithm': 's', 'lp_pricing': 'l', 'separating_gomory_away': '0.01', 'separating_poolfreq': '10', 'configuration_id': 'SMAC2_1745521332.3284783_49'}"
runtime,Instances/Europe_3h_single/problem_instance_europe_jan_3h.json,49,11.984306,1085267965.0,"{'branching_preferbinary': 'FALSE', 'branching_scorefac': '0.167', 'branching_scorefunc': 'p', 'heuristics_subnlp_presolveemphasis': '0', 'heuristics_trivial_freq': '0', 'lp_initalgorithm': 's', 'lp_pricing': 'l', 'separating_gomory_away': '0.01', 'separating_poolfreq': '10', 'configuration_id': 'SMAC2_1745521332.3284783_49'}"
status:metric,Instances/Europe_3h_single/problem_instance_europe_jan_3h.json,49,SUCCESS,1085267965.0,"{'branching_preferbinary': 'FALSE', 'branching_scorefac': '0.167', 'branching_scorefunc': 'p', 'heuristics_subnlp_presolveemphasis': '0', 'heuristics_trivial_freq': '0', 'lp_initalgorithm': 's', 'lp_pricing': 'l', 'separating_gomory_away': '0.01', 'separating_poolfreq': '10', 'configuration_id': 'SMAC2_1745521332.3284783_49'}"
wall_time:metric,Instances/Europe_3h_single/problem_instance_europe_jan_3h.json,49,24.4785,1085267965.0,"{'branching_preferbinary': 'FALSE', 'branching_scorefac': '0.167', 'branching_scorefunc': 'p', 'heuristics_subnlp_presolveemphasis': '0', 'heuristics_trivial_freq': '0', 'lp_initalgorithm': 's', 'lp_pricing': 'l', 'separating_gomory_away': '0.01', 'separating_poolfreq': '10', 'configuration_id': 'SMAC2_1745521332.3284783_49'}"
cpu_time:metric,Instances/Europe_3h_single/problem_instance_europe_jan_3h.json,51,22.3353,3689392575.0,"{'branching_preferbinary': 'TRUE', 'branching_scorefac': '0.9867568238517027', 'branching_scorefunc': 'p', 'heuristics_subnlp_presolveemphasis': '2', 'heuristics_trivial_freq': '2', 'lp_initalgorithm': 'p', 'lp_pricing': 'q', 'separating_gomory_away': '0.283874385496177', 'separating_poolfreq': '2', 'configuration_id': 'SMAC2_1745521332.3284783_51'}"
memory:metric,Instances/Europe_3h_single/problem_instance_europe_jan_3h.json,51,2056.6953125,3689392575.0,"{'branching_preferbinary': 'TRUE', 'branching_scorefac': '0.9867568238517027', 'branching_scorefunc': 'p', 'heuristics_subnlp_presolveemphasis': '2', 'heuristics_trivial_freq': '2', 'lp_initalgorithm': 'p', 'lp_pricing': 'q', 'separating_gomory_away': '0.283874385496177', 'separating_poolfreq': '2', 'configuration_id': 'SMAC2_1745521332.3284783_51'}"
runtime,Instances/Europe_3h_single/problem_instance_europe_jan_3h.json,51,12.064971,3689392575.0,"{'branching_preferbinary': 'TRUE', 'branching_scorefac': '0.9867568238517027', 'branching_scorefunc': 'p', 'heuristics_subnlp_presolveemphasis': '2', 'heuristics_trivial_freq': '2', 'lp_initalgorithm': 'p', 'lp_pricing': 'q', 'separating_gomory_away': '0.283874385496177', 'separating_poolfreq': '2', 'configuration_id': 'SMAC2_1745521332.3284783_51'}"
status:metric,Instances/Europe_3h_single/problem_instance_europe_jan_3h.json,51,SUCCESS,3689392575.0,"{'branching_preferbinary': 'TRUE', 'branching_scorefac': '0.9867568238517027', 'branching_scorefunc': 'p', 'heuristics_subnlp_presolveemphasis': '2', 'heuristics_trivial_freq': '2', 'lp_initalgorithm': 'p', 'lp_pricing': 'q', 'separating_gomory_away': '0.283874385496177', 'separating_poolfreq': '2', 'configuration_id': 'SMAC2_1745521332.3284783_51'}"
wall_time:metric,Instances/Europe_3h_single/problem_instance_europe_jan_3h.json,51,24.684,3689392575.0,"{'branching_preferbinary': 'TRUE', 'branching_scorefac': '0.9867568238517027', 'branching_scorefunc': 'p', 'heuristics_subnlp_presolveemphasis': '2', 'heuristics_trivial_freq': '2', 'lp_initalgorithm': 'p', 'lp_pricing': 'q', 'separating_gomory_away': '0.283874385496177', 'separating_poolfreq': '2', 'configuration_id': 'SMAC2_1745521332.3284783_51'}"
cpu_time:metric,Instances/Europe_3h_single/problem_instance_europe_jan_3h.json,48,22.368,1369660118.0,{}
memory:metric,Instances/Europe_3h_single/problem_instance_europe_jan_3h.json,48,2056.5859375,1369660118.0,{}
runtime,Instances/Europe_3h_single/problem_instance_europe_jan_3h.json,48,12.008414,1369660118.0,{}
status:metric,Instances/Europe_3h_single/problem_instance_europe_jan_3h.json,48,SUCCESS,1369660118.0,{}
wall_time:metric,Instances/Europe_3h_single/problem_instance_europe_jan_3h.json,48,24.694,1369660118.0,{}
cpu_time:metric,Instances/Europe_3h_single/problem_instance_europe_jan_3h.json,55,22.3202,627150521.0,"{'branching_preferbinary': 'TRUE', 'branching_scorefac': '0.044783240611546815', 'branching_scorefunc': 'p', 'heuristics_subnlp_presolveemphasis': '2', 'heuristics_trivial_freq': '7', 'lp_initalgorithm': 'c', 'lp_pricing': 'l', 'separating_gomory_away': '0.01091920881485084', 'separating_poolfreq': '8', 'configuration_id': 'SMAC2_1745521332.3284783_55'}"
memory:metric,Instances/Europe_3h_single/problem_instance_europe_jan_3h.json,55,2056.5859375,627150521.0,"{'branching_preferbinary': 'TRUE', 'branching_scorefac': '0.044783240611546815', 'branching_scorefunc': 'p', 'heuristics_subnlp_presolveemphasis': '2', 'heuristics_trivial_freq': '7', 'lp_initalgorithm': 'c', 'lp_pricing': 'l', 'separating_gomory_away': '0.01091920881485084', 'separating_poolfreq': '8', 'configuration_id': 'SMAC2_1745521332.3284783_55'}"
runtime,Instances/Europe_3h_single/problem_instance_europe_jan_3h.json,55,11.802726,627150521.0,"{'branching_preferbinary': 'TRUE', 'branching_scorefac': '0.044783240611546815', 'branching_scorefunc': 'p', 'heuristics_subnlp_presolveemphasis': '2', 'heuristics_trivial_freq': '7', 'lp_initalgorithm': 'c', 'lp_pricing': 'l', 'separating_gomory_away': '0.01091920881485084', 'separating_poolfreq': '8', 'configuration_id': 'SMAC2_1745521332.3284783_55'}"
status:metric,Instances/Europe_3h_single/problem_instance_europe_jan_3h.json,55,SUCCESS,627150521.0,"{'branching_preferbinary': 'TRUE', 'branching_scorefac': '0.044783240611546815', 'branching_scorefunc': 'p', 'heuristics_subnlp_presolveemphasis': '2', 'heuristics_trivial_freq': '7', 'lp_initalgorithm': 'c', 'lp_pricing': 'l', 'separating_gomory_away': '0.01091920881485084', 'separating_poolfreq': '8', 'configuration_id': 'SMAC2_1745521332.3284783_55'}"
wall_time:metric,Instances/Europe_3h_single/problem_instance_europe_jan_3h.json,55,24.6246,627150521.0,"{'branching_preferbinary': 'TRUE', 'branching_scorefac': '0.044783240611546815', 'branching_scorefunc': 'p', 'heuristics_subnlp_presolveemphasis': '2', 'heuristics_trivial_freq': '7', 'lp_initalgorithm': 'c', 'lp_pricing': 'l', 'separating_gomory_away': '0.01091920881485084', 'separating_poolfreq': '8', 'configuration_id': 'SMAC2_1745521332.3284783_55'}"
cpu_time:metric,Instances/Europe_3h_single/problem_instance_europe_jan_3h.json,53,22.3299,3100586411.0,"{'branching_preferbinary': 'FALSE', 'branching_scorefac': '0.3394082759163025', 'branching_scorefunc': 'p', 'heuristics_subnlp_presolveemphasis': '1', 'heuristics_trivial_freq': '1', 'lp_initalgorithm': 'b', 'lp_pricing': 'f', 'separating_gomory_away': '0.4409304785711819', 'separating_poolfreq': '5', 'configuration_id': 'SMAC2_1745521332.3284783_53'}"
memory:metric,Instances/Europe_3h_single/problem_instance_europe_jan_3h.json,53,2056.58203125,3100586411.0,"{'branching_preferbinary': 'FALSE', 'branching_scorefac': '0.3394082759163025', 'branching_scorefunc': 'p', 'heuristics_subnlp_presolveemphasis': '1', 'heuristics_trivial_freq': '1', 'lp_initalgorithm': 'b', 'lp_pricing': 'f', 'separating_gomory_away': '0.4409304785711819', 'separating_poolfreq': '5', 'configuration_id': 'SMAC2_1745521332.3284783_53'}"
runtime,Instances/Europe_3h_single/problem_instance_europe_jan_3h.json,53,12.054905,3100586411.0,"{'branching_preferbinary': 'FALSE', 'branching_scorefac': '0.3394082759163025', 'branching_scorefunc': 'p', 'heuristics_subnlp_presolveemphasis': '1', 'heuristics_trivial_freq': '1', 'lp_initalgorithm': 'b', 'lp_pricing': 'f', 'separating_gomory_away': '0.4409304785711819', 'separating_poolfreq': '5', 'configuration_id': 'SMAC2_1745521332.3284783_53'}"
status:metric,Instances/Europe_3h_single/problem_instance_europe_jan_3h.json,53,SUCCESS,3100586411.0,"{'branching_preferbinary': 'FALSE', 'branching_scorefac': '0.3394082759163025', 'branching_scorefunc': 'p', 'heuristics_subnlp_presolveemphasis': '1', 'heuristics_trivial_freq': '1', 'lp_initalgorithm': 'b', 'lp_pricing': 'f', 'separating_gomory_away': '0.4409304785711819', 'separating_poolfreq': '5', 'configuration_id': 'SMAC2_1745521332.3284783_53'}"
wall_time:metric,Instances/Europe_3h_single/problem_instance_europe_jan_3h.json,53,24.6336,3100586411.0,"{'branching_preferbinary': 'FALSE', 'branching_scorefac': '0.3394082759163025', 'branching_scorefunc': 'p', 'heuristics_subnlp_presolveemphasis': '1', 'heuristics_trivial_freq': '1', 'lp_initalgorithm': 'b', 'lp_pricing': 'f', 'separating_gomory_away': '0.4409304785711819', 'separating_poolfreq': '5', 'configuration_id': 'SMAC2_1745521332.3284783_53'}"
cpu_time:metric,Instances/Europe_3h_single/problem_instance_europe_jan_3h.json,56,22.3689,195416493.0,"{'branching_preferbinary': 'FALSE', 'branching_scorefac': '0.595980984735329', 'branching_scorefunc': 'p', 'heuristics_subnlp_presolveemphasis': '3', 'heuristics_trivial_freq': '10', 'lp_initalgorithm': 'd', 'lp_pricing': 'd', 'separating_gomory_away': '0.002722264902230541', 'separating_poolfreq': '5', 'configuration_id': 'SMAC2_1745521332.3284783_56'}"
memory:metric,Instances/Europe_3h_single/problem_instance_europe_jan_3h.json,56,2055.69921875,195416493.0,"{'branching_preferbinary': 'FALSE', 'branching_scorefac': '0.595980984735329', 'branching_scorefunc': 'p', 'heuristics_subnlp_presolveemphasis': '3', 'heuristics_trivial_freq': '10', 'lp_initalgorithm': 'd', 'lp_pricing': 'd', 'separating_gomory_away': '0.002722264902230541', 'separating_poolfreq': '5', 'configuration_id': 'SMAC2_1745521332.3284783_56'}"
runtime,Instances/Europe_3h_single/problem_instance_europe_jan_3h.json,56,12.048621,195416493.0,"{'branching_preferbinary': 'FALSE', 'branching_scorefac': '0.595980984735329', 'branching_scorefunc': 'p', 'heuristics_subnlp_presolveemphasis': '3', 'heuristics_trivial_freq': '10', 'lp_initalgorithm': 'd', 'lp_pricing': 'd', 'separating_gomory_away': '0.002722264902230541', 'separating_poolfreq': '5', 'configuration_id': 'SMAC2_1745521332.3284783_56'}"
status:metric,Instances/Europe_3h_single/problem_instance_europe_jan_3h.json,56,SUCCESS,195416493.0,"{'branching_preferbinary': 'FALSE', 'branching_scorefac': '0.595980984735329', 'branching_scorefunc': 'p', 'heuristics_subnlp_presolveemphasis': '3', 'heuristics_trivial_freq': '10', 'lp_initalgorithm': 'd', 'lp_pricing': 'd', 'separating_gomory_away': '0.002722264902230541', 'separating_poolfreq': '5', 'configuration_id': 'SMAC2_1745521332.3284783_56'}"
wall_time:metric,Instances/Europe_3h_single/problem_instance_europe_jan_3h.json,56,24.6889,195416493.0,"{'branching_preferbinary': 'FALSE', 'branching_scorefac': '0.595980984735329', 'branching_scorefunc': 'p', 'heuristics_subnlp_presolveemphasis': '3', 'heuristics_trivial_freq': '10', 'lp_initalgorithm': 'd', 'lp_pricing': 'd', 'separating_gomory_away': '0.002722264902230541', 'separating_poolfreq': '5', 'configuration_id': 'SMAC2_1745521332.3284783_56'}"
cpu_time:metric,Instances/Europe_3h_single/problem_instance_europe_jan_3h.json,52,22.283,307750513.0,"{'branching_preferbinary': 'TRUE', 'branching_scorefac': '0.7398105706082301', 'branching_scorefunc': 's', 'heuristics_subnlp_presolveemphasis': '0', 'heuristics_trivial_freq': '8', 'lp_initalgorithm': 's', 'lp_pricing': 'l', 'separating_gomory_away': '0.4469757455610004', 'separating_poolfreq': '1', 'configuration_id': 'SMAC2_1745521332.3284783_52'}"
memory:metric,Instances/Europe_3h_single/problem_instance_europe_jan_3h.json,52,2056.58203125,307750513.0,"{'branching_preferbinary': 'TRUE', 'branching_scorefac': '0.7398105706082301', 'branching_scorefunc': 's', 'heuristics_subnlp_presolveemphasis': '0', 'heuristics_trivial_freq': '8', 'lp_initalgorithm': 's', 'lp_pricing': 'l', 'separating_gomory_away': '0.4469757455610004', 'separating_poolfreq': '1', 'configuration_id': 'SMAC2_1745521332.3284783_52'}"
runtime,Instances/Europe_3h_single/problem_instance_europe_jan_3h.json,52,12.019647,307750513.0,"{'branching_preferbinary': 'TRUE', 'branching_scorefac': '0.7398105706082301', 'branching_scorefunc': 's', 'heuristics_subnlp_presolveemphasis': '0', 'heuristics_trivial_freq': '8', 'lp_initalgorithm': 's', 'lp_pricing': 'l', 'separating_gomory_away': '0.4469757455610004', 'separating_poolfreq': '1', 'configuration_id': 'SMAC2_1745521332.3284783_52'}"
status:metric,Instances/Europe_3h_single/problem_instance_europe_jan_3h.json,52,SUCCESS,307750513.0,"{'branching_preferbinary': 'TRUE', 'branching_scorefac': '0.7398105706082301', 'branching_scorefunc': 's', 'heuristics_subnlp_presolveemphasis': '0', 'heuristics_trivial_freq': '8', 'lp_initalgorithm': 's', 'lp_pricing': 'l', 'separating_gomory_away': '0.4469757455610004', 'separating_poolfreq': '1', 'configuration_id': 'SMAC2_1745521332.3284783_52'}"
wall_time:metric,Instances/Europe_3h_single/problem_instance_europe_jan_3h.json,52,24.6003,307750513.0,"{'branching_preferbinary': 'TRUE', 'branching_scorefac': '0.7398105706082301', 'branching_scorefunc': 's', 'heuristics_subnlp_presolveemphasis': '0', 'heuristics_trivial_freq': '8', 'lp_initalgorithm': 's', 'lp_pricing': 'l', 'separating_gomory_away': '0.4469757455610004', 'separating_poolfreq': '1', 'configuration_id': 'SMAC2_1745521332.3284783_52'}"
cpu_time:metric,Instances/Europe_3h_single/problem_instance_europe_jan_3h.json,54,22.2945,3159515509.0,"{'branching_preferbinary': 'FALSE', 'branching_scorefac': '0.167', 'branching_scorefunc': 'p', 'heuristics_subnlp_presolveemphasis': '0', 'heuristics_trivial_freq': '0', 'lp_initalgorithm': 's', 'lp_pricing': 'l', 'separating_gomory_away': '0.01', 'separating_poolfreq': '10', 'configuration_id': 'SMAC2_1745521332.3284783_54'}"
memory:metric,Instances/Europe_3h_single/problem_instance_europe_jan_3h.json,54,2056.8515625,3159515509.0,"{'branching_preferbinary': 'FALSE', 'branching_scorefac': '0.167', 'branching_scorefunc': 'p', 'heuristics_subnlp_presolveemphasis': '0', 'heuristics_trivial_freq': '0', 'lp_initalgorithm': 's', 'lp_pricing': 'l', 'separating_gomory_away': '0.01', 'separating_poolfreq': '10', 'configuration_id': 'SMAC2_1745521332.3284783_54'}"
runtime,Instances/Europe_3h_single/problem_instance_europe_jan_3h.json,54,12.001023,3159515509.0,"{'branching_preferbinary': 'FALSE', 'branching_scorefac': '0.167', 'branching_scorefunc': 'p', 'heuristics_subnlp_presolveemphasis': '0', 'heuristics_trivial_freq': '0', 'lp_initalgorithm': 's', 'lp_pricing': 'l', 'separating_gomory_away': '0.01', 'separating_poolfreq': '10', 'configuration_id': 'SMAC2_1745521332.3284783_54'}"
status:metric,Instances/Europe_3h_single/problem_instance_europe_jan_3h.json,54,SUCCESS,3159515509.0,"{'branching_preferbinary': 'FALSE', 'branching_scorefac': '0.167', 'branching_scorefunc': 'p', 'heuristics_subnlp_presolveemphasis': '0', 'heuristics_trivial_freq': '0', 'lp_initalgorithm': 's', 'lp_pricing': 'l', 'separating_gomory_away': '0.01', 'separating_poolfreq': '10', 'configuration_id': 'SMAC2_1745521332.3284783_54'}"
wall_time:metric,Instances/Europe_3h_single/problem_instance_europe_jan_3h.json,54,24.6114,3159515509.0,"{'branching_preferbinary': 'FALSE', 'branching_scorefac': '0.167', 'branching_scorefunc': 'p', 'heuristics_subnlp_presolveemphasis': '0', 'heuristics_trivial_freq': '0', 'lp_initalgorithm': 's', 'lp_pricing': 'l', 'separating_gomory_away': '0.01', 'separating_poolfreq': '10', 'configuration_id': 'SMAC2_1745521332.3284783_54'}"
cpu_time:metric,Instances/Europe_3h_single/problem_instance_europe_jan_3h.json,50,22.5245,832653741.0,"{'branching_preferbinary': 'FALSE', 'branching_scorefac': '0.167', 'branching_scorefunc': 'p', 'heuristics_subnlp_presolveemphasis': '0', 'heuristics_trivial_freq': '0', 'lp_initalgorithm': 's', 'lp_pricing': 'l', 'separating_gomory_away': '0.01', 'separating_poolfreq': '10', 'configuration_id': 'SMAC2_1745521332.3284783_50'}"
memory:metric,Instances/Europe_3h_single/problem_instance_europe_jan_3h.json,50,2056.5859375,832653741.0,"{'branching_preferbinary': 'FALSE', 'branching_scorefac': '0.167', 'branching_scorefunc': 'p', 'heuristics_subnlp_presolveemphasis': '0', 'heuristics_trivial_freq': '0', 'lp_initalgorithm': 's', 'lp_pricing': 'l', 'separating_gomory_away': '0.01', 'separating_poolfreq': '10', 'configuration_id': 'SMAC2_1745521332.3284783_50'}"
runtime,Instances/Europe_3h_single/problem_instance_europe_jan_3h.json,50,11.571722,832653741.0,"{'branching_preferbinary': 'FALSE', 'branching_scorefac': '0.167', 'branching_scorefunc': 'p', 'heuristics_subnlp_presolveemphasis': '0', 'heuristics_trivial_freq': '0', 'lp_initalgorithm': 's', 'lp_pricing': 'l', 'separating_gomory_away': '0.01', 'separating_poolfreq': '10', 'configuration_id': 'SMAC2_1745521332.3284783_50'}"
status:metric,Instances/Europe_3h_single/problem_instance_europe_jan_3h.json,50,SUCCESS,832653741.0,"{'branching_preferbinary': 'FALSE', 'branching_scorefac': '0.167', 'branching_scorefunc': 'p', 'heuristics_subnlp_presolveemphasis': '0', 'heuristics_trivial_freq': '0', 'lp_initalgorithm': 's', 'lp_pricing': 'l', 'separating_gomory_away': '0.01', 'separating_poolfreq': '10', 'configuration_id': 'SMAC2_1745521332.3284783_50'}"
wall_time:metric,Instances/Europe_3h_single/problem_instance_europe_jan_3h.json,50,24.8148,832653741.0,"{'branching_preferbinary': 'FALSE', 'branching_scorefac': '0.167', 'branching_scorefunc': 'p', 'heuristics_subnlp_presolveemphasis': '0', 'heuristics_trivial_freq': '0', 'lp_initalgorithm': 's', 'lp_pricing': 'l', 'separating_gomory_away': '0.01', 'separating_poolfreq': '10', 'configuration_id': 'SMAC2_1745521332.3284783_50'}"
cpu_time:metric,Instances/Europe_3h_single/problem_instance_europe_jan_3h.json,42,21.7524,465704458.0,"{'branching_preferbinary': 'FALSE', 'branching_scorefac': '0.167', 'branching_scorefunc': 'p', 'heuristics_subnlp_presolveemphasis': '0', 'heuristics_trivial_freq': '0', 'lp_initalgorithm': 's', 'lp_pricing': 'l', 'separating_gomory_away': '0.01', 'separating_poolfreq': '10', 'configuration_id': 'SMAC2_1745521332.3284783_42'}"
memory:metric,Instances/Europe_3h_single/problem_instance_europe_jan_3h.json,42,2056.8515625,465704458.0,"{'branching_preferbinary': 'FALSE', 'branching_scorefac': '0.167', 'branching_scorefunc': 'p', 'heuristics_subnlp_presolveemphasis': '0', 'heuristics_trivial_freq': '0', 'lp_initalgorithm': 's', 'lp_pricing': 'l', 'separating_gomory_away': '0.01', 'separating_poolfreq': '10', 'configuration_id': 'SMAC2_1745521332.3284783_42'}"
runtime,Instances/Europe_3h_single/problem_instance_europe_jan_3h.json,42,10.543284,465704458.0,"{'branching_preferbinary': 'FALSE', 'branching_scorefac': '0.167', 'branching_scorefunc': 'p', 'heuristics_subnlp_presolveemphasis': '0', 'heuristics_trivial_freq': '0', 'lp_initalgorithm': 's', 'lp_pricing': 'l', 'separating_gomory_away': '0.01', 'separating_poolfreq': '10', 'configuration_id': 'SMAC2_1745521332.3284783_42'}"
status:metric,Instances/Europe_3h_single/problem_instance_europe_jan_3h.json,42,SUCCESS,465704458.0,"{'branching_preferbinary': 'FALSE', 'branching_scorefac': '0.167', 'branching_scorefunc': 'p', 'heuristics_subnlp_presolveemphasis': '0', 'heuristics_trivial_freq': '0', 'lp_initalgorithm': 's', 'lp_pricing': 'l', 'separating_gomory_away': '0.01', 'separating_poolfreq': '10', 'configuration_id': 'SMAC2_1745521332.3284783_42'}"
wall_time:metric,Instances/Europe_3h_single/problem_instance_europe_jan_3h.json,42,23.88,465704458.0,"{'branching_preferbinary': 'FALSE', 'branching_scorefac': '0.167', 'branching_scorefunc': 'p', 'heuristics_subnlp_presolveemphasis': '0', 'heuristics_trivial_freq': '0', 'lp_initalgorithm': 's', 'lp_pricing': 'l', 'separating_gomory_away': '0.01', 'separating_poolfreq': '10', 'configuration_id': 'SMAC2_1745521332.3284783_42'}"
cpu_time:metric,Instances/Europe_3h_single/problem_instance_europe_jan_3h.json,44,21.1752,799286917.0,{}
memory:metric,Instances/Europe_3h_single/problem_instance_europe_jan_3h.json,44,2056.83984375,799286917.0,{}
runtime,Instances/Europe_3h_single/problem_instance_europe_jan_3h.json,44,10.534715,799286917.0,{}
status:metric,Instances/Europe_3h_single/problem_instance_europe_jan_3h.json,44,SUCCESS,799286917.0,{}
wall_time:metric,Instances/Europe_3h_single/problem_instance_europe_jan_3h.json,44,23.0952,799286917.0,{}
cpu_time:metric,Instances/Europe_3h_single/problem_instance_europe_jan_3h.json,60,19.059,208188766.0,"{'branching_preferbinary': 'FALSE', 'branching_scorefac': '0.167', 'branching_scorefunc': 'p', 'heuristics_subnlp_presolveemphasis': '0', 'heuristics_trivial_freq': '0', 'lp_initalgorithm': 's', 'lp_pricing': 'l', 'separating_gomory_away': '0.01', 'separating_poolfreq': '10', 'configuration_id': 'SMAC2_1745521332.3284783_60'}"
memory:metric,Instances/Europe_3h_single/problem_instance_europe_jan_3h.json,60,2055.84765625,208188766.0,"{'branching_preferbinary': 'FALSE', 'branching_scorefac': '0.167', 'branching_scorefunc': 'p', 'heuristics_subnlp_presolveemphasis': '0', 'heuristics_trivial_freq': '0', 'lp_initalgorithm': 's', 'lp_pricing': 'l', 'separating_gomory_away': '0.01', 'separating_poolfreq': '10', 'configuration_id': 'SMAC2_1745521332.3284783_60'}"
runtime,Instances/Europe_3h_single/problem_instance_europe_jan_3h.json,60,9.27484,208188766.0,"{'branching_preferbinary': 'FALSE', 'branching_scorefac': '0.167', 'branching_scorefunc': 'p', 'heuristics_subnlp_presolveemphasis': '0', 'heuristics_trivial_freq': '0', 'lp_initalgorithm': 's', 'lp_pricing': 'l', 'separating_gomory_away': '0.01', 'separating_poolfreq': '10', 'configuration_id': 'SMAC2_1745521332.3284783_60'}"
status:metric,Instances/Europe_3h_single/problem_instance_europe_jan_3h.json,60,SUCCESS,208188766.0,"{'branching_preferbinary': 'FALSE', 'branching_scorefac': '0.167', 'branching_scorefunc': 'p', 'heuristics_subnlp_presolveemphasis': '0', 'heuristics_trivial_freq': '0', 'lp_initalgorithm': 's', 'lp_pricing': 'l', 'separating_gomory_away': '0.01', 'separating_poolfreq': '10', 'configuration_id': 'SMAC2_1745521332.3284783_60'}"
wall_time:metric,Instances/Europe_3h_single/problem_instance_europe_jan_3h.json,60,20.453,208188766.0,"{'branching_preferbinary': 'FALSE', 'branching_scorefac': '0.167', 'branching_scorefunc': 'p', 'heuristics_subnlp_presolveemphasis': '0', 'heuristics_trivial_freq': '0', 'lp_initalgorithm': 's', 'lp_pricing': 'l', 'separating_gomory_away': '0.01', 'separating_poolfreq': '10', 'configuration_id': 'SMAC2_1745521332.3284783_60'}"
cpu_time:metric,Instances/Europe_3h_single/problem_instance_europe_jan_3h.json,59,19.2056,2819346866.0,"{'branching_preferbinary': 'FALSE', 'branching_scorefac': '0.09998617207754723', 'branching_scorefunc': 'p', 'heuristics_subnlp_presolveemphasis': '2', 'heuristics_trivial_freq': '3', 'lp_initalgorithm': 'p', 'lp_pricing': 'q', 'separating_gomory_away': '0.36902726311933687', 'separating_poolfreq': '5', 'configuration_id': 'SMAC2_1745521332.3284783_59'}"
memory:metric,Instances/Europe_3h_single/problem_instance_europe_jan_3h.json,59,2055.5859375,2819346866.0,"{'branching_preferbinary': 'FALSE', 'branching_scorefac': '0.09998617207754723', 'branching_scorefunc': 'p', 'heuristics_subnlp_presolveemphasis': '2', 'heuristics_trivial_freq': '3', 'lp_initalgorithm': 'p', 'lp_pricing': 'q', 'separating_gomory_away': '0.36902726311933687', 'separating_poolfreq': '5', 'configuration_id': 'SMAC2_1745521332.3284783_59'}"
runtime,Instances/Europe_3h_single/problem_instance_europe_jan_3h.json,59,9.321705,2819346866.0,"{'branching_preferbinary': 'FALSE', 'branching_scorefac': '0.09998617207754723', 'branching_scorefunc': 'p', 'heuristics_subnlp_presolveemphasis': '2', 'heuristics_trivial_freq': '3', 'lp_initalgorithm': 'p', 'lp_pricing': 'q', 'separating_gomory_away': '0.36902726311933687', 'separating_poolfreq': '5', 'configuration_id': 'SMAC2_1745521332.3284783_59'}"
status:metric,Instances/Europe_3h_single/problem_instance_europe_jan_3h.json,59,SUCCESS,2819346866.0,"{'branching_preferbinary': 'FALSE', 'branching_scorefac': '0.09998617207754723', 'branching_scorefunc': 'p', 'heuristics_subnlp_presolveemphasis': '2', 'heuristics_trivial_freq': '3', 'lp_initalgorithm': 'p', 'lp_pricing': 'q', 'separating_gomory_away': '0.36902726311933687', 'separating_poolfreq': '5', 'configuration_id': 'SMAC2_1745521332.3284783_59'}"
wall_time:metric,Instances/Europe_3h_single/problem_instance_europe_jan_3h.json,59,23.2759,2819346866.0,"{'branching_preferbinary': 'FALSE', 'branching_scorefac': '0.09998617207754723', 'branching_scorefunc': 'p', 'heuristics_subnlp_presolveemphasis': '2', 'heuristics_trivial_freq': '3', 'lp_initalgorithm': 'p', 'lp_pricing': 'q', 'separating_gomory_away': '0.36902726311933687', 'separating_poolfreq': '5', 'configuration_id': 'SMAC2_1745521332.3284783_59'}"
cpu_time:metric,Instances/Europe_3h_single/problem_instance_europe_jan_3h.json,43,24.0779,2876919439.0,"{'branching_preferbinary': 'TRUE', 'branching_scorefac': '0.9256456579217872', 'branching_scorefunc': 'q', 'heuristics_subnlp_presolveemphasis': '3', 'heuristics_trivial_freq': '10', 'lp_initalgorithm': 's', 'lp_pricing': 'q', 'separating_gomory_away': '0.10121670993963419', 'separating_poolfreq': '2', 'configuration_id': 'SMAC2_1745521332.3284783_43'}"
memory:metric,Instances/Europe_3h_single/problem_instance_europe_jan_3h.json,43,2055.8515625,2876919439.0,"{'branching_preferbinary': 'TRUE', 'branching_scorefac': '0.9256456579217872', 'branching_scorefunc': 'q', 'heuristics_subnlp_presolveemphasis': '3', 'heuristics_trivial_freq': '10', 'lp_initalgorithm': 's', 'lp_pricing': 'q', 'separating_gomory_away': '0.10121670993963419', 'separating_poolfreq': '2', 'configuration_id': 'SMAC2_1745521332.3284783_43'}"
runtime,Instances/Europe_3h_single/problem_instance_europe_jan_3h.json,43,12.332442,2876919439.0,"{'branching_preferbinary': 'TRUE', 'branching_scorefac': '0.9256456579217872', 'branching_scorefunc': 'q', 'heuristics_subnlp_presolveemphasis': '3', 'heuristics_trivial_freq': '10', 'lp_initalgorithm': 's', 'lp_pricing': 'q', 'separating_gomory_away': '0.10121670993963419', 'separating_poolfreq': '2', 'configuration_id': 'SMAC2_1745521332.3284783_43'}"
status:metric,Instances/Europe_3h_single/problem_instance_europe_jan_3h.json,43,SUCCESS,2876919439.0,"{'branching_preferbinary': 'TRUE', 'branching_scorefac': '0.9256456579217872', 'branching_scorefunc': 'q', 'heuristics_subnlp_presolveemphasis': '3', 'heuristics_trivial_freq': '10', 'lp_initalgorithm': 's', 'lp_pricing': 'q', 'separating_gomory_away': '0.10121670993963419', 'separating_poolfreq': '2', 'configuration_id': 'SMAC2_1745521332.3284783_43'}"
wall_time:metric,Instances/Europe_3h_single/problem_instance_europe_jan_3h.json,43,25.6613,2876919439.0,"{'branching_preferbinary': 'TRUE', 'branching_scorefac': '0.9256456579217872', 'branching_scorefunc': 'q', 'heuristics_subnlp_presolveemphasis': '3', 'heuristics_trivial_freq': '10', 'lp_initalgorithm': 's', 'lp_pricing': 'q', 'separating_gomory_away': '0.10121670993963419', 'separating_poolfreq': '2', 'configuration_id': 'SMAC2_1745521332.3284783_43'}"
cpu_time:metric,Instances/Europe_3h_single/problem_instance_europe_jan_3h.json,58,22.0724,3526817359.0,{}
memory:metric,Instances/Europe_3h_single/problem_instance_europe_jan_3h.json,58,2056.6875,3526817359.0,{}
runtime,Instances/Europe_3h_single/problem_instance_europe_jan_3h.json,58,10.191267,3526817359.0,{}
status:metric,Instances/Europe_3h_single/problem_instance_europe_jan_3h.json,58,SUCCESS,3526817359.0,{}
wall_time:metric,Instances/Europe_3h_single/problem_instance_europe_jan_3h.json,58,24.6726,3526817359.0,{}
cpu_time:metric,Instances/Europe_3h_single/problem_instance_europe_jan_3h.json,57,21.1098,3223642200.0,"{'branching_preferbinary': 'FALSE', 'branching_scorefac': '0.167', 'branching_scorefunc': 'p', 'heuristics_subnlp_presolveemphasis': '0', 'heuristics_trivial_freq': '0', 'lp_initalgorithm': 's', 'lp_pricing': 'l', 'separating_gomory_away': '0.01', 'separating_poolfreq': '10', 'configuration_id': 'SMAC2_1745521332.3284783_57'}"
memory:metric,Instances/Europe_3h_single/problem_instance_europe_jan_3h.json,57,2056.58203125,3223642200.0,"{'branching_preferbinary': 'FALSE', 'branching_scorefac': '0.167', 'branching_scorefunc': 'p', 'heuristics_subnlp_presolveemphasis': '0', 'heuristics_trivial_freq': '0', 'lp_initalgorithm': 's', 'lp_pricing': 'l', 'separating_gomory_away': '0.01', 'separating_poolfreq': '10', 'configuration_id': 'SMAC2_1745521332.3284783_57'}"
runtime,Instances/Europe_3h_single/problem_instance_europe_jan_3h.json,57,10.349956,3223642200.0,"{'branching_preferbinary': 'FALSE', 'branching_scorefac': '0.167', 'branching_scorefunc': 'p', 'heuristics_subnlp_presolveemphasis': '0', 'heuristics_trivial_freq': '0', 'lp_initalgorithm': 's', 'lp_pricing': 'l', 'separating_gomory_away': '0.01', 'separating_poolfreq': '10', 'configuration_id': 'SMAC2_1745521332.3284783_57'}"
status:metric,Instances/Europe_3h_single/problem_instance_europe_jan_3h.json,57,SUCCESS,3223642200.0,"{'branching_preferbinary': 'FALSE', 'branching_scorefac': '0.167', 'branching_scorefunc': 'p', 'heuristics_subnlp_presolveemphasis': '0', 'heuristics_trivial_freq': '0', 'lp_initalgorithm': 's', 'lp_pricing': 'l', 'separating_gomory_away': '0.01', 'separating_poolfreq': '10', 'configuration_id': 'SMAC2_1745521332.3284783_57'}"
wall_time:metric,Instances/Europe_3h_single/problem_instance_europe_jan_3h.json,57,27.8435,3223642200.0,"{'branching_preferbinary': 'FALSE', 'branching_scorefac': '0.167', 'branching_scorefunc': 'p', 'heuristics_subnlp_presolveemphasis': '0', 'heuristics_trivial_freq': '0', 'lp_initalgorithm': 's', 'lp_pricing': 'l', 'separating_gomory_away': '0.01', 'separating_poolfreq': '10', 'configuration_id': 'SMAC2_1745521332.3284783_57'}"
cpu_time:metric,Instances/Europe_3h_single/problem_instance_europe_jan_3h.json,61,24.25,1869740205.0,"{'branching_preferbinary': 'FALSE', 'branching_scorefac': '0.167', 'branching_scorefunc': 'p', 'heuristics_subnlp_presolveemphasis': '0', 'heuristics_trivial_freq': '0', 'lp_initalgorithm': 's', 'lp_pricing': 'l', 'separating_gomory_away': '0.01', 'separating_poolfreq': '10', 'configuration_id': 'SMAC2_1745521332.3284783_61'}"
memory:metric,Instances/Europe_3h_single/problem_instance_europe_jan_3h.json,61,2056.6953125,1869740205.0,"{'branching_preferbinary': 'FALSE', 'branching_scorefac': '0.167', 'branching_scorefunc': 'p', 'heuristics_subnlp_presolveemphasis': '0', 'heuristics_trivial_freq': '0', 'lp_initalgorithm': 's', 'lp_pricing': 'l', 'separating_gomory_away': '0.01', 'separating_poolfreq': '10', 'configuration_id': 'SMAC2_1745521332.3284783_61'}"
runtime,Instances/Europe_3h_single/problem_instance_europe_jan_3h.json,61,12.203811,1869740205.0,"{'branching_preferbinary': 'FALSE', 'branching_scorefac': '0.167', 'branching_scorefunc': 'p', 'heuristics_subnlp_presolveemphasis': '0', 'heuristics_trivial_freq': '0', 'lp_initalgorithm': 's', 'lp_pricing': 'l', 'separating_gomory_away': '0.01', 'separating_poolfreq': '10', 'configuration_id': 'SMAC2_1745521332.3284783_61'}"
status:metric,Instances/Europe_3h_single/problem_instance_europe_jan_3h.json,61,SUCCESS,1869740205.0,"{'branching_preferbinary': 'FALSE', 'branching_scorefac': '0.167', 'branching_scorefunc': 'p', 'heuristics_subnlp_presolveemphasis': '0', 'heuristics_trivial_freq': '0', 'lp_initalgorithm': 's', 'lp_pricing': 'l', 'separating_gomory_away': '0.01', 'separating_poolfreq': '10', 'configuration_id': 'SMAC2_1745521332.3284783_61'}"
wall_time:metric,Instances/Europe_3h_single/problem_instance_europe_jan_3h.json,61,27.6585,1869740205.0,"{'branching_preferbinary': 'FALSE', 'branching_scorefac': '0.167', 'branching_scorefunc': 'p', 'heuristics_subnlp_presolveemphasis': '0', 'heuristics_trivial_freq': '0', 'lp_initalgorithm': 's', 'lp_pricing': 'l', 'separating_gomory_away': '0.01', 'separating_poolfreq': '10', 'configuration_id': 'SMAC2_1745521332.3284783_61'}"
