[ {
  "@pi-id" : 2,
  "pi-name" : "Instances/Europe_3h_single/problem_instance_europe_jan_3h.json",
  "pi-instance-specific-info" : "0",
  "pi-features" : { },
  "pi-instance-id(deprecated)" : 1
} ] {
  "r-rc" : {
    "@rc-id" : 2,
    "rc-algo-exec-config" : {
      "@algo-exec-config-id" : 2,
      "algo-exec" : "/rwthfs/rz/cluster/home/vx475510/miniforge3/envs/sparkle/lib/python3.10/site-packages/sparkle/Components/smac2-v2.10.03-master-778/smac2_target_algorithm.py Solvers/SCIP Output/Configuration/Raw_Data/SMAC2/SCIP_Europe_3h_single/tmp runtime",
      "algo-exec-dir" : "/rwthfs/rz/cluster/home/vx475510/satellite-operations-planning/sparkle",
      "algo-pcs" : {
        "@pcs-id" : 2,
        "pcs-filename" : "/rwthfs/rz/cluster/home/vx475510/satellite-operations-planning/sparkle/Solvers/SCIP/configspace.pcs",
        "pcs-text" : "branching_scorefunc categorical {s,p,q} [p]\nbranching_scorefac real [0.0,1.0] [0.167]\nbranching_preferbinary categorical {TRUE, FALSE} [FALSE]\nlp_initalgorithm categorical {s,p,d,b,c} [s]\nlp_pricing categorical {l,a,f,q,d} [l]\nheuristics_trivial_freq integer [-1,10] [0]\nseparating_poolfreq integer [0,10] [10]\nseparating_gomory_away real [0.0001,0.5] [0.01]\nheuristics_subnlp_presolveemphasis categorical {0,1,2,3} [0]\n",
        "pcs-subspace" : { }
      },
      "algo-cutoff" : 60.0,
      "algo-deterministic" : false,
      "algo-tae-context" : { }
    },
    "rc-cutoff" : 60.0,
    "rc-pisp" : {
      "@pisp-id" : 2,
      "pisp-pi" : {
        "@pi-id" : 2
      },
      "pisp-seed" : 13357972
    },
    "rc-pc" : {
      "@pc-id" : 2,
      "pc-pcs" : {
        "@pcs-id" : 2
      },
      "pc-settings" : {
        "branching_preferbinary" : "FALSE",
        "branching_scorefac" : "0.167",
        "branching_scorefunc" : "p",
        "heuristics_subnlp_presolveemphasis" : "0",
        "heuristics_trivial_freq" : "0",
        "lp_initalgorithm" : "s",
        "lp_pricing" : "l",
        "separating_gomory_away" : "0.01",
        "separating_poolfreq" : "10"
      },
      "pc-active-parameters" : [ "branching_preferbinary", "branching_scorefac", "branching_scorefunc", "heuristics_subnlp_presolveemphasis", "heuristics_trivial_freq", "lp_initalgorithm", "lp_pricing", "separating_gomory_away", "separating_poolfreq" ],
      "pc-forbidden" : false,
      "pc-default" : true
    },
    "rc-sample-idx" : 0
  },
  "r-run-result" : "SAT",
  "r-runtime" : 19.8106,
  "r-run-length" : 0.0,
  "r-quality" : 9.685649,
  "r-result-seed" : 13357972,
  "r-addl-run-data" : "",
  "r-wallclock-time" : 29.73
} {
  "r-rc" : {
    "@rc-id" : 3,
    "rc-algo-exec-config" : {
      "@algo-exec-config-id" : 2
    },
    "rc-cutoff" : 60.0,
    "rc-pisp" : {
      "@pisp-id" : 3,
      "pisp-pi" : {
        "@pi-id" : 2
      },
      "pisp-seed" : 2451527
    },
    "rc-pc" : {
      "@pc-id" : 2
    },
    "rc-sample-idx" : 0
  },
  "r-run-result" : "SAT",
  "r-runtime" : 20.1216,
  "r-run-length" : 0.0,
  "r-quality" : 10.400756,
  "r-result-seed" : 2451527,
  "r-addl-run-data" : "",
  "r-wallclock-time" : 27.344
} {
  "r-rc" : {
    "@rc-id" : 4,
    "rc-algo-exec-config" : {
      "@algo-exec-config-id" : 2
    },
    "rc-cutoff" : 60.0,
    "rc-pisp" : {
      "@pisp-id" : 3
    },
    "rc-pc" : {
      "@pc-id" : 4,
      "pc-pcs" : {
        "@pcs-id" : 2
      },
      "pc-settings" : {
        "branching_preferbinary" : "FALSE",
        "branching_scorefac" : "0.595980984735329",
        "branching_scorefunc" : "p",
        "heuristics_subnlp_presolveemphasis" : "3",
        "heuristics_trivial_freq" : "10",
        "lp_initalgorithm" : "d",
        "lp_pricing" : "d",
        "separating_gomory_away" : "0.002722264902230541",
        "separating_poolfreq" : "5"
      },
      "pc-active-parameters" : [ "branching_preferbinary", "branching_scorefac", "branching_scorefunc", "heuristics_subnlp_presolveemphasis", "heuristics_trivial_freq", "lp_initalgorithm", "lp_pricing", "separating_gomory_away", "separating_poolfreq" ],
      "pc-forbidden" : false,
      "pc-default" : false
    },
    "rc-sample-idx" : 0
  },
  "r-run-result" : "SAT",
  "r-runtime" : 19.7546,
  "r-run-length" : 0.0,
  "r-quality" : 9.848192,
  "r-result-seed" : 2451527,
  "r-addl-run-data" : "",
  "r-wallclock-time" : 73.114
} {
  "r-rc" : {
    "@rc-id" : 5,
    "rc-algo-exec-config" : {
      "@algo-exec-config-id" : 2
    },
    "rc-cutoff" : 60.0,
    "rc-pisp" : {
      "@pisp-id" : 2
    },
    "rc-pc" : {
      "@pc-id" : 4
    },
    "rc-sample-idx" : 0
  },
  "r-run-result" : "SAT",
  "r-runtime" : 19.4699,
  "r-run-length" : 0.0,
  "r-quality" : 9.98306,
  "r-result-seed" : 13357972,
  "r-addl-run-data" : "",
  "r-wallclock-time" : 26.498
} {
  "r-rc" : {
    "@rc-id" : 6,
    "rc-algo-exec-config" : {
      "@algo-exec-config-id" : 2
    },
    "rc-cutoff" : 60.0,
    "rc-pisp" : {
      "@pisp-id" : 6,
      "pisp-pi" : {
        "@pi-id" : 2
      },
      "pisp-seed" : 11795250
    },
    "rc-pc" : {
      "@pc-id" : 4
    },
    "rc-sample-idx" : 0
  },
  "r-run-result" : "SAT",
  "r-runtime" : 19.9599,
  "r-run-length" : 0.0,
  "r-quality" : 9.686744000000001,
  "r-result-seed" : 11795250,
  "r-addl-run-data" : "",
  "r-wallclock-time" : 31.759
} {
  "r-rc" : {
    "@rc-id" : 7,
    "rc-algo-exec-config" : {
      "@algo-exec-config-id" : 2
    },
    "rc-cutoff" : 60.0,
    "rc-pisp" : {
      "@pisp-id" : 3
    },
    "rc-pc" : {
      "@pc-id" : 7,
      "pc-pcs" : {
        "@pcs-id" : 2
      },
      "pc-settings" : {
        "branching_preferbinary" : "FALSE",
        "branching_scorefac" : "0.4366289100482763",
        "branching_scorefunc" : "s",
        "heuristics_subnlp_presolveemphasis" : "1",
        "heuristics_trivial_freq" : "-1",
        "lp_initalgorithm" : "s",
        "lp_pricing" : "d",
        "separating_gomory_away" : "0.19262019297222052",
        "separating_poolfreq" : "0"
      },
      "pc-active-parameters" : [ "branching_preferbinary", "branching_scorefac", "branching_scorefunc", "heuristics_subnlp_presolveemphasis", "heuristics_trivial_freq", "lp_initalgorithm", "lp_pricing", "separating_gomory_away", "separating_poolfreq" ],
      "pc-forbidden" : false,
      "pc-default" : false
    },
    "rc-sample-idx" : 0
  },
  "r-run-result" : "SAT",
  "r-runtime" : 19.4767,
  "r-run-length" : 0.0,
  "r-quality" : 9.506766,
  "r-result-seed" : 2451527,
  "r-addl-run-data" : "",
  "r-wallclock-time" : 40.581
} {
  "r-rc" : {
    "@rc-id" : 8,
    "rc-algo-exec-config" : {
      "@algo-exec-config-id" : 2
    },
    "rc-cutoff" : 60.0,
    "rc-pisp" : {
      "@pisp-id" : 6
    },
    "rc-pc" : {
      "@pc-id" : 7
    },
    "rc-sample-idx" : 0
  },
  "r-run-result" : "SAT",
  "r-runtime" : 18.7938,
  "r-run-length" : 0.0,
  "r-quality" : 8.664282,
  "r-result-seed" : 11795250,
  "r-addl-run-data" : "",
  "r-wallclock-time" : 77.07
}