{"name": "Run: SCIP on instances", "base_dir": "Output/Log/run_solvers_2025-04-22-15.45.01", "dependencies": [], "sbatch_options": ["--qos=normal", "--mem=10000", "--time=10:00", "--partition=c23ms"], "srun_options": [], "jobs": [{"cmd": "python3 /rwthfs/rz/cluster/home/vx475510/miniforge3/envs/sparkle/lib/python3.10/site-packages/sparkle/solver/solver_cli.py --solver Solvers/SCIP --instance Instances/Europe_3h_year/problem_instance_europe_apr_3h.json --run-index 2 --performance-dataframe Output/Performance_Data/performance_data.csv --cutoff-time 60 --log-dir Output/Log/run_solvers_2025-04-22-15.45.01   ", "working_dir": ".", "output_file": null, "stdout_file": "Output/Log/run_solvers_2025-04-22-15.45.01/Run:_SCIP_on_instances-0000.out", "stderr_file": "Output/Log/run_solvers_2025-04-22-15.45.01/Run:_SCIP_on_instances-0000.err", "slurm_job_id": "56316787_0", "job_state": null, "start_time_stamp": null, "end_time_stamp": null, "submit_time_stamp": null, "job_restarts": null, "job_qos": null, "job_partition": null, "job_nodes": null}, {"cmd": "python3 /rwthfs/rz/cluster/home/vx475510/miniforge3/envs/sparkle/lib/python3.10/site-packages/sparkle/solver/solver_cli.py --solver Solvers/SCIP --instance Instances/Europe_3h_year/problem_instance_europe_aug_3h.json --run-index 2 --performance-dataframe Output/Performance_Data/performance_data.csv --cutoff-time 60 --log-dir Output/Log/run_solvers_2025-04-22-15.45.01   ", "working_dir": ".", "output_file": null, "stdout_file": "Output/Log/run_solvers_2025-04-22-15.45.01/Run:_SCIP_on_instances-0001.out", "stderr_file": "Output/Log/run_solvers_2025-04-22-15.45.01/Run:_SCIP_on_instances-0001.err", "slurm_job_id": "56316787_1", "job_state": null, "start_time_stamp": null, "end_time_stamp": null, "submit_time_stamp": null, "job_restarts": null, "job_qos": null, "job_partition": null, "job_nodes": null}, {"cmd": "python3 /rwthfs/rz/cluster/home/vx475510/miniforge3/envs/sparkle/lib/python3.10/site-packages/sparkle/solver/solver_cli.py --solver Solvers/SCIP --instance Instances/Europe_3h_year/problem_instance_europe_dec_3h.json --run-index 2 --performance-dataframe Output/Performance_Data/performance_data.csv --cutoff-time 60 --log-dir Output/Log/run_solvers_2025-04-22-15.45.01   ", "working_dir": ".", "output_file": null, "stdout_file": "Output/Log/run_solvers_2025-04-22-15.45.01/Run:_SCIP_on_instances-0002.out", "stderr_file": "Output/Log/run_solvers_2025-04-22-15.45.01/Run:_SCIP_on_instances-0002.err", "slurm_job_id": "56316787_2", "job_state": null, "start_time_stamp": null, "end_time_stamp": null, "submit_time_stamp": null, "job_restarts": null, "job_qos": null, "job_partition": null, "job_nodes": null}, {"cmd": "python3 /rwthfs/rz/cluster/home/vx475510/miniforge3/envs/sparkle/lib/python3.10/site-packages/sparkle/solver/solver_cli.py --solver Solvers/SCIP --instance Instances/Europe_3h_year/problem_instance_europe_feb_3h.json --run-index 2 --performance-dataframe Output/Performance_Data/performance_data.csv --cutoff-time 60 --log-dir Output/Log/run_solvers_2025-04-22-15.45.01   ", "working_dir": ".", "output_file": null, "stdout_file": "Output/Log/run_solvers_2025-04-22-15.45.01/Run:_SCIP_on_instances-0003.out", "stderr_file": "Output/Log/run_solvers_2025-04-22-15.45.01/Run:_SCIP_on_instances-0003.err", "slurm_job_id": "56316787_3", "job_state": null, "start_time_stamp": null, "end_time_stamp": null, "submit_time_stamp": null, "job_restarts": null, "job_qos": null, "job_partition": null, "job_nodes": null}, {"cmd": "python3 /rwthfs/rz/cluster/home/vx475510/miniforge3/envs/sparkle/lib/python3.10/site-packages/sparkle/solver/solver_cli.py --solver Solvers/SCIP --instance Instances/Europe_3h_year/problem_instance_europe_jan_3h.json --run-index 2 --performance-dataframe Output/Performance_Data/performance_data.csv --cutoff-time 60 --log-dir Output/Log/run_solvers_2025-04-22-15.45.01   ", "working_dir": ".", "output_file": null, "stdout_file": "Output/Log/run_solvers_2025-04-22-15.45.01/Run:_SCIP_on_instances-0004.out", "stderr_file": "Output/Log/run_solvers_2025-04-22-15.45.01/Run:_SCIP_on_instances-0004.err", "slurm_job_id": "56316787_4", "job_state": null, "start_time_stamp": null, "end_time_stamp": null, "submit_time_stamp": null, "job_restarts": null, "job_qos": null, "job_partition": null, "job_nodes": null}, {"cmd": "python3 /rwthfs/rz/cluster/home/vx475510/miniforge3/envs/sparkle/lib/python3.10/site-packages/sparkle/solver/solver_cli.py --solver Solvers/SCIP --instance Instances/Europe_3h_year/problem_instance_europe_jul_3h.json --run-index 2 --performance-dataframe Output/Performance_Data/performance_data.csv --cutoff-time 60 --log-dir Output/Log/run_solvers_2025-04-22-15.45.01   ", "working_dir": ".", "output_file": null, "stdout_file": "Output/Log/run_solvers_2025-04-22-15.45.01/Run:_SCIP_on_instances-0005.out", "stderr_file": "Output/Log/run_solvers_2025-04-22-15.45.01/Run:_SCIP_on_instances-0005.err", "slurm_job_id": "56316787_5", "job_state": null, "start_time_stamp": null, "end_time_stamp": null, "submit_time_stamp": null, "job_restarts": null, "job_qos": null, "job_partition": null, "job_nodes": null}, {"cmd": "python3 /rwthfs/rz/cluster/home/vx475510/miniforge3/envs/sparkle/lib/python3.10/site-packages/sparkle/solver/solver_cli.py --solver Solvers/SCIP --instance Instances/Europe_3h_year/problem_instance_europe_jun_3h.json --run-index 2 --performance-dataframe Output/Performance_Data/performance_data.csv --cutoff-time 60 --log-dir Output/Log/run_solvers_2025-04-22-15.45.01   ", "working_dir": ".", "output_file": null, "stdout_file": "Output/Log/run_solvers_2025-04-22-15.45.01/Run:_SCIP_on_instances-0006.out", "stderr_file": "Output/Log/run_solvers_2025-04-22-15.45.01/Run:_SCIP_on_instances-0006.err", "slurm_job_id": "56316787_6", "job_state": null, "start_time_stamp": null, "end_time_stamp": null, "submit_time_stamp": null, "job_restarts": null, "job_qos": null, "job_partition": null, "job_nodes": null}, {"cmd": "python3 /rwthfs/rz/cluster/home/vx475510/miniforge3/envs/sparkle/lib/python3.10/site-packages/sparkle/solver/solver_cli.py --solver Solvers/SCIP --instance Instances/Europe_3h_year/problem_instance_europe_mar_3h.json --run-index 2 --performance-dataframe Output/Performance_Data/performance_data.csv --cutoff-time 60 --log-dir Output/Log/run_solvers_2025-04-22-15.45.01   ", "working_dir": ".", "output_file": null, "stdout_file": "Output/Log/run_solvers_2025-04-22-15.45.01/Run:_SCIP_on_instances-0007.out", "stderr_file": "Output/Log/run_solvers_2025-04-22-15.45.01/Run:_SCIP_on_instances-0007.err", "slurm_job_id": "56316787_7", "job_state": null, "start_time_stamp": null, "end_time_stamp": null, "submit_time_stamp": null, "job_restarts": null, "job_qos": null, "job_partition": null, "job_nodes": null}, {"cmd": "python3 /rwthfs/rz/cluster/home/vx475510/miniforge3/envs/sparkle/lib/python3.10/site-packages/sparkle/solver/solver_cli.py --solver Solvers/SCIP --instance Instances/Europe_3h_year/problem_instance_europe_may_3h.json --run-index 2 --performance-dataframe Output/Performance_Data/performance_data.csv --cutoff-time 60 --log-dir Output/Log/run_solvers_2025-04-22-15.45.01   ", "working_dir": ".", "output_file": null, "stdout_file": "Output/Log/run_solvers_2025-04-22-15.45.01/Run:_SCIP_on_instances-0008.out", "stderr_file": "Output/Log/run_solvers_2025-04-22-15.45.01/Run:_SCIP_on_instances-0008.err", "slurm_job_id": "56316787_8", "job_state": null, "start_time_stamp": null, "end_time_stamp": null, "submit_time_stamp": null, "job_restarts": null, "job_qos": null, "job_partition": null, "job_nodes": null}, {"cmd": "python3 /rwthfs/rz/cluster/home/vx475510/miniforge3/envs/sparkle/lib/python3.10/site-packages/sparkle/solver/solver_cli.py --solver Solvers/SCIP --instance Instances/Europe_3h_year/problem_instance_europe_nov_3h.json --run-index 2 --performance-dataframe Output/Performance_Data/performance_data.csv --cutoff-time 60 --log-dir Output/Log/run_solvers_2025-04-22-15.45.01   ", "working_dir": ".", "output_file": null, "stdout_file": "Output/Log/run_solvers_2025-04-22-15.45.01/Run:_SCIP_on_instances-0009.out", "stderr_file": "Output/Log/run_solvers_2025-04-22-15.45.01/Run:_SCIP_on_instances-0009.err", "slurm_job_id": "56316787_9", "job_state": null, "start_time_stamp": null, "end_time_stamp": null, "submit_time_stamp": null, "job_restarts": null, "job_qos": null, "job_partition": null, "job_nodes": null}, {"cmd": "python3 /rwthfs/rz/cluster/home/vx475510/miniforge3/envs/sparkle/lib/python3.10/site-packages/sparkle/solver/solver_cli.py --solver Solvers/SCIP --instance Instances/Europe_3h_year/problem_instance_europe_oct_3h.json --run-index 2 --performance-dataframe Output/Performance_Data/performance_data.csv --cutoff-time 60 --log-dir Output/Log/run_solvers_2025-04-22-15.45.01   ", "working_dir": ".", "output_file": null, "stdout_file": "Output/Log/run_solvers_2025-04-22-15.45.01/Run:_SCIP_on_instances-0010.out", "stderr_file": "Output/Log/run_solvers_2025-04-22-15.45.01/Run:_SCIP_on_instances-0010.err", "slurm_job_id": "56316787_10", "job_state": null, "start_time_stamp": null, "end_time_stamp": null, "submit_time_stamp": null, "job_restarts": null, "job_qos": null, "job_partition": null, "job_nodes": null}, {"cmd": "python3 /rwthfs/rz/cluster/home/vx475510/miniforge3/envs/sparkle/lib/python3.10/site-packages/sparkle/solver/solver_cli.py --solver Solvers/SCIP --instance Instances/Europe_3h_year/problem_instance_europe_sep_3h.json --run-index 2 --performance-dataframe Output/Performance_Data/performance_data.csv --cutoff-time 60 --log-dir Output/Log/run_solvers_2025-04-22-15.45.01   ", "working_dir": ".", "output_file": null, "stdout_file": "Output/Log/run_solvers_2025-04-22-15.45.01/Run:_SCIP_on_instances-0011.out", "stderr_file": "Output/Log/run_solvers_2025-04-22-15.45.01/Run:_SCIP_on_instances-0011.err", "slurm_job_id": "56316787_11", "job_state": null, "start_time_stamp": null, "end_time_stamp": null, "submit_time_stamp": null, "job_restarts": null, "job_qos": null, "job_partition": null, "job_nodes": null}], "parallel_jobs": 12, "submitted": true, "run_id": "56316787", "prepend": "export CONDA_ROOT=$HOME/miniforge3\nsource $CONDA_ROOT/etc/profile.d/conda.sh\nexport PATH=\"$CONDA_ROOT/bin:$PATH\"\nconda activate sparkle"}