Solver,,,Solvers/TestSolver,Solvers/TestSolver,Solvers/TestSolver
Meta,,,Value,Seed,Configuration
Objective,Instance,Run,,,
cpu_time:metric,Instances/Basic_6h_year/problem_instance_europe_apr_6h.json,1,,,
cpu_time:metric,Instances/Basic_6h_year/problem_instance_europe_apr_6h.json,2,,,{}
cpu_time:metric,Instances/Basic_6h_year/problem_instance_europe_apr_6h.json,3,,,{}
cpu_time:metric,Instances/Basic_6h_year/problem_instance_europe_apr_6h.json,4,,,{}
cpu_time:metric,Instances/Basic_6h_year/problem_instance_europe_apr_6h.json,5,,,{}
cpu_time:metric,Instances/Basic_6h_year/problem_instance_europe_apr_6h.json,6,,,{}
cpu_time:metric,Instances/Basic_6h_year/problem_instance_europe_apr_6h.json,7,,,{}
cpu_time:metric,Instances/Basic_6h_year/problem_instance_europe_apr_6h.json,8,,,{}
cpu_time:metric,Instances/Basic_6h_year/problem_instance_europe_apr_6h.json,9,,,{}
cpu_time:metric,Instances/Basic_6h_year/problem_instance_europe_apr_6h.json,10,,,{}
cpu_time:metric,Instances/Basic_6h_year/problem_instance_europe_apr_6h.json,11,,,{}
cpu_time:metric,Instances/Basic_6h_year/problem_instance_europe_apr_6h.json,12,,,{}
cpu_time:metric,Instances/Basic_6h_year/problem_instance_europe_apr_6h.json,13,,,{}
cpu_time:metric,Instances/Basic_6h_year/problem_instance_europe_apr_6h.json,14,,,{}
cpu_time:metric,Instances/Basic_6h_year/problem_instance_europe_apr_6h.json,15,,,{}
cpu_time:metric,Instances/Basic_6h_year/problem_instance_europe_apr_6h.json,16,,,{}
cpu_time:metric,Instances/Basic_6h_year/problem_instance_europe_aug_6h.json,1,,,
cpu_time:metric,Instances/Basic_6h_year/problem_instance_europe_aug_6h.json,2,,,{}
cpu_time:metric,Instances/Basic_6h_year/problem_instance_europe_aug_6h.json,3,,,{}
cpu_time:metric,Instances/Basic_6h_year/problem_instance_europe_aug_6h.json,4,,,{}
cpu_time:metric,Instances/Basic_6h_year/problem_instance_europe_aug_6h.json,5,,,{}
cpu_time:metric,Instances/Basic_6h_year/problem_instance_europe_aug_6h.json,6,,,{}
cpu_time:metric,Instances/Basic_6h_year/problem_instance_europe_aug_6h.json,7,,,{}
cpu_time:metric,Instances/Basic_6h_year/problem_instance_europe_aug_6h.json,8,,,{}
cpu_time:metric,Instances/Basic_6h_year/problem_instance_europe_aug_6h.json,9,,,{}
cpu_time:metric,Instances/Basic_6h_year/problem_instance_europe_aug_6h.json,10,,,{}
cpu_time:metric,Instances/Basic_6h_year/problem_instance_europe_aug_6h.json,11,,,{}
cpu_time:metric,Instances/Basic_6h_year/problem_instance_europe_aug_6h.json,12,,,{}
cpu_time:metric,Instances/Basic_6h_year/problem_instance_europe_aug_6h.json,13,,,{}
cpu_time:metric,Instances/Basic_6h_year/problem_instance_europe_aug_6h.json,14,,,{}
cpu_time:metric,Instances/Basic_6h_year/problem_instance_europe_aug_6h.json,15,,,{}
cpu_time:metric,Instances/Basic_6h_year/problem_instance_europe_aug_6h.json,16,,,{}
cpu_time:metric,Instances/Basic_6h_year/problem_instance_europe_dec_6h.json,1,,,
cpu_time:metric,Instances/Basic_6h_year/problem_instance_europe_dec_6h.json,2,,,{}
cpu_time:metric,Instances/Basic_6h_year/problem_instance_europe_dec_6h.json,3,,,{}
cpu_time:metric,Instances/Basic_6h_year/problem_instance_europe_dec_6h.json,4,,,{}
cpu_time:metric,Instances/Basic_6h_year/problem_instance_europe_dec_6h.json,5,,,{}
cpu_time:metric,Instances/Basic_6h_year/problem_instance_europe_dec_6h.json,6,,,{}
cpu_time:metric,Instances/Basic_6h_year/problem_instance_europe_dec_6h.json,7,,,{}
cpu_time:metric,Instances/Basic_6h_year/problem_instance_europe_dec_6h.json,8,,,{}
cpu_time:metric,Instances/Basic_6h_year/problem_instance_europe_dec_6h.json,9,,,{}
cpu_time:metric,Instances/Basic_6h_year/problem_instance_europe_dec_6h.json,10,,,{}
cpu_time:metric,Instances/Basic_6h_year/problem_instance_europe_dec_6h.json,11,,,{}
cpu_time:metric,Instances/Basic_6h_year/problem_instance_europe_dec_6h.json,12,,,{}
cpu_time:metric,Instances/Basic_6h_year/problem_instance_europe_dec_6h.json,13,,,{}
cpu_time:metric,Instances/Basic_6h_year/problem_instance_europe_dec_6h.json,14,,,{}
cpu_time:metric,Instances/Basic_6h_year/problem_instance_europe_dec_6h.json,15,,,{}
cpu_time:metric,Instances/Basic_6h_year/problem_instance_europe_dec_6h.json,16,,,{}
cpu_time:metric,Instances/Basic_6h_year/problem_instance_europe_feb_6h.json,1,,,
cpu_time:metric,Instances/Basic_6h_year/problem_instance_europe_feb_6h.json,2,,,{}
cpu_time:metric,Instances/Basic_6h_year/problem_instance_europe_feb_6h.json,3,,,{}
cpu_time:metric,Instances/Basic_6h_year/problem_instance_europe_feb_6h.json,4,,,{}
cpu_time:metric,Instances/Basic_6h_year/problem_instance_europe_feb_6h.json,5,,,{}
cpu_time:metric,Instances/Basic_6h_year/problem_instance_europe_feb_6h.json,6,,,{}
cpu_time:metric,Instances/Basic_6h_year/problem_instance_europe_feb_6h.json,7,,,{}
cpu_time:metric,Instances/Basic_6h_year/problem_instance_europe_feb_6h.json,8,,,{}
cpu_time:metric,Instances/Basic_6h_year/problem_instance_europe_feb_6h.json,9,,,{}
cpu_time:metric,Instances/Basic_6h_year/problem_instance_europe_feb_6h.json,10,,,{}
cpu_time:metric,Instances/Basic_6h_year/problem_instance_europe_feb_6h.json,11,,,{}
cpu_time:metric,Instances/Basic_6h_year/problem_instance_europe_feb_6h.json,12,,,{}
cpu_time:metric,Instances/Basic_6h_year/problem_instance_europe_feb_6h.json,13,,,{}
cpu_time:metric,Instances/Basic_6h_year/problem_instance_europe_feb_6h.json,14,,,{}
cpu_time:metric,Instances/Basic_6h_year/problem_instance_europe_feb_6h.json,15,,,{}
cpu_time:metric,Instances/Basic_6h_year/problem_instance_europe_feb_6h.json,16,,,{}
cpu_time:metric,Instances/Basic_6h_year/problem_instance_europe_jan_6h.json,1,,,
cpu_time:metric,Instances/Basic_6h_year/problem_instance_europe_jan_6h.json,2,,,{}
cpu_time:metric,Instances/Basic_6h_year/problem_instance_europe_jan_6h.json,3,,,{}
cpu_time:metric,Instances/Basic_6h_year/problem_instance_europe_jan_6h.json,4,,,{}
cpu_time:metric,Instances/Basic_6h_year/problem_instance_europe_jan_6h.json,5,,,{}
cpu_time:metric,Instances/Basic_6h_year/problem_instance_europe_jan_6h.json,6,,,{}
cpu_time:metric,Instances/Basic_6h_year/problem_instance_europe_jan_6h.json,7,,,{}
cpu_time:metric,Instances/Basic_6h_year/problem_instance_europe_jan_6h.json,8,,,{}
cpu_time:metric,Instances/Basic_6h_year/problem_instance_europe_jan_6h.json,9,,,{}
cpu_time:metric,Instances/Basic_6h_year/problem_instance_europe_jan_6h.json,10,,,{}
cpu_time:metric,Instances/Basic_6h_year/problem_instance_europe_jan_6h.json,11,,,{}
cpu_time:metric,Instances/Basic_6h_year/problem_instance_europe_jan_6h.json,12,,,{}
cpu_time:metric,Instances/Basic_6h_year/problem_instance_europe_jan_6h.json,13,,,{}
cpu_time:metric,Instances/Basic_6h_year/problem_instance_europe_jan_6h.json,14,,,{}
cpu_time:metric,Instances/Basic_6h_year/problem_instance_europe_jan_6h.json,15,,,{}
cpu_time:metric,Instances/Basic_6h_year/problem_instance_europe_jan_6h.json,16,,,{}
cpu_time:metric,Instances/Basic_6h_year/problem_instance_europe_jul_6h.json,1,,,
cpu_time:metric,Instances/Basic_6h_year/problem_instance_europe_jul_6h.json,2,,,{}
cpu_time:metric,Instances/Basic_6h_year/problem_instance_europe_jul_6h.json,3,,,{}
cpu_time:metric,Instances/Basic_6h_year/problem_instance_europe_jul_6h.json,4,,,{}
cpu_time:metric,Instances/Basic_6h_year/problem_instance_europe_jul_6h.json,5,,,{}
cpu_time:metric,Instances/Basic_6h_year/problem_instance_europe_jul_6h.json,6,,,{}
cpu_time:metric,Instances/Basic_6h_year/problem_instance_europe_jul_6h.json,7,,,{}
cpu_time:metric,Instances/Basic_6h_year/problem_instance_europe_jul_6h.json,8,,,{}
cpu_time:metric,Instances/Basic_6h_year/problem_instance_europe_jul_6h.json,9,,,{}
cpu_time:metric,Instances/Basic_6h_year/problem_instance_europe_jul_6h.json,10,,,{}
cpu_time:metric,Instances/Basic_6h_year/problem_instance_europe_jul_6h.json,11,,,{}
cpu_time:metric,Instances/Basic_6h_year/problem_instance_europe_jul_6h.json,12,,,{}
cpu_time:metric,Instances/Basic_6h_year/problem_instance_europe_jul_6h.json,13,,,{}
cpu_time:metric,Instances/Basic_6h_year/problem_instance_europe_jul_6h.json,14,,,{}
cpu_time:metric,Instances/Basic_6h_year/problem_instance_europe_jul_6h.json,15,,,{}
cpu_time:metric,Instances/Basic_6h_year/problem_instance_europe_jul_6h.json,16,,,{}
cpu_time:metric,Instances/Basic_6h_year/problem_instance_europe_jun_6h.json,1,,,
cpu_time:metric,Instances/Basic_6h_year/problem_instance_europe_jun_6h.json,2,,,{}
cpu_time:metric,Instances/Basic_6h_year/problem_instance_europe_jun_6h.json,3,,,{}
cpu_time:metric,Instances/Basic_6h_year/problem_instance_europe_jun_6h.json,4,,,{}
cpu_time:metric,Instances/Basic_6h_year/problem_instance_europe_jun_6h.json,5,,,{}
cpu_time:metric,Instances/Basic_6h_year/problem_instance_europe_jun_6h.json,6,,,{}
cpu_time:metric,Instances/Basic_6h_year/problem_instance_europe_jun_6h.json,7,,,{}
cpu_time:metric,Instances/Basic_6h_year/problem_instance_europe_jun_6h.json,8,,,{}
cpu_time:metric,Instances/Basic_6h_year/problem_instance_europe_jun_6h.json,9,,,{}
cpu_time:metric,Instances/Basic_6h_year/problem_instance_europe_jun_6h.json,10,,,{}
cpu_time:metric,Instances/Basic_6h_year/problem_instance_europe_jun_6h.json,11,,,{}
cpu_time:metric,Instances/Basic_6h_year/problem_instance_europe_jun_6h.json,12,,,{}
cpu_time:metric,Instances/Basic_6h_year/problem_instance_europe_jun_6h.json,13,,,{}
cpu_time:metric,Instances/Basic_6h_year/problem_instance_europe_jun_6h.json,14,,,{}
cpu_time:metric,Instances/Basic_6h_year/problem_instance_europe_jun_6h.json,15,,,{}
cpu_time:metric,Instances/Basic_6h_year/problem_instance_europe_jun_6h.json,16,,,{}
cpu_time:metric,Instances/Basic_6h_year/problem_instance_europe_mar_6h.json,1,,,
cpu_time:metric,Instances/Basic_6h_year/problem_instance_europe_mar_6h.json,2,,,{}
cpu_time:metric,Instances/Basic_6h_year/problem_instance_europe_mar_6h.json,3,,,{}
cpu_time:metric,Instances/Basic_6h_year/problem_instance_europe_mar_6h.json,4,,,{}
cpu_time:metric,Instances/Basic_6h_year/problem_instance_europe_mar_6h.json,5,,,{}
cpu_time:metric,Instances/Basic_6h_year/problem_instance_europe_mar_6h.json,6,,,{}
cpu_time:metric,Instances/Basic_6h_year/problem_instance_europe_mar_6h.json,7,,,{}
cpu_time:metric,Instances/Basic_6h_year/problem_instance_europe_mar_6h.json,8,,,{}
cpu_time:metric,Instances/Basic_6h_year/problem_instance_europe_mar_6h.json,9,,,{}
cpu_time:metric,Instances/Basic_6h_year/problem_instance_europe_mar_6h.json,10,,,{}
cpu_time:metric,Instances/Basic_6h_year/problem_instance_europe_mar_6h.json,11,,,{}
cpu_time:metric,Instances/Basic_6h_year/problem_instance_europe_mar_6h.json,12,,,{}
cpu_time:metric,Instances/Basic_6h_year/problem_instance_europe_mar_6h.json,13,,,{}
cpu_time:metric,Instances/Basic_6h_year/problem_instance_europe_mar_6h.json,14,,,{}
cpu_time:metric,Instances/Basic_6h_year/problem_instance_europe_mar_6h.json,15,,,{}
cpu_time:metric,Instances/Basic_6h_year/problem_instance_europe_mar_6h.json,16,,,{}
cpu_time:metric,Instances/Basic_6h_year/problem_instance_europe_may_6h.json,1,,,
cpu_time:metric,Instances/Basic_6h_year/problem_instance_europe_may_6h.json,2,,,{}
cpu_time:metric,Instances/Basic_6h_year/problem_instance_europe_may_6h.json,3,,,{}
cpu_time:metric,Instances/Basic_6h_year/problem_instance_europe_may_6h.json,4,,,{}
cpu_time:metric,Instances/Basic_6h_year/problem_instance_europe_may_6h.json,5,,,{}
cpu_time:metric,Instances/Basic_6h_year/problem_instance_europe_may_6h.json,6,,,{}
cpu_time:metric,Instances/Basic_6h_year/problem_instance_europe_may_6h.json,7,,,{}
cpu_time:metric,Instances/Basic_6h_year/problem_instance_europe_may_6h.json,8,,,{}
cpu_time:metric,Instances/Basic_6h_year/problem_instance_europe_may_6h.json,9,,,{}
cpu_time:metric,Instances/Basic_6h_year/problem_instance_europe_may_6h.json,10,,,{}
cpu_time:metric,Instances/Basic_6h_year/problem_instance_europe_may_6h.json,11,,,{}
cpu_time:metric,Instances/Basic_6h_year/problem_instance_europe_may_6h.json,12,,,{}
cpu_time:metric,Instances/Basic_6h_year/problem_instance_europe_may_6h.json,13,,,{}
cpu_time:metric,Instances/Basic_6h_year/problem_instance_europe_may_6h.json,14,,,{}
cpu_time:metric,Instances/Basic_6h_year/problem_instance_europe_may_6h.json,15,,,{}
cpu_time:metric,Instances/Basic_6h_year/problem_instance_europe_may_6h.json,16,,,{}
cpu_time:metric,Instances/Basic_6h_year/problem_instance_europe_nov_6h.json,1,,,
cpu_time:metric,Instances/Basic_6h_year/problem_instance_europe_nov_6h.json,2,,,{}
cpu_time:metric,Instances/Basic_6h_year/problem_instance_europe_nov_6h.json,3,,,{}
cpu_time:metric,Instances/Basic_6h_year/problem_instance_europe_nov_6h.json,4,,,{}
cpu_time:metric,Instances/Basic_6h_year/problem_instance_europe_nov_6h.json,5,,,{}
cpu_time:metric,Instances/Basic_6h_year/problem_instance_europe_nov_6h.json,6,,,{}
cpu_time:metric,Instances/Basic_6h_year/problem_instance_europe_nov_6h.json,7,,,{}
cpu_time:metric,Instances/Basic_6h_year/problem_instance_europe_nov_6h.json,8,,,{}
cpu_time:metric,Instances/Basic_6h_year/problem_instance_europe_nov_6h.json,9,,,{}
cpu_time:metric,Instances/Basic_6h_year/problem_instance_europe_nov_6h.json,10,,,{}
cpu_time:metric,Instances/Basic_6h_year/problem_instance_europe_nov_6h.json,11,,,{}
cpu_time:metric,Instances/Basic_6h_year/problem_instance_europe_nov_6h.json,12,,,{}
cpu_time:metric,Instances/Basic_6h_year/problem_instance_europe_nov_6h.json,13,,,{}
cpu_time:metric,Instances/Basic_6h_year/problem_instance_europe_nov_6h.json,14,,,{}
cpu_time:metric,Instances/Basic_6h_year/problem_instance_europe_nov_6h.json,15,,,{}
cpu_time:metric,Instances/Basic_6h_year/problem_instance_europe_nov_6h.json,16,,,{}
cpu_time:metric,Instances/Basic_6h_year/problem_instance_europe_oct_6h.json,1,,,
cpu_time:metric,Instances/Basic_6h_year/problem_instance_europe_oct_6h.json,2,,,{}
cpu_time:metric,Instances/Basic_6h_year/problem_instance_europe_oct_6h.json,3,,,{}
cpu_time:metric,Instances/Basic_6h_year/problem_instance_europe_oct_6h.json,4,,,{}
cpu_time:metric,Instances/Basic_6h_year/problem_instance_europe_oct_6h.json,5,,,{}
cpu_time:metric,Instances/Basic_6h_year/problem_instance_europe_oct_6h.json,6,,,{}
cpu_time:metric,Instances/Basic_6h_year/problem_instance_europe_oct_6h.json,7,,,{}
cpu_time:metric,Instances/Basic_6h_year/problem_instance_europe_oct_6h.json,8,,,{}
cpu_time:metric,Instances/Basic_6h_year/problem_instance_europe_oct_6h.json,9,,,{}
cpu_time:metric,Instances/Basic_6h_year/problem_instance_europe_oct_6h.json,10,,,{}
cpu_time:metric,Instances/Basic_6h_year/problem_instance_europe_oct_6h.json,11,,,{}
cpu_time:metric,Instances/Basic_6h_year/problem_instance_europe_oct_6h.json,12,,,{}
cpu_time:metric,Instances/Basic_6h_year/problem_instance_europe_oct_6h.json,13,,,{}
cpu_time:metric,Instances/Basic_6h_year/problem_instance_europe_oct_6h.json,14,,,{}
cpu_time:metric,Instances/Basic_6h_year/problem_instance_europe_oct_6h.json,15,,,{}
cpu_time:metric,Instances/Basic_6h_year/problem_instance_europe_oct_6h.json,16,,,{}
cpu_time:metric,Instances/Basic_6h_year/problem_instance_europe_sep_6h.json,1,,,
cpu_time:metric,Instances/Basic_6h_year/problem_instance_europe_sep_6h.json,2,,,{}
cpu_time:metric,Instances/Basic_6h_year/problem_instance_europe_sep_6h.json,3,,,{}
cpu_time:metric,Instances/Basic_6h_year/problem_instance_europe_sep_6h.json,4,,,{}
cpu_time:metric,Instances/Basic_6h_year/problem_instance_europe_sep_6h.json,5,,,{}
cpu_time:metric,Instances/Basic_6h_year/problem_instance_europe_sep_6h.json,6,,,{}
cpu_time:metric,Instances/Basic_6h_year/problem_instance_europe_sep_6h.json,7,,,{}
cpu_time:metric,Instances/Basic_6h_year/problem_instance_europe_sep_6h.json,8,,,{}
cpu_time:metric,Instances/Basic_6h_year/problem_instance_europe_sep_6h.json,9,,,{}
cpu_time:metric,Instances/Basic_6h_year/problem_instance_europe_sep_6h.json,10,,,{}
cpu_time:metric,Instances/Basic_6h_year/problem_instance_europe_sep_6h.json,11,,,{}
cpu_time:metric,Instances/Basic_6h_year/problem_instance_europe_sep_6h.json,12,,,{}
cpu_time:metric,Instances/Basic_6h_year/problem_instance_europe_sep_6h.json,13,,,{}
cpu_time:metric,Instances/Basic_6h_year/problem_instance_europe_sep_6h.json,14,,,{}
cpu_time:metric,Instances/Basic_6h_year/problem_instance_europe_sep_6h.json,15,,,{}
cpu_time:metric,Instances/Basic_6h_year/problem_instance_europe_sep_6h.json,16,,,{}
memory:metric,Instances/Basic_6h_year/problem_instance_europe_apr_6h.json,1,,,
memory:metric,Instances/Basic_6h_year/problem_instance_europe_apr_6h.json,2,,,{}
memory:metric,Instances/Basic_6h_year/problem_instance_europe_apr_6h.json,3,,,{}
memory:metric,Instances/Basic_6h_year/problem_instance_europe_apr_6h.json,4,,,{}
memory:metric,Instances/Basic_6h_year/problem_instance_europe_apr_6h.json,5,,,{}
memory:metric,Instances/Basic_6h_year/problem_instance_europe_apr_6h.json,6,,,{}
memory:metric,Instances/Basic_6h_year/problem_instance_europe_apr_6h.json,7,,,{}
memory:metric,Instances/Basic_6h_year/problem_instance_europe_apr_6h.json,8,,,{}
memory:metric,Instances/Basic_6h_year/problem_instance_europe_apr_6h.json,9,,,{}
memory:metric,Instances/Basic_6h_year/problem_instance_europe_apr_6h.json,10,,,{}
memory:metric,Instances/Basic_6h_year/problem_instance_europe_apr_6h.json,11,,,{}
memory:metric,Instances/Basic_6h_year/problem_instance_europe_apr_6h.json,12,,,{}
memory:metric,Instances/Basic_6h_year/problem_instance_europe_apr_6h.json,13,,,{}
memory:metric,Instances/Basic_6h_year/problem_instance_europe_apr_6h.json,14,,,{}
memory:metric,Instances/Basic_6h_year/problem_instance_europe_apr_6h.json,15,,,{}
memory:metric,Instances/Basic_6h_year/problem_instance_europe_apr_6h.json,16,,,{}
memory:metric,Instances/Basic_6h_year/problem_instance_europe_aug_6h.json,1,,,
memory:metric,Instances/Basic_6h_year/problem_instance_europe_aug_6h.json,2,,,{}
memory:metric,Instances/Basic_6h_year/problem_instance_europe_aug_6h.json,3,,,{}
memory:metric,Instances/Basic_6h_year/problem_instance_europe_aug_6h.json,4,,,{}
memory:metric,Instances/Basic_6h_year/problem_instance_europe_aug_6h.json,5,,,{}
memory:metric,Instances/Basic_6h_year/problem_instance_europe_aug_6h.json,6,,,{}
memory:metric,Instances/Basic_6h_year/problem_instance_europe_aug_6h.json,7,,,{}
memory:metric,Instances/Basic_6h_year/problem_instance_europe_aug_6h.json,8,,,{}
memory:metric,Instances/Basic_6h_year/problem_instance_europe_aug_6h.json,9,,,{}
memory:metric,Instances/Basic_6h_year/problem_instance_europe_aug_6h.json,10,,,{}
memory:metric,Instances/Basic_6h_year/problem_instance_europe_aug_6h.json,11,,,{}
memory:metric,Instances/Basic_6h_year/problem_instance_europe_aug_6h.json,12,,,{}
memory:metric,Instances/Basic_6h_year/problem_instance_europe_aug_6h.json,13,,,{}
memory:metric,Instances/Basic_6h_year/problem_instance_europe_aug_6h.json,14,,,{}
memory:metric,Instances/Basic_6h_year/problem_instance_europe_aug_6h.json,15,,,{}
memory:metric,Instances/Basic_6h_year/problem_instance_europe_aug_6h.json,16,,,{}
memory:metric,Instances/Basic_6h_year/problem_instance_europe_dec_6h.json,1,,,
memory:metric,Instances/Basic_6h_year/problem_instance_europe_dec_6h.json,2,,,{}
memory:metric,Instances/Basic_6h_year/problem_instance_europe_dec_6h.json,3,,,{}
memory:metric,Instances/Basic_6h_year/problem_instance_europe_dec_6h.json,4,,,{}
memory:metric,Instances/Basic_6h_year/problem_instance_europe_dec_6h.json,5,,,{}
memory:metric,Instances/Basic_6h_year/problem_instance_europe_dec_6h.json,6,,,{}
memory:metric,Instances/Basic_6h_year/problem_instance_europe_dec_6h.json,7,,,{}
memory:metric,Instances/Basic_6h_year/problem_instance_europe_dec_6h.json,8,,,{}
memory:metric,Instances/Basic_6h_year/problem_instance_europe_dec_6h.json,9,,,{}
memory:metric,Instances/Basic_6h_year/problem_instance_europe_dec_6h.json,10,,,{}
memory:metric,Instances/Basic_6h_year/problem_instance_europe_dec_6h.json,11,,,{}
memory:metric,Instances/Basic_6h_year/problem_instance_europe_dec_6h.json,12,,,{}
memory:metric,Instances/Basic_6h_year/problem_instance_europe_dec_6h.json,13,,,{}
memory:metric,Instances/Basic_6h_year/problem_instance_europe_dec_6h.json,14,,,{}
memory:metric,Instances/Basic_6h_year/problem_instance_europe_dec_6h.json,15,,,{}
memory:metric,Instances/Basic_6h_year/problem_instance_europe_dec_6h.json,16,,,{}
memory:metric,Instances/Basic_6h_year/problem_instance_europe_feb_6h.json,1,,,
memory:metric,Instances/Basic_6h_year/problem_instance_europe_feb_6h.json,2,,,{}
memory:metric,Instances/Basic_6h_year/problem_instance_europe_feb_6h.json,3,,,{}
memory:metric,Instances/Basic_6h_year/problem_instance_europe_feb_6h.json,4,,,{}
memory:metric,Instances/Basic_6h_year/problem_instance_europe_feb_6h.json,5,,,{}
memory:metric,Instances/Basic_6h_year/problem_instance_europe_feb_6h.json,6,,,{}
memory:metric,Instances/Basic_6h_year/problem_instance_europe_feb_6h.json,7,,,{}
memory:metric,Instances/Basic_6h_year/problem_instance_europe_feb_6h.json,8,,,{}
memory:metric,Instances/Basic_6h_year/problem_instance_europe_feb_6h.json,9,,,{}
memory:metric,Instances/Basic_6h_year/problem_instance_europe_feb_6h.json,10,,,{}
memory:metric,Instances/Basic_6h_year/problem_instance_europe_feb_6h.json,11,,,{}
memory:metric,Instances/Basic_6h_year/problem_instance_europe_feb_6h.json,12,,,{}
memory:metric,Instances/Basic_6h_year/problem_instance_europe_feb_6h.json,13,,,{}
memory:metric,Instances/Basic_6h_year/problem_instance_europe_feb_6h.json,14,,,{}
memory:metric,Instances/Basic_6h_year/problem_instance_europe_feb_6h.json,15,,,{}
memory:metric,Instances/Basic_6h_year/problem_instance_europe_feb_6h.json,16,,,{}
memory:metric,Instances/Basic_6h_year/problem_instance_europe_jan_6h.json,1,,,
memory:metric,Instances/Basic_6h_year/problem_instance_europe_jan_6h.json,2,,,{}
memory:metric,Instances/Basic_6h_year/problem_instance_europe_jan_6h.json,3,,,{}
memory:metric,Instances/Basic_6h_year/problem_instance_europe_jan_6h.json,4,,,{}
memory:metric,Instances/Basic_6h_year/problem_instance_europe_jan_6h.json,5,,,{}
memory:metric,Instances/Basic_6h_year/problem_instance_europe_jan_6h.json,6,,,{}
memory:metric,Instances/Basic_6h_year/problem_instance_europe_jan_6h.json,7,,,{}
memory:metric,Instances/Basic_6h_year/problem_instance_europe_jan_6h.json,8,,,{}
memory:metric,Instances/Basic_6h_year/problem_instance_europe_jan_6h.json,9,,,{}
memory:metric,Instances/Basic_6h_year/problem_instance_europe_jan_6h.json,10,,,{}
memory:metric,Instances/Basic_6h_year/problem_instance_europe_jan_6h.json,11,,,{}
memory:metric,Instances/Basic_6h_year/problem_instance_europe_jan_6h.json,12,,,{}
memory:metric,Instances/Basic_6h_year/problem_instance_europe_jan_6h.json,13,,,{}
memory:metric,Instances/Basic_6h_year/problem_instance_europe_jan_6h.json,14,,,{}
memory:metric,Instances/Basic_6h_year/problem_instance_europe_jan_6h.json,15,,,{}
memory:metric,Instances/Basic_6h_year/problem_instance_europe_jan_6h.json,16,,,{}
memory:metric,Instances/Basic_6h_year/problem_instance_europe_jul_6h.json,1,,,
memory:metric,Instances/Basic_6h_year/problem_instance_europe_jul_6h.json,2,,,{}
memory:metric,Instances/Basic_6h_year/problem_instance_europe_jul_6h.json,3,,,{}
memory:metric,Instances/Basic_6h_year/problem_instance_europe_jul_6h.json,4,,,{}
memory:metric,Instances/Basic_6h_year/problem_instance_europe_jul_6h.json,5,,,{}
memory:metric,Instances/Basic_6h_year/problem_instance_europe_jul_6h.json,6,,,{}
memory:metric,Instances/Basic_6h_year/problem_instance_europe_jul_6h.json,7,,,{}
memory:metric,Instances/Basic_6h_year/problem_instance_europe_jul_6h.json,8,,,{}
memory:metric,Instances/Basic_6h_year/problem_instance_europe_jul_6h.json,9,,,{}
memory:metric,Instances/Basic_6h_year/problem_instance_europe_jul_6h.json,10,,,{}
memory:metric,Instances/Basic_6h_year/problem_instance_europe_jul_6h.json,11,,,{}
memory:metric,Instances/Basic_6h_year/problem_instance_europe_jul_6h.json,12,,,{}
memory:metric,Instances/Basic_6h_year/problem_instance_europe_jul_6h.json,13,,,{}
memory:metric,Instances/Basic_6h_year/problem_instance_europe_jul_6h.json,14,,,{}
memory:metric,Instances/Basic_6h_year/problem_instance_europe_jul_6h.json,15,,,{}
memory:metric,Instances/Basic_6h_year/problem_instance_europe_jul_6h.json,16,,,{}
memory:metric,Instances/Basic_6h_year/problem_instance_europe_jun_6h.json,1,,,
memory:metric,Instances/Basic_6h_year/problem_instance_europe_jun_6h.json,2,,,{}
memory:metric,Instances/Basic_6h_year/problem_instance_europe_jun_6h.json,3,,,{}
memory:metric,Instances/Basic_6h_year/problem_instance_europe_jun_6h.json,4,,,{}
memory:metric,Instances/Basic_6h_year/problem_instance_europe_jun_6h.json,5,,,{}
memory:metric,Instances/Basic_6h_year/problem_instance_europe_jun_6h.json,6,,,{}
memory:metric,Instances/Basic_6h_year/problem_instance_europe_jun_6h.json,7,,,{}
memory:metric,Instances/Basic_6h_year/problem_instance_europe_jun_6h.json,8,,,{}
memory:metric,Instances/Basic_6h_year/problem_instance_europe_jun_6h.json,9,,,{}
memory:metric,Instances/Basic_6h_year/problem_instance_europe_jun_6h.json,10,,,{}
memory:metric,Instances/Basic_6h_year/problem_instance_europe_jun_6h.json,11,,,{}
memory:metric,Instances/Basic_6h_year/problem_instance_europe_jun_6h.json,12,,,{}
memory:metric,Instances/Basic_6h_year/problem_instance_europe_jun_6h.json,13,,,{}
memory:metric,Instances/Basic_6h_year/problem_instance_europe_jun_6h.json,14,,,{}
memory:metric,Instances/Basic_6h_year/problem_instance_europe_jun_6h.json,15,,,{}
memory:metric,Instances/Basic_6h_year/problem_instance_europe_jun_6h.json,16,,,{}
memory:metric,Instances/Basic_6h_year/problem_instance_europe_mar_6h.json,1,,,
memory:metric,Instances/Basic_6h_year/problem_instance_europe_mar_6h.json,2,,,{}
memory:metric,Instances/Basic_6h_year/problem_instance_europe_mar_6h.json,3,,,{}
memory:metric,Instances/Basic_6h_year/problem_instance_europe_mar_6h.json,4,,,{}
memory:metric,Instances/Basic_6h_year/problem_instance_europe_mar_6h.json,5,,,{}
memory:metric,Instances/Basic_6h_year/problem_instance_europe_mar_6h.json,6,,,{}
memory:metric,Instances/Basic_6h_year/problem_instance_europe_mar_6h.json,7,,,{}
memory:metric,Instances/Basic_6h_year/problem_instance_europe_mar_6h.json,8,,,{}
memory:metric,Instances/Basic_6h_year/problem_instance_europe_mar_6h.json,9,,,{}
memory:metric,Instances/Basic_6h_year/problem_instance_europe_mar_6h.json,10,,,{}
memory:metric,Instances/Basic_6h_year/problem_instance_europe_mar_6h.json,11,,,{}
memory:metric,Instances/Basic_6h_year/problem_instance_europe_mar_6h.json,12,,,{}
memory:metric,Instances/Basic_6h_year/problem_instance_europe_mar_6h.json,13,,,{}
memory:metric,Instances/Basic_6h_year/problem_instance_europe_mar_6h.json,14,,,{}
memory:metric,Instances/Basic_6h_year/problem_instance_europe_mar_6h.json,15,,,{}
memory:metric,Instances/Basic_6h_year/problem_instance_europe_mar_6h.json,16,,,{}
memory:metric,Instances/Basic_6h_year/problem_instance_europe_may_6h.json,1,,,
memory:metric,Instances/Basic_6h_year/problem_instance_europe_may_6h.json,2,,,{}
memory:metric,Instances/Basic_6h_year/problem_instance_europe_may_6h.json,3,,,{}
memory:metric,Instances/Basic_6h_year/problem_instance_europe_may_6h.json,4,,,{}
memory:metric,Instances/Basic_6h_year/problem_instance_europe_may_6h.json,5,,,{}
memory:metric,Instances/Basic_6h_year/problem_instance_europe_may_6h.json,6,,,{}
memory:metric,Instances/Basic_6h_year/problem_instance_europe_may_6h.json,7,,,{}
memory:metric,Instances/Basic_6h_year/problem_instance_europe_may_6h.json,8,,,{}
memory:metric,Instances/Basic_6h_year/problem_instance_europe_may_6h.json,9,,,{}
memory:metric,Instances/Basic_6h_year/problem_instance_europe_may_6h.json,10,,,{}
memory:metric,Instances/Basic_6h_year/problem_instance_europe_may_6h.json,11,,,{}
memory:metric,Instances/Basic_6h_year/problem_instance_europe_may_6h.json,12,,,{}
memory:metric,Instances/Basic_6h_year/problem_instance_europe_may_6h.json,13,,,{}
memory:metric,Instances/Basic_6h_year/problem_instance_europe_may_6h.json,14,,,{}
memory:metric,Instances/Basic_6h_year/problem_instance_europe_may_6h.json,15,,,{}
memory:metric,Instances/Basic_6h_year/problem_instance_europe_may_6h.json,16,,,{}
memory:metric,Instances/Basic_6h_year/problem_instance_europe_nov_6h.json,1,,,
memory:metric,Instances/Basic_6h_year/problem_instance_europe_nov_6h.json,2,,,{}
memory:metric,Instances/Basic_6h_year/problem_instance_europe_nov_6h.json,3,,,{}
memory:metric,Instances/Basic_6h_year/problem_instance_europe_nov_6h.json,4,,,{}
memory:metric,Instances/Basic_6h_year/problem_instance_europe_nov_6h.json,5,,,{}
memory:metric,Instances/Basic_6h_year/problem_instance_europe_nov_6h.json,6,,,{}
memory:metric,Instances/Basic_6h_year/problem_instance_europe_nov_6h.json,7,,,{}
memory:metric,Instances/Basic_6h_year/problem_instance_europe_nov_6h.json,8,,,{}
memory:metric,Instances/Basic_6h_year/problem_instance_europe_nov_6h.json,9,,,{}
memory:metric,Instances/Basic_6h_year/problem_instance_europe_nov_6h.json,10,,,{}
memory:metric,Instances/Basic_6h_year/problem_instance_europe_nov_6h.json,11,,,{}
memory:metric,Instances/Basic_6h_year/problem_instance_europe_nov_6h.json,12,,,{}
memory:metric,Instances/Basic_6h_year/problem_instance_europe_nov_6h.json,13,,,{}
memory:metric,Instances/Basic_6h_year/problem_instance_europe_nov_6h.json,14,,,{}
memory:metric,Instances/Basic_6h_year/problem_instance_europe_nov_6h.json,15,,,{}
memory:metric,Instances/Basic_6h_year/problem_instance_europe_nov_6h.json,16,,,{}
memory:metric,Instances/Basic_6h_year/problem_instance_europe_oct_6h.json,1,,,
memory:metric,Instances/Basic_6h_year/problem_instance_europe_oct_6h.json,2,,,{}
memory:metric,Instances/Basic_6h_year/problem_instance_europe_oct_6h.json,3,,,{}
memory:metric,Instances/Basic_6h_year/problem_instance_europe_oct_6h.json,4,,,{}
memory:metric,Instances/Basic_6h_year/problem_instance_europe_oct_6h.json,5,,,{}
memory:metric,Instances/Basic_6h_year/problem_instance_europe_oct_6h.json,6,,,{}
memory:metric,Instances/Basic_6h_year/problem_instance_europe_oct_6h.json,7,,,{}
memory:metric,Instances/Basic_6h_year/problem_instance_europe_oct_6h.json,8,,,{}
memory:metric,Instances/Basic_6h_year/problem_instance_europe_oct_6h.json,9,,,{}
memory:metric,Instances/Basic_6h_year/problem_instance_europe_oct_6h.json,10,,,{}
memory:metric,Instances/Basic_6h_year/problem_instance_europe_oct_6h.json,11,,,{}
memory:metric,Instances/Basic_6h_year/problem_instance_europe_oct_6h.json,12,,,{}
memory:metric,Instances/Basic_6h_year/problem_instance_europe_oct_6h.json,13,,,{}
memory:metric,Instances/Basic_6h_year/problem_instance_europe_oct_6h.json,14,,,{}
memory:metric,Instances/Basic_6h_year/problem_instance_europe_oct_6h.json,15,,,{}
memory:metric,Instances/Basic_6h_year/problem_instance_europe_oct_6h.json,16,,,{}
memory:metric,Instances/Basic_6h_year/problem_instance_europe_sep_6h.json,1,,,
memory:metric,Instances/Basic_6h_year/problem_instance_europe_sep_6h.json,2,,,{}
memory:metric,Instances/Basic_6h_year/problem_instance_europe_sep_6h.json,3,,,{}
memory:metric,Instances/Basic_6h_year/problem_instance_europe_sep_6h.json,4,,,{}
memory:metric,Instances/Basic_6h_year/problem_instance_europe_sep_6h.json,5,,,{}
memory:metric,Instances/Basic_6h_year/problem_instance_europe_sep_6h.json,6,,,{}
memory:metric,Instances/Basic_6h_year/problem_instance_europe_sep_6h.json,7,,,{}
memory:metric,Instances/Basic_6h_year/problem_instance_europe_sep_6h.json,8,,,{}
memory:metric,Instances/Basic_6h_year/problem_instance_europe_sep_6h.json,9,,,{}
memory:metric,Instances/Basic_6h_year/problem_instance_europe_sep_6h.json,10,,,{}
memory:metric,Instances/Basic_6h_year/problem_instance_europe_sep_6h.json,11,,,{}
memory:metric,Instances/Basic_6h_year/problem_instance_europe_sep_6h.json,12,,,{}
memory:metric,Instances/Basic_6h_year/problem_instance_europe_sep_6h.json,13,,,{}
memory:metric,Instances/Basic_6h_year/problem_instance_europe_sep_6h.json,14,,,{}
memory:metric,Instances/Basic_6h_year/problem_instance_europe_sep_6h.json,15,,,{}
memory:metric,Instances/Basic_6h_year/problem_instance_europe_sep_6h.json,16,,,{}
runtime,Instances/Basic_6h_year/problem_instance_europe_apr_6h.json,1,,,
runtime,Instances/Basic_6h_year/problem_instance_europe_apr_6h.json,2,,,{}
runtime,Instances/Basic_6h_year/problem_instance_europe_apr_6h.json,3,,,{}
runtime,Instances/Basic_6h_year/problem_instance_europe_apr_6h.json,4,,,{}
runtime,Instances/Basic_6h_year/problem_instance_europe_apr_6h.json,5,,,{}
runtime,Instances/Basic_6h_year/problem_instance_europe_apr_6h.json,6,,,{}
runtime,Instances/Basic_6h_year/problem_instance_europe_apr_6h.json,7,,,{}
runtime,Instances/Basic_6h_year/problem_instance_europe_apr_6h.json,8,,,{}
runtime,Instances/Basic_6h_year/problem_instance_europe_apr_6h.json,9,,,{}
runtime,Instances/Basic_6h_year/problem_instance_europe_apr_6h.json,10,,,{}
runtime,Instances/Basic_6h_year/problem_instance_europe_apr_6h.json,11,,,{}
runtime,Instances/Basic_6h_year/problem_instance_europe_apr_6h.json,12,,,{}
runtime,Instances/Basic_6h_year/problem_instance_europe_apr_6h.json,13,,,{}
runtime,Instances/Basic_6h_year/problem_instance_europe_apr_6h.json,14,,,{}
runtime,Instances/Basic_6h_year/problem_instance_europe_apr_6h.json,15,,,{}
runtime,Instances/Basic_6h_year/problem_instance_europe_apr_6h.json,16,,,{}
runtime,Instances/Basic_6h_year/problem_instance_europe_aug_6h.json,1,,,
runtime,Instances/Basic_6h_year/problem_instance_europe_aug_6h.json,2,,,{}
runtime,Instances/Basic_6h_year/problem_instance_europe_aug_6h.json,3,,,{}
runtime,Instances/Basic_6h_year/problem_instance_europe_aug_6h.json,4,,,{}
runtime,Instances/Basic_6h_year/problem_instance_europe_aug_6h.json,5,,,{}
runtime,Instances/Basic_6h_year/problem_instance_europe_aug_6h.json,6,,,{}
runtime,Instances/Basic_6h_year/problem_instance_europe_aug_6h.json,7,,,{}
runtime,Instances/Basic_6h_year/problem_instance_europe_aug_6h.json,8,,,{}
runtime,Instances/Basic_6h_year/problem_instance_europe_aug_6h.json,9,,,{}
runtime,Instances/Basic_6h_year/problem_instance_europe_aug_6h.json,10,,,{}
runtime,Instances/Basic_6h_year/problem_instance_europe_aug_6h.json,11,,,{}
runtime,Instances/Basic_6h_year/problem_instance_europe_aug_6h.json,12,,,{}
runtime,Instances/Basic_6h_year/problem_instance_europe_aug_6h.json,13,,,{}
runtime,Instances/Basic_6h_year/problem_instance_europe_aug_6h.json,14,,,{}
runtime,Instances/Basic_6h_year/problem_instance_europe_aug_6h.json,15,,,{}
runtime,Instances/Basic_6h_year/problem_instance_europe_aug_6h.json,16,,,{}
runtime,Instances/Basic_6h_year/problem_instance_europe_dec_6h.json,1,,,
runtime,Instances/Basic_6h_year/problem_instance_europe_dec_6h.json,2,,,{}
runtime,Instances/Basic_6h_year/problem_instance_europe_dec_6h.json,3,,,{}
runtime,Instances/Basic_6h_year/problem_instance_europe_dec_6h.json,4,,,{}
runtime,Instances/Basic_6h_year/problem_instance_europe_dec_6h.json,5,,,{}
runtime,Instances/Basic_6h_year/problem_instance_europe_dec_6h.json,6,,,{}
runtime,Instances/Basic_6h_year/problem_instance_europe_dec_6h.json,7,,,{}
runtime,Instances/Basic_6h_year/problem_instance_europe_dec_6h.json,8,,,{}
runtime,Instances/Basic_6h_year/problem_instance_europe_dec_6h.json,9,,,{}
runtime,Instances/Basic_6h_year/problem_instance_europe_dec_6h.json,10,,,{}
runtime,Instances/Basic_6h_year/problem_instance_europe_dec_6h.json,11,,,{}
runtime,Instances/Basic_6h_year/problem_instance_europe_dec_6h.json,12,,,{}
runtime,Instances/Basic_6h_year/problem_instance_europe_dec_6h.json,13,,,{}
runtime,Instances/Basic_6h_year/problem_instance_europe_dec_6h.json,14,,,{}
runtime,Instances/Basic_6h_year/problem_instance_europe_dec_6h.json,15,,,{}
runtime,Instances/Basic_6h_year/problem_instance_europe_dec_6h.json,16,,,{}
runtime,Instances/Basic_6h_year/problem_instance_europe_feb_6h.json,1,,,
runtime,Instances/Basic_6h_year/problem_instance_europe_feb_6h.json,2,,,{}
runtime,Instances/Basic_6h_year/problem_instance_europe_feb_6h.json,3,,,{}
runtime,Instances/Basic_6h_year/problem_instance_europe_feb_6h.json,4,,,{}
runtime,Instances/Basic_6h_year/problem_instance_europe_feb_6h.json,5,,,{}
runtime,Instances/Basic_6h_year/problem_instance_europe_feb_6h.json,6,,,{}
runtime,Instances/Basic_6h_year/problem_instance_europe_feb_6h.json,7,,,{}
runtime,Instances/Basic_6h_year/problem_instance_europe_feb_6h.json,8,,,{}
runtime,Instances/Basic_6h_year/problem_instance_europe_feb_6h.json,9,,,{}
runtime,Instances/Basic_6h_year/problem_instance_europe_feb_6h.json,10,,,{}
runtime,Instances/Basic_6h_year/problem_instance_europe_feb_6h.json,11,,,{}
runtime,Instances/Basic_6h_year/problem_instance_europe_feb_6h.json,12,,,{}
runtime,Instances/Basic_6h_year/problem_instance_europe_feb_6h.json,13,,,{}
runtime,Instances/Basic_6h_year/problem_instance_europe_feb_6h.json,14,,,{}
runtime,Instances/Basic_6h_year/problem_instance_europe_feb_6h.json,15,,,{}
runtime,Instances/Basic_6h_year/problem_instance_europe_feb_6h.json,16,,,{}
runtime,Instances/Basic_6h_year/problem_instance_europe_jan_6h.json,1,,,
runtime,Instances/Basic_6h_year/problem_instance_europe_jan_6h.json,2,,,{}
runtime,Instances/Basic_6h_year/problem_instance_europe_jan_6h.json,3,,,{}
runtime,Instances/Basic_6h_year/problem_instance_europe_jan_6h.json,4,,,{}
runtime,Instances/Basic_6h_year/problem_instance_europe_jan_6h.json,5,,,{}
runtime,Instances/Basic_6h_year/problem_instance_europe_jan_6h.json,6,,,{}
runtime,Instances/Basic_6h_year/problem_instance_europe_jan_6h.json,7,,,{}
runtime,Instances/Basic_6h_year/problem_instance_europe_jan_6h.json,8,,,{}
runtime,Instances/Basic_6h_year/problem_instance_europe_jan_6h.json,9,,,{}
runtime,Instances/Basic_6h_year/problem_instance_europe_jan_6h.json,10,,,{}
runtime,Instances/Basic_6h_year/problem_instance_europe_jan_6h.json,11,,,{}
runtime,Instances/Basic_6h_year/problem_instance_europe_jan_6h.json,12,,,{}
runtime,Instances/Basic_6h_year/problem_instance_europe_jan_6h.json,13,,,{}
runtime,Instances/Basic_6h_year/problem_instance_europe_jan_6h.json,14,,,{}
runtime,Instances/Basic_6h_year/problem_instance_europe_jan_6h.json,15,,,{}
runtime,Instances/Basic_6h_year/problem_instance_europe_jan_6h.json,16,,,{}
runtime,Instances/Basic_6h_year/problem_instance_europe_jul_6h.json,1,,,
runtime,Instances/Basic_6h_year/problem_instance_europe_jul_6h.json,2,,,{}
runtime,Instances/Basic_6h_year/problem_instance_europe_jul_6h.json,3,,,{}
runtime,Instances/Basic_6h_year/problem_instance_europe_jul_6h.json,4,,,{}
runtime,Instances/Basic_6h_year/problem_instance_europe_jul_6h.json,5,,,{}
runtime,Instances/Basic_6h_year/problem_instance_europe_jul_6h.json,6,,,{}
runtime,Instances/Basic_6h_year/problem_instance_europe_jul_6h.json,7,,,{}
runtime,Instances/Basic_6h_year/problem_instance_europe_jul_6h.json,8,,,{}
runtime,Instances/Basic_6h_year/problem_instance_europe_jul_6h.json,9,,,{}
runtime,Instances/Basic_6h_year/problem_instance_europe_jul_6h.json,10,,,{}
runtime,Instances/Basic_6h_year/problem_instance_europe_jul_6h.json,11,,,{}
runtime,Instances/Basic_6h_year/problem_instance_europe_jul_6h.json,12,,,{}
runtime,Instances/Basic_6h_year/problem_instance_europe_jul_6h.json,13,,,{}
runtime,Instances/Basic_6h_year/problem_instance_europe_jul_6h.json,14,,,{}
runtime,Instances/Basic_6h_year/problem_instance_europe_jul_6h.json,15,,,{}
runtime,Instances/Basic_6h_year/problem_instance_europe_jul_6h.json,16,,,{}
runtime,Instances/Basic_6h_year/problem_instance_europe_jun_6h.json,1,,,
runtime,Instances/Basic_6h_year/problem_instance_europe_jun_6h.json,2,,,{}
runtime,Instances/Basic_6h_year/problem_instance_europe_jun_6h.json,3,,,{}
runtime,Instances/Basic_6h_year/problem_instance_europe_jun_6h.json,4,,,{}
runtime,Instances/Basic_6h_year/problem_instance_europe_jun_6h.json,5,,,{}
runtime,Instances/Basic_6h_year/problem_instance_europe_jun_6h.json,6,,,{}
runtime,Instances/Basic_6h_year/problem_instance_europe_jun_6h.json,7,,,{}
runtime,Instances/Basic_6h_year/problem_instance_europe_jun_6h.json,8,,,{}
runtime,Instances/Basic_6h_year/problem_instance_europe_jun_6h.json,9,,,{}
runtime,Instances/Basic_6h_year/problem_instance_europe_jun_6h.json,10,,,{}
runtime,Instances/Basic_6h_year/problem_instance_europe_jun_6h.json,11,,,{}
runtime,Instances/Basic_6h_year/problem_instance_europe_jun_6h.json,12,,,{}
runtime,Instances/Basic_6h_year/problem_instance_europe_jun_6h.json,13,,,{}
runtime,Instances/Basic_6h_year/problem_instance_europe_jun_6h.json,14,,,{}
runtime,Instances/Basic_6h_year/problem_instance_europe_jun_6h.json,15,,,{}
runtime,Instances/Basic_6h_year/problem_instance_europe_jun_6h.json,16,,,{}
runtime,Instances/Basic_6h_year/problem_instance_europe_mar_6h.json,1,,,
runtime,Instances/Basic_6h_year/problem_instance_europe_mar_6h.json,2,,,{}
runtime,Instances/Basic_6h_year/problem_instance_europe_mar_6h.json,3,,,{}
runtime,Instances/Basic_6h_year/problem_instance_europe_mar_6h.json,4,,,{}
runtime,Instances/Basic_6h_year/problem_instance_europe_mar_6h.json,5,,,{}
runtime,Instances/Basic_6h_year/problem_instance_europe_mar_6h.json,6,,,{}
runtime,Instances/Basic_6h_year/problem_instance_europe_mar_6h.json,7,,,{}
runtime,Instances/Basic_6h_year/problem_instance_europe_mar_6h.json,8,,,{}
runtime,Instances/Basic_6h_year/problem_instance_europe_mar_6h.json,9,,,{}
runtime,Instances/Basic_6h_year/problem_instance_europe_mar_6h.json,10,,,{}
runtime,Instances/Basic_6h_year/problem_instance_europe_mar_6h.json,11,,,{}
runtime,Instances/Basic_6h_year/problem_instance_europe_mar_6h.json,12,,,{}
runtime,Instances/Basic_6h_year/problem_instance_europe_mar_6h.json,13,,,{}
runtime,Instances/Basic_6h_year/problem_instance_europe_mar_6h.json,14,,,{}
runtime,Instances/Basic_6h_year/problem_instance_europe_mar_6h.json,15,,,{}
runtime,Instances/Basic_6h_year/problem_instance_europe_mar_6h.json,16,,,{}
runtime,Instances/Basic_6h_year/problem_instance_europe_may_6h.json,1,,,
runtime,Instances/Basic_6h_year/problem_instance_europe_may_6h.json,2,,,{}
runtime,Instances/Basic_6h_year/problem_instance_europe_may_6h.json,3,,,{}
runtime,Instances/Basic_6h_year/problem_instance_europe_may_6h.json,4,,,{}
runtime,Instances/Basic_6h_year/problem_instance_europe_may_6h.json,5,,,{}
runtime,Instances/Basic_6h_year/problem_instance_europe_may_6h.json,6,,,{}
runtime,Instances/Basic_6h_year/problem_instance_europe_may_6h.json,7,,,{}
runtime,Instances/Basic_6h_year/problem_instance_europe_may_6h.json,8,,,{}
runtime,Instances/Basic_6h_year/problem_instance_europe_may_6h.json,9,,,{}
runtime,Instances/Basic_6h_year/problem_instance_europe_may_6h.json,10,,,{}
runtime,Instances/Basic_6h_year/problem_instance_europe_may_6h.json,11,,,{}
runtime,Instances/Basic_6h_year/problem_instance_europe_may_6h.json,12,,,{}
runtime,Instances/Basic_6h_year/problem_instance_europe_may_6h.json,13,,,{}
runtime,Instances/Basic_6h_year/problem_instance_europe_may_6h.json,14,,,{}
runtime,Instances/Basic_6h_year/problem_instance_europe_may_6h.json,15,,,{}
runtime,Instances/Basic_6h_year/problem_instance_europe_may_6h.json,16,,,{}
runtime,Instances/Basic_6h_year/problem_instance_europe_nov_6h.json,1,,,
runtime,Instances/Basic_6h_year/problem_instance_europe_nov_6h.json,2,,,{}
runtime,Instances/Basic_6h_year/problem_instance_europe_nov_6h.json,3,,,{}
runtime,Instances/Basic_6h_year/problem_instance_europe_nov_6h.json,4,,,{}
runtime,Instances/Basic_6h_year/problem_instance_europe_nov_6h.json,5,,,{}
runtime,Instances/Basic_6h_year/problem_instance_europe_nov_6h.json,6,,,{}
runtime,Instances/Basic_6h_year/problem_instance_europe_nov_6h.json,7,,,{}
runtime,Instances/Basic_6h_year/problem_instance_europe_nov_6h.json,8,,,{}
runtime,Instances/Basic_6h_year/problem_instance_europe_nov_6h.json,9,,,{}
runtime,Instances/Basic_6h_year/problem_instance_europe_nov_6h.json,10,,,{}
runtime,Instances/Basic_6h_year/problem_instance_europe_nov_6h.json,11,,,{}
runtime,Instances/Basic_6h_year/problem_instance_europe_nov_6h.json,12,,,{}
runtime,Instances/Basic_6h_year/problem_instance_europe_nov_6h.json,13,,,{}
runtime,Instances/Basic_6h_year/problem_instance_europe_nov_6h.json,14,,,{}
runtime,Instances/Basic_6h_year/problem_instance_europe_nov_6h.json,15,,,{}
runtime,Instances/Basic_6h_year/problem_instance_europe_nov_6h.json,16,,,{}
runtime,Instances/Basic_6h_year/problem_instance_europe_oct_6h.json,1,,,
runtime,Instances/Basic_6h_year/problem_instance_europe_oct_6h.json,2,,,{}
runtime,Instances/Basic_6h_year/problem_instance_europe_oct_6h.json,3,,,{}
runtime,Instances/Basic_6h_year/problem_instance_europe_oct_6h.json,4,,,{}
runtime,Instances/Basic_6h_year/problem_instance_europe_oct_6h.json,5,,,{}
runtime,Instances/Basic_6h_year/problem_instance_europe_oct_6h.json,6,,,{}
runtime,Instances/Basic_6h_year/problem_instance_europe_oct_6h.json,7,,,{}
runtime,Instances/Basic_6h_year/problem_instance_europe_oct_6h.json,8,,,{}
runtime,Instances/Basic_6h_year/problem_instance_europe_oct_6h.json,9,,,{}
runtime,Instances/Basic_6h_year/problem_instance_europe_oct_6h.json,10,,,{}
runtime,Instances/Basic_6h_year/problem_instance_europe_oct_6h.json,11,,,{}
runtime,Instances/Basic_6h_year/problem_instance_europe_oct_6h.json,12,,,{}
runtime,Instances/Basic_6h_year/problem_instance_europe_oct_6h.json,13,,,{}
runtime,Instances/Basic_6h_year/problem_instance_europe_oct_6h.json,14,,,{}
runtime,Instances/Basic_6h_year/problem_instance_europe_oct_6h.json,15,,,{}
runtime,Instances/Basic_6h_year/problem_instance_europe_oct_6h.json,16,,,{}
runtime,Instances/Basic_6h_year/problem_instance_europe_sep_6h.json,1,,,
runtime,Instances/Basic_6h_year/problem_instance_europe_sep_6h.json,2,,,{}
runtime,Instances/Basic_6h_year/problem_instance_europe_sep_6h.json,3,,,{}
runtime,Instances/Basic_6h_year/problem_instance_europe_sep_6h.json,4,,,{}
runtime,Instances/Basic_6h_year/problem_instance_europe_sep_6h.json,5,,,{}
runtime,Instances/Basic_6h_year/problem_instance_europe_sep_6h.json,6,,,{}
runtime,Instances/Basic_6h_year/problem_instance_europe_sep_6h.json,7,,,{}
runtime,Instances/Basic_6h_year/problem_instance_europe_sep_6h.json,8,,,{}
runtime,Instances/Basic_6h_year/problem_instance_europe_sep_6h.json,9,,,{}
runtime,Instances/Basic_6h_year/problem_instance_europe_sep_6h.json,10,,,{}
runtime,Instances/Basic_6h_year/problem_instance_europe_sep_6h.json,11,,,{}
runtime,Instances/Basic_6h_year/problem_instance_europe_sep_6h.json,12,,,{}
runtime,Instances/Basic_6h_year/problem_instance_europe_sep_6h.json,13,,,{}
runtime,Instances/Basic_6h_year/problem_instance_europe_sep_6h.json,14,,,{}
runtime,Instances/Basic_6h_year/problem_instance_europe_sep_6h.json,15,,,{}
runtime,Instances/Basic_6h_year/problem_instance_europe_sep_6h.json,16,,,{}
status:metric,Instances/Basic_6h_year/problem_instance_europe_apr_6h.json,1,,,
status:metric,Instances/Basic_6h_year/problem_instance_europe_apr_6h.json,2,,,{}
status:metric,Instances/Basic_6h_year/problem_instance_europe_apr_6h.json,3,,,{}
status:metric,Instances/Basic_6h_year/problem_instance_europe_apr_6h.json,4,,,{}
status:metric,Instances/Basic_6h_year/problem_instance_europe_apr_6h.json,5,,,{}
status:metric,Instances/Basic_6h_year/problem_instance_europe_apr_6h.json,6,,,{}
status:metric,Instances/Basic_6h_year/problem_instance_europe_apr_6h.json,7,,,{}
status:metric,Instances/Basic_6h_year/problem_instance_europe_apr_6h.json,8,,,{}
status:metric,Instances/Basic_6h_year/problem_instance_europe_apr_6h.json,9,,,{}
status:metric,Instances/Basic_6h_year/problem_instance_europe_apr_6h.json,10,,,{}
status:metric,Instances/Basic_6h_year/problem_instance_europe_apr_6h.json,11,,,{}
status:metric,Instances/Basic_6h_year/problem_instance_europe_apr_6h.json,12,,,{}
status:metric,Instances/Basic_6h_year/problem_instance_europe_apr_6h.json,13,,,{}
status:metric,Instances/Basic_6h_year/problem_instance_europe_apr_6h.json,14,,,{}
status:metric,Instances/Basic_6h_year/problem_instance_europe_apr_6h.json,15,,,{}
status:metric,Instances/Basic_6h_year/problem_instance_europe_apr_6h.json,16,,,{}
status:metric,Instances/Basic_6h_year/problem_instance_europe_aug_6h.json,1,,,
status:metric,Instances/Basic_6h_year/problem_instance_europe_aug_6h.json,2,,,{}
status:metric,Instances/Basic_6h_year/problem_instance_europe_aug_6h.json,3,,,{}
status:metric,Instances/Basic_6h_year/problem_instance_europe_aug_6h.json,4,,,{}
status:metric,Instances/Basic_6h_year/problem_instance_europe_aug_6h.json,5,,,{}
status:metric,Instances/Basic_6h_year/problem_instance_europe_aug_6h.json,6,,,{}
status:metric,Instances/Basic_6h_year/problem_instance_europe_aug_6h.json,7,,,{}
status:metric,Instances/Basic_6h_year/problem_instance_europe_aug_6h.json,8,,,{}
status:metric,Instances/Basic_6h_year/problem_instance_europe_aug_6h.json,9,,,{}
status:metric,Instances/Basic_6h_year/problem_instance_europe_aug_6h.json,10,,,{}
status:metric,Instances/Basic_6h_year/problem_instance_europe_aug_6h.json,11,,,{}
status:metric,Instances/Basic_6h_year/problem_instance_europe_aug_6h.json,12,,,{}
status:metric,Instances/Basic_6h_year/problem_instance_europe_aug_6h.json,13,,,{}
status:metric,Instances/Basic_6h_year/problem_instance_europe_aug_6h.json,14,,,{}
status:metric,Instances/Basic_6h_year/problem_instance_europe_aug_6h.json,15,,,{}
status:metric,Instances/Basic_6h_year/problem_instance_europe_aug_6h.json,16,,,{}
status:metric,Instances/Basic_6h_year/problem_instance_europe_dec_6h.json,1,,,
status:metric,Instances/Basic_6h_year/problem_instance_europe_dec_6h.json,2,,,{}
status:metric,Instances/Basic_6h_year/problem_instance_europe_dec_6h.json,3,,,{}
status:metric,Instances/Basic_6h_year/problem_instance_europe_dec_6h.json,4,,,{}
status:metric,Instances/Basic_6h_year/problem_instance_europe_dec_6h.json,5,,,{}
status:metric,Instances/Basic_6h_year/problem_instance_europe_dec_6h.json,6,,,{}
status:metric,Instances/Basic_6h_year/problem_instance_europe_dec_6h.json,7,,,{}
status:metric,Instances/Basic_6h_year/problem_instance_europe_dec_6h.json,8,,,{}
status:metric,Instances/Basic_6h_year/problem_instance_europe_dec_6h.json,9,,,{}
status:metric,Instances/Basic_6h_year/problem_instance_europe_dec_6h.json,10,,,{}
status:metric,Instances/Basic_6h_year/problem_instance_europe_dec_6h.json,11,,,{}
status:metric,Instances/Basic_6h_year/problem_instance_europe_dec_6h.json,12,,,{}
status:metric,Instances/Basic_6h_year/problem_instance_europe_dec_6h.json,13,,,{}
status:metric,Instances/Basic_6h_year/problem_instance_europe_dec_6h.json,14,,,{}
status:metric,Instances/Basic_6h_year/problem_instance_europe_dec_6h.json,15,,,{}
status:metric,Instances/Basic_6h_year/problem_instance_europe_dec_6h.json,16,,,{}
status:metric,Instances/Basic_6h_year/problem_instance_europe_feb_6h.json,1,,,
status:metric,Instances/Basic_6h_year/problem_instance_europe_feb_6h.json,2,,,{}
status:metric,Instances/Basic_6h_year/problem_instance_europe_feb_6h.json,3,,,{}
status:metric,Instances/Basic_6h_year/problem_instance_europe_feb_6h.json,4,,,{}
status:metric,Instances/Basic_6h_year/problem_instance_europe_feb_6h.json,5,,,{}
status:metric,Instances/Basic_6h_year/problem_instance_europe_feb_6h.json,6,,,{}
status:metric,Instances/Basic_6h_year/problem_instance_europe_feb_6h.json,7,,,{}
status:metric,Instances/Basic_6h_year/problem_instance_europe_feb_6h.json,8,,,{}
status:metric,Instances/Basic_6h_year/problem_instance_europe_feb_6h.json,9,,,{}
status:metric,Instances/Basic_6h_year/problem_instance_europe_feb_6h.json,10,,,{}
status:metric,Instances/Basic_6h_year/problem_instance_europe_feb_6h.json,11,,,{}
status:metric,Instances/Basic_6h_year/problem_instance_europe_feb_6h.json,12,,,{}
status:metric,Instances/Basic_6h_year/problem_instance_europe_feb_6h.json,13,,,{}
status:metric,Instances/Basic_6h_year/problem_instance_europe_feb_6h.json,14,,,{}
status:metric,Instances/Basic_6h_year/problem_instance_europe_feb_6h.json,15,,,{}
status:metric,Instances/Basic_6h_year/problem_instance_europe_feb_6h.json,16,,,{}
status:metric,Instances/Basic_6h_year/problem_instance_europe_jan_6h.json,1,,,
status:metric,Instances/Basic_6h_year/problem_instance_europe_jan_6h.json,2,,,{}
status:metric,Instances/Basic_6h_year/problem_instance_europe_jan_6h.json,3,,,{}
status:metric,Instances/Basic_6h_year/problem_instance_europe_jan_6h.json,4,,,{}
status:metric,Instances/Basic_6h_year/problem_instance_europe_jan_6h.json,5,,,{}
status:metric,Instances/Basic_6h_year/problem_instance_europe_jan_6h.json,6,,,{}
status:metric,Instances/Basic_6h_year/problem_instance_europe_jan_6h.json,7,,,{}
status:metric,Instances/Basic_6h_year/problem_instance_europe_jan_6h.json,8,,,{}
status:metric,Instances/Basic_6h_year/problem_instance_europe_jan_6h.json,9,,,{}
status:metric,Instances/Basic_6h_year/problem_instance_europe_jan_6h.json,10,,,{}
status:metric,Instances/Basic_6h_year/problem_instance_europe_jan_6h.json,11,,,{}
status:metric,Instances/Basic_6h_year/problem_instance_europe_jan_6h.json,12,,,{}
status:metric,Instances/Basic_6h_year/problem_instance_europe_jan_6h.json,13,,,{}
status:metric,Instances/Basic_6h_year/problem_instance_europe_jan_6h.json,14,,,{}
status:metric,Instances/Basic_6h_year/problem_instance_europe_jan_6h.json,15,,,{}
status:metric,Instances/Basic_6h_year/problem_instance_europe_jan_6h.json,16,,,{}
status:metric,Instances/Basic_6h_year/problem_instance_europe_jul_6h.json,1,,,
status:metric,Instances/Basic_6h_year/problem_instance_europe_jul_6h.json,2,,,{}
status:metric,Instances/Basic_6h_year/problem_instance_europe_jul_6h.json,3,,,{}
status:metric,Instances/Basic_6h_year/problem_instance_europe_jul_6h.json,4,,,{}
status:metric,Instances/Basic_6h_year/problem_instance_europe_jul_6h.json,5,,,{}
status:metric,Instances/Basic_6h_year/problem_instance_europe_jul_6h.json,6,,,{}
status:metric,Instances/Basic_6h_year/problem_instance_europe_jul_6h.json,7,,,{}
status:metric,Instances/Basic_6h_year/problem_instance_europe_jul_6h.json,8,,,{}
status:metric,Instances/Basic_6h_year/problem_instance_europe_jul_6h.json,9,,,{}
status:metric,Instances/Basic_6h_year/problem_instance_europe_jul_6h.json,10,,,{}
status:metric,Instances/Basic_6h_year/problem_instance_europe_jul_6h.json,11,,,{}
status:metric,Instances/Basic_6h_year/problem_instance_europe_jul_6h.json,12,,,{}
status:metric,Instances/Basic_6h_year/problem_instance_europe_jul_6h.json,13,,,{}
status:metric,Instances/Basic_6h_year/problem_instance_europe_jul_6h.json,14,,,{}
status:metric,Instances/Basic_6h_year/problem_instance_europe_jul_6h.json,15,,,{}
status:metric,Instances/Basic_6h_year/problem_instance_europe_jul_6h.json,16,,,{}
status:metric,Instances/Basic_6h_year/problem_instance_europe_jun_6h.json,1,,,
status:metric,Instances/Basic_6h_year/problem_instance_europe_jun_6h.json,2,,,{}
status:metric,Instances/Basic_6h_year/problem_instance_europe_jun_6h.json,3,,,{}
status:metric,Instances/Basic_6h_year/problem_instance_europe_jun_6h.json,4,,,{}
status:metric,Instances/Basic_6h_year/problem_instance_europe_jun_6h.json,5,,,{}
status:metric,Instances/Basic_6h_year/problem_instance_europe_jun_6h.json,6,,,{}
status:metric,Instances/Basic_6h_year/problem_instance_europe_jun_6h.json,7,,,{}
status:metric,Instances/Basic_6h_year/problem_instance_europe_jun_6h.json,8,,,{}
status:metric,Instances/Basic_6h_year/problem_instance_europe_jun_6h.json,9,,,{}
status:metric,Instances/Basic_6h_year/problem_instance_europe_jun_6h.json,10,,,{}
status:metric,Instances/Basic_6h_year/problem_instance_europe_jun_6h.json,11,,,{}
status:metric,Instances/Basic_6h_year/problem_instance_europe_jun_6h.json,12,,,{}
status:metric,Instances/Basic_6h_year/problem_instance_europe_jun_6h.json,13,,,{}
status:metric,Instances/Basic_6h_year/problem_instance_europe_jun_6h.json,14,,,{}
status:metric,Instances/Basic_6h_year/problem_instance_europe_jun_6h.json,15,,,{}
status:metric,Instances/Basic_6h_year/problem_instance_europe_jun_6h.json,16,,,{}
status:metric,Instances/Basic_6h_year/problem_instance_europe_mar_6h.json,1,,,
status:metric,Instances/Basic_6h_year/problem_instance_europe_mar_6h.json,2,,,{}
status:metric,Instances/Basic_6h_year/problem_instance_europe_mar_6h.json,3,,,{}
status:metric,Instances/Basic_6h_year/problem_instance_europe_mar_6h.json,4,,,{}
status:metric,Instances/Basic_6h_year/problem_instance_europe_mar_6h.json,5,,,{}
status:metric,Instances/Basic_6h_year/problem_instance_europe_mar_6h.json,6,,,{}
status:metric,Instances/Basic_6h_year/problem_instance_europe_mar_6h.json,7,,,{}
status:metric,Instances/Basic_6h_year/problem_instance_europe_mar_6h.json,8,,,{}
status:metric,Instances/Basic_6h_year/problem_instance_europe_mar_6h.json,9,,,{}
status:metric,Instances/Basic_6h_year/problem_instance_europe_mar_6h.json,10,,,{}
status:metric,Instances/Basic_6h_year/problem_instance_europe_mar_6h.json,11,,,{}
status:metric,Instances/Basic_6h_year/problem_instance_europe_mar_6h.json,12,,,{}
status:metric,Instances/Basic_6h_year/problem_instance_europe_mar_6h.json,13,,,{}
status:metric,Instances/Basic_6h_year/problem_instance_europe_mar_6h.json,14,,,{}
status:metric,Instances/Basic_6h_year/problem_instance_europe_mar_6h.json,15,,,{}
status:metric,Instances/Basic_6h_year/problem_instance_europe_mar_6h.json,16,,,{}
status:metric,Instances/Basic_6h_year/problem_instance_europe_may_6h.json,1,,,
status:metric,Instances/Basic_6h_year/problem_instance_europe_may_6h.json,2,,,{}
status:metric,Instances/Basic_6h_year/problem_instance_europe_may_6h.json,3,,,{}
status:metric,Instances/Basic_6h_year/problem_instance_europe_may_6h.json,4,,,{}
status:metric,Instances/Basic_6h_year/problem_instance_europe_may_6h.json,5,,,{}
status:metric,Instances/Basic_6h_year/problem_instance_europe_may_6h.json,6,,,{}
status:metric,Instances/Basic_6h_year/problem_instance_europe_may_6h.json,7,,,{}
status:metric,Instances/Basic_6h_year/problem_instance_europe_may_6h.json,8,,,{}
status:metric,Instances/Basic_6h_year/problem_instance_europe_may_6h.json,9,,,{}
status:metric,Instances/Basic_6h_year/problem_instance_europe_may_6h.json,10,,,{}
status:metric,Instances/Basic_6h_year/problem_instance_europe_may_6h.json,11,,,{}
status:metric,Instances/Basic_6h_year/problem_instance_europe_may_6h.json,12,,,{}
status:metric,Instances/Basic_6h_year/problem_instance_europe_may_6h.json,13,,,{}
status:metric,Instances/Basic_6h_year/problem_instance_europe_may_6h.json,14,,,{}
status:metric,Instances/Basic_6h_year/problem_instance_europe_may_6h.json,15,,,{}
status:metric,Instances/Basic_6h_year/problem_instance_europe_may_6h.json,16,,,{}
status:metric,Instances/Basic_6h_year/problem_instance_europe_nov_6h.json,1,,,
status:metric,Instances/Basic_6h_year/problem_instance_europe_nov_6h.json,2,,,{}
status:metric,Instances/Basic_6h_year/problem_instance_europe_nov_6h.json,3,,,{}
status:metric,Instances/Basic_6h_year/problem_instance_europe_nov_6h.json,4,,,{}
status:metric,Instances/Basic_6h_year/problem_instance_europe_nov_6h.json,5,,,{}
status:metric,Instances/Basic_6h_year/problem_instance_europe_nov_6h.json,6,,,{}
status:metric,Instances/Basic_6h_year/problem_instance_europe_nov_6h.json,7,,,{}
status:metric,Instances/Basic_6h_year/problem_instance_europe_nov_6h.json,8,,,{}
status:metric,Instances/Basic_6h_year/problem_instance_europe_nov_6h.json,9,,,{}
status:metric,Instances/Basic_6h_year/problem_instance_europe_nov_6h.json,10,,,{}
status:metric,Instances/Basic_6h_year/problem_instance_europe_nov_6h.json,11,,,{}
status:metric,Instances/Basic_6h_year/problem_instance_europe_nov_6h.json,12,,,{}
status:metric,Instances/Basic_6h_year/problem_instance_europe_nov_6h.json,13,,,{}
status:metric,Instances/Basic_6h_year/problem_instance_europe_nov_6h.json,14,,,{}
status:metric,Instances/Basic_6h_year/problem_instance_europe_nov_6h.json,15,,,{}
status:metric,Instances/Basic_6h_year/problem_instance_europe_nov_6h.json,16,,,{}
status:metric,Instances/Basic_6h_year/problem_instance_europe_oct_6h.json,1,,,
status:metric,Instances/Basic_6h_year/problem_instance_europe_oct_6h.json,2,,,{}
status:metric,Instances/Basic_6h_year/problem_instance_europe_oct_6h.json,3,,,{}
status:metric,Instances/Basic_6h_year/problem_instance_europe_oct_6h.json,4,,,{}
status:metric,Instances/Basic_6h_year/problem_instance_europe_oct_6h.json,5,,,{}
status:metric,Instances/Basic_6h_year/problem_instance_europe_oct_6h.json,6,,,{}
status:metric,Instances/Basic_6h_year/problem_instance_europe_oct_6h.json,7,,,{}
status:metric,Instances/Basic_6h_year/problem_instance_europe_oct_6h.json,8,,,{}
status:metric,Instances/Basic_6h_year/problem_instance_europe_oct_6h.json,9,,,{}
status:metric,Instances/Basic_6h_year/problem_instance_europe_oct_6h.json,10,,,{}
status:metric,Instances/Basic_6h_year/problem_instance_europe_oct_6h.json,11,,,{}
status:metric,Instances/Basic_6h_year/problem_instance_europe_oct_6h.json,12,,,{}
status:metric,Instances/Basic_6h_year/problem_instance_europe_oct_6h.json,13,,,{}
status:metric,Instances/Basic_6h_year/problem_instance_europe_oct_6h.json,14,,,{}
status:metric,Instances/Basic_6h_year/problem_instance_europe_oct_6h.json,15,,,{}
status:metric,Instances/Basic_6h_year/problem_instance_europe_oct_6h.json,16,,,{}
status:metric,Instances/Basic_6h_year/problem_instance_europe_sep_6h.json,1,,,
status:metric,Instances/Basic_6h_year/problem_instance_europe_sep_6h.json,2,,,{}
status:metric,Instances/Basic_6h_year/problem_instance_europe_sep_6h.json,3,,,{}
status:metric,Instances/Basic_6h_year/problem_instance_europe_sep_6h.json,4,,,{}
status:metric,Instances/Basic_6h_year/problem_instance_europe_sep_6h.json,5,,,{}
status:metric,Instances/Basic_6h_year/problem_instance_europe_sep_6h.json,6,,,{}
status:metric,Instances/Basic_6h_year/problem_instance_europe_sep_6h.json,7,,,{}
status:metric,Instances/Basic_6h_year/problem_instance_europe_sep_6h.json,8,,,{}
status:metric,Instances/Basic_6h_year/problem_instance_europe_sep_6h.json,9,,,{}
status:metric,Instances/Basic_6h_year/problem_instance_europe_sep_6h.json,10,,,{}
status:metric,Instances/Basic_6h_year/problem_instance_europe_sep_6h.json,11,,,{}
status:metric,Instances/Basic_6h_year/problem_instance_europe_sep_6h.json,12,,,{}
status:metric,Instances/Basic_6h_year/problem_instance_europe_sep_6h.json,13,,,{}
status:metric,Instances/Basic_6h_year/problem_instance_europe_sep_6h.json,14,,,{}
status:metric,Instances/Basic_6h_year/problem_instance_europe_sep_6h.json,15,,,{}
status:metric,Instances/Basic_6h_year/problem_instance_europe_sep_6h.json,16,,,{}
wall_time:metric,Instances/Basic_6h_year/problem_instance_europe_apr_6h.json,1,,,
wall_time:metric,Instances/Basic_6h_year/problem_instance_europe_apr_6h.json,2,,,{}
wall_time:metric,Instances/Basic_6h_year/problem_instance_europe_apr_6h.json,3,,,{}
wall_time:metric,Instances/Basic_6h_year/problem_instance_europe_apr_6h.json,4,,,{}
wall_time:metric,Instances/Basic_6h_year/problem_instance_europe_apr_6h.json,5,,,{}
wall_time:metric,Instances/Basic_6h_year/problem_instance_europe_apr_6h.json,6,,,{}
wall_time:metric,Instances/Basic_6h_year/problem_instance_europe_apr_6h.json,7,,,{}
wall_time:metric,Instances/Basic_6h_year/problem_instance_europe_apr_6h.json,8,,,{}
wall_time:metric,Instances/Basic_6h_year/problem_instance_europe_apr_6h.json,9,,,{}
wall_time:metric,Instances/Basic_6h_year/problem_instance_europe_apr_6h.json,10,,,{}
wall_time:metric,Instances/Basic_6h_year/problem_instance_europe_apr_6h.json,11,,,{}
wall_time:metric,Instances/Basic_6h_year/problem_instance_europe_apr_6h.json,12,,,{}
wall_time:metric,Instances/Basic_6h_year/problem_instance_europe_apr_6h.json,13,,,{}
wall_time:metric,Instances/Basic_6h_year/problem_instance_europe_apr_6h.json,14,,,{}
wall_time:metric,Instances/Basic_6h_year/problem_instance_europe_apr_6h.json,15,,,{}
wall_time:metric,Instances/Basic_6h_year/problem_instance_europe_apr_6h.json,16,,,{}
wall_time:metric,Instances/Basic_6h_year/problem_instance_europe_aug_6h.json,1,,,
wall_time:metric,Instances/Basic_6h_year/problem_instance_europe_aug_6h.json,2,,,{}
wall_time:metric,Instances/Basic_6h_year/problem_instance_europe_aug_6h.json,3,,,{}
wall_time:metric,Instances/Basic_6h_year/problem_instance_europe_aug_6h.json,4,,,{}
wall_time:metric,Instances/Basic_6h_year/problem_instance_europe_aug_6h.json,5,,,{}
wall_time:metric,Instances/Basic_6h_year/problem_instance_europe_aug_6h.json,6,,,{}
wall_time:metric,Instances/Basic_6h_year/problem_instance_europe_aug_6h.json,7,,,{}
wall_time:metric,Instances/Basic_6h_year/problem_instance_europe_aug_6h.json,8,,,{}
wall_time:metric,Instances/Basic_6h_year/problem_instance_europe_aug_6h.json,9,,,{}
wall_time:metric,Instances/Basic_6h_year/problem_instance_europe_aug_6h.json,10,,,{}
wall_time:metric,Instances/Basic_6h_year/problem_instance_europe_aug_6h.json,11,,,{}
wall_time:metric,Instances/Basic_6h_year/problem_instance_europe_aug_6h.json,12,,,{}
wall_time:metric,Instances/Basic_6h_year/problem_instance_europe_aug_6h.json,13,,,{}
wall_time:metric,Instances/Basic_6h_year/problem_instance_europe_aug_6h.json,14,,,{}
wall_time:metric,Instances/Basic_6h_year/problem_instance_europe_aug_6h.json,15,,,{}
wall_time:metric,Instances/Basic_6h_year/problem_instance_europe_aug_6h.json,16,,,{}
wall_time:metric,Instances/Basic_6h_year/problem_instance_europe_dec_6h.json,1,,,
wall_time:metric,Instances/Basic_6h_year/problem_instance_europe_dec_6h.json,2,,,{}
wall_time:metric,Instances/Basic_6h_year/problem_instance_europe_dec_6h.json,3,,,{}
wall_time:metric,Instances/Basic_6h_year/problem_instance_europe_dec_6h.json,4,,,{}
wall_time:metric,Instances/Basic_6h_year/problem_instance_europe_dec_6h.json,5,,,{}
wall_time:metric,Instances/Basic_6h_year/problem_instance_europe_dec_6h.json,6,,,{}
wall_time:metric,Instances/Basic_6h_year/problem_instance_europe_dec_6h.json,7,,,{}
wall_time:metric,Instances/Basic_6h_year/problem_instance_europe_dec_6h.json,8,,,{}
wall_time:metric,Instances/Basic_6h_year/problem_instance_europe_dec_6h.json,9,,,{}
wall_time:metric,Instances/Basic_6h_year/problem_instance_europe_dec_6h.json,10,,,{}
wall_time:metric,Instances/Basic_6h_year/problem_instance_europe_dec_6h.json,11,,,{}
wall_time:metric,Instances/Basic_6h_year/problem_instance_europe_dec_6h.json,12,,,{}
wall_time:metric,Instances/Basic_6h_year/problem_instance_europe_dec_6h.json,13,,,{}
wall_time:metric,Instances/Basic_6h_year/problem_instance_europe_dec_6h.json,14,,,{}
wall_time:metric,Instances/Basic_6h_year/problem_instance_europe_dec_6h.json,15,,,{}
wall_time:metric,Instances/Basic_6h_year/problem_instance_europe_dec_6h.json,16,,,{}
wall_time:metric,Instances/Basic_6h_year/problem_instance_europe_feb_6h.json,1,,,
wall_time:metric,Instances/Basic_6h_year/problem_instance_europe_feb_6h.json,2,,,{}
wall_time:metric,Instances/Basic_6h_year/problem_instance_europe_feb_6h.json,3,,,{}
wall_time:metric,Instances/Basic_6h_year/problem_instance_europe_feb_6h.json,4,,,{}
wall_time:metric,Instances/Basic_6h_year/problem_instance_europe_feb_6h.json,5,,,{}
wall_time:metric,Instances/Basic_6h_year/problem_instance_europe_feb_6h.json,6,,,{}
wall_time:metric,Instances/Basic_6h_year/problem_instance_europe_feb_6h.json,7,,,{}
wall_time:metric,Instances/Basic_6h_year/problem_instance_europe_feb_6h.json,8,,,{}
wall_time:metric,Instances/Basic_6h_year/problem_instance_europe_feb_6h.json,9,,,{}
wall_time:metric,Instances/Basic_6h_year/problem_instance_europe_feb_6h.json,10,,,{}
wall_time:metric,Instances/Basic_6h_year/problem_instance_europe_feb_6h.json,11,,,{}
wall_time:metric,Instances/Basic_6h_year/problem_instance_europe_feb_6h.json,12,,,{}
wall_time:metric,Instances/Basic_6h_year/problem_instance_europe_feb_6h.json,13,,,{}
wall_time:metric,Instances/Basic_6h_year/problem_instance_europe_feb_6h.json,14,,,{}
wall_time:metric,Instances/Basic_6h_year/problem_instance_europe_feb_6h.json,15,,,{}
wall_time:metric,Instances/Basic_6h_year/problem_instance_europe_feb_6h.json,16,,,{}
wall_time:metric,Instances/Basic_6h_year/problem_instance_europe_jan_6h.json,1,,,
wall_time:metric,Instances/Basic_6h_year/problem_instance_europe_jan_6h.json,2,,,{}
wall_time:metric,Instances/Basic_6h_year/problem_instance_europe_jan_6h.json,3,,,{}
wall_time:metric,Instances/Basic_6h_year/problem_instance_europe_jan_6h.json,4,,,{}
wall_time:metric,Instances/Basic_6h_year/problem_instance_europe_jan_6h.json,5,,,{}
wall_time:metric,Instances/Basic_6h_year/problem_instance_europe_jan_6h.json,6,,,{}
wall_time:metric,Instances/Basic_6h_year/problem_instance_europe_jan_6h.json,7,,,{}
wall_time:metric,Instances/Basic_6h_year/problem_instance_europe_jan_6h.json,8,,,{}
wall_time:metric,Instances/Basic_6h_year/problem_instance_europe_jan_6h.json,9,,,{}
wall_time:metric,Instances/Basic_6h_year/problem_instance_europe_jan_6h.json,10,,,{}
wall_time:metric,Instances/Basic_6h_year/problem_instance_europe_jan_6h.json,11,,,{}
wall_time:metric,Instances/Basic_6h_year/problem_instance_europe_jan_6h.json,12,,,{}
wall_time:metric,Instances/Basic_6h_year/problem_instance_europe_jan_6h.json,13,,,{}
wall_time:metric,Instances/Basic_6h_year/problem_instance_europe_jan_6h.json,14,,,{}
wall_time:metric,Instances/Basic_6h_year/problem_instance_europe_jan_6h.json,15,,,{}
wall_time:metric,Instances/Basic_6h_year/problem_instance_europe_jan_6h.json,16,,,{}
wall_time:metric,Instances/Basic_6h_year/problem_instance_europe_jul_6h.json,1,,,
wall_time:metric,Instances/Basic_6h_year/problem_instance_europe_jul_6h.json,2,,,{}
wall_time:metric,Instances/Basic_6h_year/problem_instance_europe_jul_6h.json,3,,,{}
wall_time:metric,Instances/Basic_6h_year/problem_instance_europe_jul_6h.json,4,,,{}
wall_time:metric,Instances/Basic_6h_year/problem_instance_europe_jul_6h.json,5,,,{}
wall_time:metric,Instances/Basic_6h_year/problem_instance_europe_jul_6h.json,6,,,{}
wall_time:metric,Instances/Basic_6h_year/problem_instance_europe_jul_6h.json,7,,,{}
wall_time:metric,Instances/Basic_6h_year/problem_instance_europe_jul_6h.json,8,,,{}
wall_time:metric,Instances/Basic_6h_year/problem_instance_europe_jul_6h.json,9,,,{}
wall_time:metric,Instances/Basic_6h_year/problem_instance_europe_jul_6h.json,10,,,{}
wall_time:metric,Instances/Basic_6h_year/problem_instance_europe_jul_6h.json,11,,,{}
wall_time:metric,Instances/Basic_6h_year/problem_instance_europe_jul_6h.json,12,,,{}
wall_time:metric,Instances/Basic_6h_year/problem_instance_europe_jul_6h.json,13,,,{}
wall_time:metric,Instances/Basic_6h_year/problem_instance_europe_jul_6h.json,14,,,{}
wall_time:metric,Instances/Basic_6h_year/problem_instance_europe_jul_6h.json,15,,,{}
wall_time:metric,Instances/Basic_6h_year/problem_instance_europe_jul_6h.json,16,,,{}
wall_time:metric,Instances/Basic_6h_year/problem_instance_europe_jun_6h.json,1,,,
wall_time:metric,Instances/Basic_6h_year/problem_instance_europe_jun_6h.json,2,,,{}
wall_time:metric,Instances/Basic_6h_year/problem_instance_europe_jun_6h.json,3,,,{}
wall_time:metric,Instances/Basic_6h_year/problem_instance_europe_jun_6h.json,4,,,{}
wall_time:metric,Instances/Basic_6h_year/problem_instance_europe_jun_6h.json,5,,,{}
wall_time:metric,Instances/Basic_6h_year/problem_instance_europe_jun_6h.json,6,,,{}
wall_time:metric,Instances/Basic_6h_year/problem_instance_europe_jun_6h.json,7,,,{}
wall_time:metric,Instances/Basic_6h_year/problem_instance_europe_jun_6h.json,8,,,{}
wall_time:metric,Instances/Basic_6h_year/problem_instance_europe_jun_6h.json,9,,,{}
wall_time:metric,Instances/Basic_6h_year/problem_instance_europe_jun_6h.json,10,,,{}
wall_time:metric,Instances/Basic_6h_year/problem_instance_europe_jun_6h.json,11,,,{}
wall_time:metric,Instances/Basic_6h_year/problem_instance_europe_jun_6h.json,12,,,{}
wall_time:metric,Instances/Basic_6h_year/problem_instance_europe_jun_6h.json,13,,,{}
wall_time:metric,Instances/Basic_6h_year/problem_instance_europe_jun_6h.json,14,,,{}
wall_time:metric,Instances/Basic_6h_year/problem_instance_europe_jun_6h.json,15,,,{}
wall_time:metric,Instances/Basic_6h_year/problem_instance_europe_jun_6h.json,16,,,{}
wall_time:metric,Instances/Basic_6h_year/problem_instance_europe_mar_6h.json,1,,,
wall_time:metric,Instances/Basic_6h_year/problem_instance_europe_mar_6h.json,2,,,{}
wall_time:metric,Instances/Basic_6h_year/problem_instance_europe_mar_6h.json,3,,,{}
wall_time:metric,Instances/Basic_6h_year/problem_instance_europe_mar_6h.json,4,,,{}
wall_time:metric,Instances/Basic_6h_year/problem_instance_europe_mar_6h.json,5,,,{}
wall_time:metric,Instances/Basic_6h_year/problem_instance_europe_mar_6h.json,6,,,{}
wall_time:metric,Instances/Basic_6h_year/problem_instance_europe_mar_6h.json,7,,,{}
wall_time:metric,Instances/Basic_6h_year/problem_instance_europe_mar_6h.json,8,,,{}
wall_time:metric,Instances/Basic_6h_year/problem_instance_europe_mar_6h.json,9,,,{}
wall_time:metric,Instances/Basic_6h_year/problem_instance_europe_mar_6h.json,10,,,{}
wall_time:metric,Instances/Basic_6h_year/problem_instance_europe_mar_6h.json,11,,,{}
wall_time:metric,Instances/Basic_6h_year/problem_instance_europe_mar_6h.json,12,,,{}
wall_time:metric,Instances/Basic_6h_year/problem_instance_europe_mar_6h.json,13,,,{}
wall_time:metric,Instances/Basic_6h_year/problem_instance_europe_mar_6h.json,14,,,{}
wall_time:metric,Instances/Basic_6h_year/problem_instance_europe_mar_6h.json,15,,,{}
wall_time:metric,Instances/Basic_6h_year/problem_instance_europe_mar_6h.json,16,,,{}
wall_time:metric,Instances/Basic_6h_year/problem_instance_europe_may_6h.json,1,,,
wall_time:metric,Instances/Basic_6h_year/problem_instance_europe_may_6h.json,2,,,{}
wall_time:metric,Instances/Basic_6h_year/problem_instance_europe_may_6h.json,3,,,{}
wall_time:metric,Instances/Basic_6h_year/problem_instance_europe_may_6h.json,4,,,{}
wall_time:metric,Instances/Basic_6h_year/problem_instance_europe_may_6h.json,5,,,{}
wall_time:metric,Instances/Basic_6h_year/problem_instance_europe_may_6h.json,6,,,{}
wall_time:metric,Instances/Basic_6h_year/problem_instance_europe_may_6h.json,7,,,{}
wall_time:metric,Instances/Basic_6h_year/problem_instance_europe_may_6h.json,8,,,{}
wall_time:metric,Instances/Basic_6h_year/problem_instance_europe_may_6h.json,9,,,{}
wall_time:metric,Instances/Basic_6h_year/problem_instance_europe_may_6h.json,10,,,{}
wall_time:metric,Instances/Basic_6h_year/problem_instance_europe_may_6h.json,11,,,{}
wall_time:metric,Instances/Basic_6h_year/problem_instance_europe_may_6h.json,12,,,{}
wall_time:metric,Instances/Basic_6h_year/problem_instance_europe_may_6h.json,13,,,{}
wall_time:metric,Instances/Basic_6h_year/problem_instance_europe_may_6h.json,14,,,{}
wall_time:metric,Instances/Basic_6h_year/problem_instance_europe_may_6h.json,15,,,{}
wall_time:metric,Instances/Basic_6h_year/problem_instance_europe_may_6h.json,16,,,{}
wall_time:metric,Instances/Basic_6h_year/problem_instance_europe_nov_6h.json,1,,,
wall_time:metric,Instances/Basic_6h_year/problem_instance_europe_nov_6h.json,2,,,{}
wall_time:metric,Instances/Basic_6h_year/problem_instance_europe_nov_6h.json,3,,,{}
wall_time:metric,Instances/Basic_6h_year/problem_instance_europe_nov_6h.json,4,,,{}
wall_time:metric,Instances/Basic_6h_year/problem_instance_europe_nov_6h.json,5,,,{}
wall_time:metric,Instances/Basic_6h_year/problem_instance_europe_nov_6h.json,6,,,{}
wall_time:metric,Instances/Basic_6h_year/problem_instance_europe_nov_6h.json,7,,,{}
wall_time:metric,Instances/Basic_6h_year/problem_instance_europe_nov_6h.json,8,,,{}
wall_time:metric,Instances/Basic_6h_year/problem_instance_europe_nov_6h.json,9,,,{}
wall_time:metric,Instances/Basic_6h_year/problem_instance_europe_nov_6h.json,10,,,{}
wall_time:metric,Instances/Basic_6h_year/problem_instance_europe_nov_6h.json,11,,,{}
wall_time:metric,Instances/Basic_6h_year/problem_instance_europe_nov_6h.json,12,,,{}
wall_time:metric,Instances/Basic_6h_year/problem_instance_europe_nov_6h.json,13,,,{}
wall_time:metric,Instances/Basic_6h_year/problem_instance_europe_nov_6h.json,14,,,{}
wall_time:metric,Instances/Basic_6h_year/problem_instance_europe_nov_6h.json,15,,,{}
wall_time:metric,Instances/Basic_6h_year/problem_instance_europe_nov_6h.json,16,,,{}
wall_time:metric,Instances/Basic_6h_year/problem_instance_europe_oct_6h.json,1,,,
wall_time:metric,Instances/Basic_6h_year/problem_instance_europe_oct_6h.json,2,,,{}
wall_time:metric,Instances/Basic_6h_year/problem_instance_europe_oct_6h.json,3,,,{}
wall_time:metric,Instances/Basic_6h_year/problem_instance_europe_oct_6h.json,4,,,{}
wall_time:metric,Instances/Basic_6h_year/problem_instance_europe_oct_6h.json,5,,,{}
wall_time:metric,Instances/Basic_6h_year/problem_instance_europe_oct_6h.json,6,,,{}
wall_time:metric,Instances/Basic_6h_year/problem_instance_europe_oct_6h.json,7,,,{}
wall_time:metric,Instances/Basic_6h_year/problem_instance_europe_oct_6h.json,8,,,{}
wall_time:metric,Instances/Basic_6h_year/problem_instance_europe_oct_6h.json,9,,,{}
wall_time:metric,Instances/Basic_6h_year/problem_instance_europe_oct_6h.json,10,,,{}
wall_time:metric,Instances/Basic_6h_year/problem_instance_europe_oct_6h.json,11,,,{}
wall_time:metric,Instances/Basic_6h_year/problem_instance_europe_oct_6h.json,12,,,{}
wall_time:metric,Instances/Basic_6h_year/problem_instance_europe_oct_6h.json,13,,,{}
wall_time:metric,Instances/Basic_6h_year/problem_instance_europe_oct_6h.json,14,,,{}
wall_time:metric,Instances/Basic_6h_year/problem_instance_europe_oct_6h.json,15,,,{}
wall_time:metric,Instances/Basic_6h_year/problem_instance_europe_oct_6h.json,16,,,{}
wall_time:metric,Instances/Basic_6h_year/problem_instance_europe_sep_6h.json,1,,,
wall_time:metric,Instances/Basic_6h_year/problem_instance_europe_sep_6h.json,2,,,{}
wall_time:metric,Instances/Basic_6h_year/problem_instance_europe_sep_6h.json,3,,,{}
wall_time:metric,Instances/Basic_6h_year/problem_instance_europe_sep_6h.json,4,,,{}
wall_time:metric,Instances/Basic_6h_year/problem_instance_europe_sep_6h.json,5,,,{}
wall_time:metric,Instances/Basic_6h_year/problem_instance_europe_sep_6h.json,6,,,{}
wall_time:metric,Instances/Basic_6h_year/problem_instance_europe_sep_6h.json,7,,,{}
wall_time:metric,Instances/Basic_6h_year/problem_instance_europe_sep_6h.json,8,,,{}
wall_time:metric,Instances/Basic_6h_year/problem_instance_europe_sep_6h.json,9,,,{}
wall_time:metric,Instances/Basic_6h_year/problem_instance_europe_sep_6h.json,10,,,{}
wall_time:metric,Instances/Basic_6h_year/problem_instance_europe_sep_6h.json,11,,,{}
wall_time:metric,Instances/Basic_6h_year/problem_instance_europe_sep_6h.json,12,,,{}
wall_time:metric,Instances/Basic_6h_year/problem_instance_europe_sep_6h.json,13,,,{}
wall_time:metric,Instances/Basic_6h_year/problem_instance_europe_sep_6h.json,14,,,{}
wall_time:metric,Instances/Basic_6h_year/problem_instance_europe_sep_6h.json,15,,,{}
wall_time:metric,Instances/Basic_6h_year/problem_instance_europe_sep_6h.json,16,,,{}
