Run Number,Run History Configuration ID,Instance ID,Response Value (y),Censored?,Cutoff Time Used,Seed,Runtime,Run Length,Run Result Code,Run Quality,SMAC Iteration,SMAC Cumulative Runtime,Run Result,Additional Algorithm Run Data,Wall Clock Time,
1,1,1,12.07892,0,60.0,12455100,23.6407,0.0,1,12.07892,0,23.6407,SAT,,33.644,
2,1,1,12.677277,0,60.0,7361740,24.0184,0.0,1,12.677277,1,47.659099999999995,SAT,,32.345,
3,2,1,12.388518,0,60.0,7361740,24.0238,0.0,1,12.388518,1,71.68289999999999,SAT,,46.515,
4,1,1,10.115039,0,60.0,4904765,20.6538,0.0,1,10.115039,1,92.3367,SAT,,56.726,
5,3,1,11.800975,0,60.0,4904765,23.2346,0.0,1,11.800975,1,115.5713,SAT,,55.916,
