Solver,,,Solvers/VRP_SISRs,Solvers/VRP_SISRs,Solvers/VRP_SISRs
Meta,,,Value,Seed,Configuration
Objective,Instance,Run,,,
PAR10,Instances/X-1-10/X-n101-k25.vrp,1,,,
PAR10,Instances/X-1-10/X-n101-k25.vrp,2,,,
PAR10,Instances/X-1-10/X-n101-k25.vrp,3,,,
PAR10,Instances/X-1-10/X-n101-k25.vrp,4,,,
PAR10,Instances/X-1-10/X-n101-k25.vrp,5,,,
PAR10,Instances/X-1-10/X-n101-k25.vrp,6,,,
PAR10,Instances/X-1-10/X-n101-k25.vrp,7,,,
PAR10,Instances/X-1-10/X-n101-k25.vrp,8,,,
PAR10,Instances/X-1-10/X-n101-k25.vrp,9,,,
PAR10,Instances/X-1-10/X-n101-k25.vrp,10,,,
PAR10,Instances/X-1-10/X-n101-k25.vrp,11,,,
PAR10,Instances/X-1-10/X-n101-k25.vrp,12,,,
PAR10,Instances/X-1-10/X-n101-k25.vrp,13,,,
PAR10,Instances/X-1-10/X-n101-k25.vrp,14,,,
PAR10,Instances/X-1-10/X-n101-k25.vrp,15,,,
PAR10,Instances/X-1-10/X-n101-k25.vrp,16,,,
PAR10,Instances/X-1-10/X-n101-k25.vrp,17,,,
PAR10,Instances/X-1-10/X-n101-k25.vrp,18,,,
PAR10,Instances/X-1-10/X-n101-k25.vrp,19,,,
PAR10,Instances/X-1-10/X-n101-k25.vrp,20,,,
PAR10,Instances/X-1-10/X-n101-k25.vrp,21,,,
PAR10,Instances/X-1-10/X-n101-k25.vrp,22,,,
PAR10,Instances/X-1-10/X-n101-k25.vrp,23,,,
PAR10,Instances/X-1-10/X-n101-k25.vrp,24,,,
PAR10,Instances/X-1-10/X-n101-k25.vrp,25,,,
PAR10,Instances/X-1-10/X-n101-k25.vrp,26,,,
PAR10,Instances/X-1-10/X-n106-k14.vrp,1,,,
PAR10,Instances/X-1-10/X-n106-k14.vrp,2,,,
PAR10,Instances/X-1-10/X-n106-k14.vrp,3,,,
PAR10,Instances/X-1-10/X-n106-k14.vrp,4,,,
PAR10,Instances/X-1-10/X-n106-k14.vrp,5,,,
PAR10,Instances/X-1-10/X-n106-k14.vrp,6,,,
PAR10,Instances/X-1-10/X-n106-k14.vrp,7,,,
PAR10,Instances/X-1-10/X-n106-k14.vrp,8,,,
PAR10,Instances/X-1-10/X-n106-k14.vrp,9,,,
PAR10,Instances/X-1-10/X-n106-k14.vrp,10,,,
PAR10,Instances/X-1-10/X-n106-k14.vrp,11,,,
PAR10,Instances/X-1-10/X-n106-k14.vrp,12,,,
PAR10,Instances/X-1-10/X-n106-k14.vrp,13,,,
PAR10,Instances/X-1-10/X-n106-k14.vrp,14,,,
PAR10,Instances/X-1-10/X-n106-k14.vrp,15,,,
PAR10,Instances/X-1-10/X-n106-k14.vrp,16,,,
PAR10,Instances/X-1-10/X-n106-k14.vrp,17,,,
PAR10,Instances/X-1-10/X-n106-k14.vrp,18,,,
PAR10,Instances/X-1-10/X-n106-k14.vrp,19,,,
PAR10,Instances/X-1-10/X-n106-k14.vrp,20,,,
PAR10,Instances/X-1-10/X-n106-k14.vrp,21,,,
PAR10,Instances/X-1-10/X-n106-k14.vrp,22,,,
PAR10,Instances/X-1-10/X-n106-k14.vrp,23,,,
PAR10,Instances/X-1-10/X-n106-k14.vrp,24,,,
PAR10,Instances/X-1-10/X-n106-k14.vrp,25,,,
PAR10,Instances/X-1-10/X-n106-k14.vrp,26,,,
PAR10,Instances/X-1-10/X-n110-k13.vrp,1,,,
PAR10,Instances/X-1-10/X-n110-k13.vrp,2,,,
PAR10,Instances/X-1-10/X-n110-k13.vrp,3,,,
PAR10,Instances/X-1-10/X-n110-k13.vrp,4,,,
PAR10,Instances/X-1-10/X-n110-k13.vrp,5,,,
PAR10,Instances/X-1-10/X-n110-k13.vrp,6,,,
PAR10,Instances/X-1-10/X-n110-k13.vrp,7,,,
PAR10,Instances/X-1-10/X-n110-k13.vrp,8,,,
PAR10,Instances/X-1-10/X-n110-k13.vrp,9,,,
PAR10,Instances/X-1-10/X-n110-k13.vrp,10,,,
PAR10,Instances/X-1-10/X-n110-k13.vrp,11,,,
PAR10,Instances/X-1-10/X-n110-k13.vrp,12,,,
PAR10,Instances/X-1-10/X-n110-k13.vrp,13,,,
PAR10,Instances/X-1-10/X-n110-k13.vrp,14,,,
PAR10,Instances/X-1-10/X-n110-k13.vrp,15,,,
PAR10,Instances/X-1-10/X-n110-k13.vrp,16,,,
PAR10,Instances/X-1-10/X-n110-k13.vrp,17,,,
PAR10,Instances/X-1-10/X-n110-k13.vrp,18,,,
PAR10,Instances/X-1-10/X-n110-k13.vrp,19,,,
PAR10,Instances/X-1-10/X-n110-k13.vrp,20,,,
PAR10,Instances/X-1-10/X-n110-k13.vrp,21,,,
PAR10,Instances/X-1-10/X-n110-k13.vrp,22,,,
PAR10,Instances/X-1-10/X-n110-k13.vrp,23,,,
PAR10,Instances/X-1-10/X-n110-k13.vrp,24,,,
PAR10,Instances/X-1-10/X-n110-k13.vrp,25,,,
PAR10,Instances/X-1-10/X-n110-k13.vrp,26,,,
PAR10,Instances/X-1-10/X-n115-k10.vrp,1,,,
PAR10,Instances/X-1-10/X-n115-k10.vrp,2,,,
PAR10,Instances/X-1-10/X-n115-k10.vrp,3,,,
PAR10,Instances/X-1-10/X-n115-k10.vrp,4,,,
PAR10,Instances/X-1-10/X-n115-k10.vrp,5,,,
PAR10,Instances/X-1-10/X-n115-k10.vrp,6,,,
PAR10,Instances/X-1-10/X-n115-k10.vrp,7,,,
PAR10,Instances/X-1-10/X-n115-k10.vrp,8,,,
PAR10,Instances/X-1-10/X-n115-k10.vrp,9,,,
PAR10,Instances/X-1-10/X-n115-k10.vrp,10,,,
PAR10,Instances/X-1-10/X-n115-k10.vrp,11,,,
PAR10,Instances/X-1-10/X-n115-k10.vrp,12,,,
PAR10,Instances/X-1-10/X-n115-k10.vrp,13,,,
PAR10,Instances/X-1-10/X-n115-k10.vrp,14,,,
PAR10,Instances/X-1-10/X-n115-k10.vrp,15,,,
PAR10,Instances/X-1-10/X-n115-k10.vrp,16,,,
PAR10,Instances/X-1-10/X-n115-k10.vrp,17,,,
PAR10,Instances/X-1-10/X-n115-k10.vrp,18,,,
PAR10,Instances/X-1-10/X-n115-k10.vrp,19,,,
PAR10,Instances/X-1-10/X-n115-k10.vrp,20,,,
PAR10,Instances/X-1-10/X-n115-k10.vrp,21,,,
PAR10,Instances/X-1-10/X-n115-k10.vrp,22,,,
PAR10,Instances/X-1-10/X-n115-k10.vrp,23,,,
PAR10,Instances/X-1-10/X-n115-k10.vrp,24,,,
PAR10,Instances/X-1-10/X-n115-k10.vrp,25,,,
PAR10,Instances/X-1-10/X-n115-k10.vrp,26,,,
PAR10,Instances/X-1-10/X-n120-k6.vrp,1,,,
PAR10,Instances/X-1-10/X-n120-k6.vrp,2,,,
PAR10,Instances/X-1-10/X-n120-k6.vrp,3,,,
PAR10,Instances/X-1-10/X-n120-k6.vrp,4,,,
PAR10,Instances/X-1-10/X-n120-k6.vrp,5,,,
PAR10,Instances/X-1-10/X-n120-k6.vrp,6,,,
PAR10,Instances/X-1-10/X-n120-k6.vrp,7,,,
PAR10,Instances/X-1-10/X-n120-k6.vrp,8,,,
PAR10,Instances/X-1-10/X-n120-k6.vrp,9,,,
PAR10,Instances/X-1-10/X-n120-k6.vrp,10,,,
PAR10,Instances/X-1-10/X-n120-k6.vrp,11,,,
PAR10,Instances/X-1-10/X-n120-k6.vrp,12,,,
PAR10,Instances/X-1-10/X-n120-k6.vrp,13,,,
PAR10,Instances/X-1-10/X-n120-k6.vrp,14,,,
PAR10,Instances/X-1-10/X-n120-k6.vrp,15,,,
PAR10,Instances/X-1-10/X-n120-k6.vrp,16,,,
PAR10,Instances/X-1-10/X-n120-k6.vrp,17,,,
PAR10,Instances/X-1-10/X-n120-k6.vrp,18,,,
PAR10,Instances/X-1-10/X-n120-k6.vrp,19,,,
PAR10,Instances/X-1-10/X-n120-k6.vrp,20,,,
PAR10,Instances/X-1-10/X-n120-k6.vrp,21,,,
PAR10,Instances/X-1-10/X-n120-k6.vrp,22,,,
PAR10,Instances/X-1-10/X-n120-k6.vrp,23,,,
PAR10,Instances/X-1-10/X-n120-k6.vrp,24,,,
PAR10,Instances/X-1-10/X-n120-k6.vrp,25,,,
PAR10,Instances/X-1-10/X-n120-k6.vrp,26,,,
PAR10,Instances/X-1-10/X-n125-k30.vrp,1,,,
PAR10,Instances/X-1-10/X-n125-k30.vrp,2,,,
PAR10,Instances/X-1-10/X-n125-k30.vrp,3,,,
PAR10,Instances/X-1-10/X-n125-k30.vrp,4,,,
PAR10,Instances/X-1-10/X-n125-k30.vrp,5,,,
PAR10,Instances/X-1-10/X-n125-k30.vrp,6,,,
PAR10,Instances/X-1-10/X-n125-k30.vrp,7,,,
PAR10,Instances/X-1-10/X-n125-k30.vrp,8,,,
PAR10,Instances/X-1-10/X-n125-k30.vrp,9,,,
PAR10,Instances/X-1-10/X-n125-k30.vrp,10,,,
PAR10,Instances/X-1-10/X-n125-k30.vrp,11,,,
PAR10,Instances/X-1-10/X-n125-k30.vrp,12,,,
PAR10,Instances/X-1-10/X-n125-k30.vrp,13,,,
PAR10,Instances/X-1-10/X-n125-k30.vrp,14,,,
PAR10,Instances/X-1-10/X-n125-k30.vrp,15,,,
PAR10,Instances/X-1-10/X-n125-k30.vrp,16,,,
PAR10,Instances/X-1-10/X-n125-k30.vrp,17,,,
PAR10,Instances/X-1-10/X-n125-k30.vrp,18,,,
PAR10,Instances/X-1-10/X-n125-k30.vrp,19,,,
PAR10,Instances/X-1-10/X-n125-k30.vrp,20,,,
PAR10,Instances/X-1-10/X-n125-k30.vrp,21,,,
PAR10,Instances/X-1-10/X-n125-k30.vrp,22,,,
PAR10,Instances/X-1-10/X-n125-k30.vrp,23,,,
PAR10,Instances/X-1-10/X-n125-k30.vrp,24,,,
PAR10,Instances/X-1-10/X-n125-k30.vrp,25,,,
PAR10,Instances/X-1-10/X-n125-k30.vrp,26,,,
PAR10,Instances/X-1-10/X-n129-k18.vrp,1,,,
PAR10,Instances/X-1-10/X-n129-k18.vrp,2,,,
PAR10,Instances/X-1-10/X-n129-k18.vrp,3,,,
PAR10,Instances/X-1-10/X-n129-k18.vrp,4,,,
PAR10,Instances/X-1-10/X-n129-k18.vrp,5,,,
PAR10,Instances/X-1-10/X-n129-k18.vrp,6,,,
PAR10,Instances/X-1-10/X-n129-k18.vrp,7,,,
PAR10,Instances/X-1-10/X-n129-k18.vrp,8,,,
PAR10,Instances/X-1-10/X-n129-k18.vrp,9,,,
PAR10,Instances/X-1-10/X-n129-k18.vrp,10,,,
PAR10,Instances/X-1-10/X-n129-k18.vrp,11,,,
PAR10,Instances/X-1-10/X-n129-k18.vrp,12,,,
PAR10,Instances/X-1-10/X-n129-k18.vrp,13,,,
PAR10,Instances/X-1-10/X-n129-k18.vrp,14,,,
PAR10,Instances/X-1-10/X-n129-k18.vrp,15,,,
PAR10,Instances/X-1-10/X-n129-k18.vrp,16,,,
PAR10,Instances/X-1-10/X-n129-k18.vrp,17,,,
PAR10,Instances/X-1-10/X-n129-k18.vrp,18,,,
PAR10,Instances/X-1-10/X-n129-k18.vrp,19,,,
PAR10,Instances/X-1-10/X-n129-k18.vrp,20,,,
PAR10,Instances/X-1-10/X-n129-k18.vrp,21,,,
PAR10,Instances/X-1-10/X-n129-k18.vrp,22,,,
PAR10,Instances/X-1-10/X-n129-k18.vrp,23,,,
PAR10,Instances/X-1-10/X-n129-k18.vrp,24,,,
PAR10,Instances/X-1-10/X-n129-k18.vrp,25,,,
PAR10,Instances/X-1-10/X-n129-k18.vrp,26,,,
PAR10,Instances/X-1-10/X-n134-k13.vrp,1,,,
PAR10,Instances/X-1-10/X-n134-k13.vrp,2,,,
PAR10,Instances/X-1-10/X-n134-k13.vrp,3,,,
PAR10,Instances/X-1-10/X-n134-k13.vrp,4,,,
PAR10,Instances/X-1-10/X-n134-k13.vrp,5,,,
PAR10,Instances/X-1-10/X-n134-k13.vrp,6,,,
PAR10,Instances/X-1-10/X-n134-k13.vrp,7,,,
PAR10,Instances/X-1-10/X-n134-k13.vrp,8,,,
PAR10,Instances/X-1-10/X-n134-k13.vrp,9,,,
PAR10,Instances/X-1-10/X-n134-k13.vrp,10,,,
PAR10,Instances/X-1-10/X-n134-k13.vrp,11,,,
PAR10,Instances/X-1-10/X-n134-k13.vrp,12,,,
PAR10,Instances/X-1-10/X-n134-k13.vrp,13,,,
PAR10,Instances/X-1-10/X-n134-k13.vrp,14,,,
PAR10,Instances/X-1-10/X-n134-k13.vrp,15,,,
PAR10,Instances/X-1-10/X-n134-k13.vrp,16,,,
PAR10,Instances/X-1-10/X-n134-k13.vrp,17,,,
PAR10,Instances/X-1-10/X-n134-k13.vrp,18,,,
PAR10,Instances/X-1-10/X-n134-k13.vrp,19,,,
PAR10,Instances/X-1-10/X-n134-k13.vrp,20,,,
PAR10,Instances/X-1-10/X-n134-k13.vrp,21,,,
PAR10,Instances/X-1-10/X-n134-k13.vrp,22,,,
PAR10,Instances/X-1-10/X-n134-k13.vrp,23,,,
PAR10,Instances/X-1-10/X-n134-k13.vrp,24,,,
PAR10,Instances/X-1-10/X-n134-k13.vrp,25,,,
PAR10,Instances/X-1-10/X-n134-k13.vrp,26,,,
PAR10,Instances/X-1-10/X-n139-k10.vrp,1,,,
PAR10,Instances/X-1-10/X-n139-k10.vrp,2,,,
PAR10,Instances/X-1-10/X-n139-k10.vrp,3,,,
PAR10,Instances/X-1-10/X-n139-k10.vrp,4,,,
PAR10,Instances/X-1-10/X-n139-k10.vrp,5,,,
PAR10,Instances/X-1-10/X-n139-k10.vrp,6,,,
PAR10,Instances/X-1-10/X-n139-k10.vrp,7,,,
PAR10,Instances/X-1-10/X-n139-k10.vrp,8,,,
PAR10,Instances/X-1-10/X-n139-k10.vrp,9,,,
PAR10,Instances/X-1-10/X-n139-k10.vrp,10,,,
PAR10,Instances/X-1-10/X-n139-k10.vrp,11,,,
PAR10,Instances/X-1-10/X-n139-k10.vrp,12,,,
PAR10,Instances/X-1-10/X-n139-k10.vrp,13,,,
PAR10,Instances/X-1-10/X-n139-k10.vrp,14,,,
PAR10,Instances/X-1-10/X-n139-k10.vrp,15,,,
PAR10,Instances/X-1-10/X-n139-k10.vrp,16,,,
PAR10,Instances/X-1-10/X-n139-k10.vrp,17,,,
PAR10,Instances/X-1-10/X-n139-k10.vrp,18,,,
PAR10,Instances/X-1-10/X-n139-k10.vrp,19,,,
PAR10,Instances/X-1-10/X-n139-k10.vrp,20,,,
PAR10,Instances/X-1-10/X-n139-k10.vrp,21,,,
PAR10,Instances/X-1-10/X-n139-k10.vrp,22,,,
PAR10,Instances/X-1-10/X-n139-k10.vrp,23,,,
PAR10,Instances/X-1-10/X-n139-k10.vrp,24,,,
PAR10,Instances/X-1-10/X-n139-k10.vrp,25,,,
PAR10,Instances/X-1-10/X-n139-k10.vrp,26,,,
PAR10,Instances/X-1-10/X-n143-k7.vrp,1,,,
PAR10,Instances/X-1-10/X-n143-k7.vrp,2,,,
PAR10,Instances/X-1-10/X-n143-k7.vrp,3,,,
PAR10,Instances/X-1-10/X-n143-k7.vrp,4,,,
PAR10,Instances/X-1-10/X-n143-k7.vrp,5,,,
PAR10,Instances/X-1-10/X-n143-k7.vrp,6,,,
PAR10,Instances/X-1-10/X-n143-k7.vrp,7,,,
PAR10,Instances/X-1-10/X-n143-k7.vrp,8,,,
PAR10,Instances/X-1-10/X-n143-k7.vrp,9,,,
PAR10,Instances/X-1-10/X-n143-k7.vrp,10,,,
PAR10,Instances/X-1-10/X-n143-k7.vrp,11,,,
PAR10,Instances/X-1-10/X-n143-k7.vrp,12,,,
PAR10,Instances/X-1-10/X-n143-k7.vrp,13,,,
PAR10,Instances/X-1-10/X-n143-k7.vrp,14,,,
PAR10,Instances/X-1-10/X-n143-k7.vrp,15,,,
PAR10,Instances/X-1-10/X-n143-k7.vrp,16,,,
PAR10,Instances/X-1-10/X-n143-k7.vrp,17,,,
PAR10,Instances/X-1-10/X-n143-k7.vrp,18,,,
PAR10,Instances/X-1-10/X-n143-k7.vrp,19,,,
PAR10,Instances/X-1-10/X-n143-k7.vrp,20,,,
PAR10,Instances/X-1-10/X-n143-k7.vrp,21,,,
PAR10,Instances/X-1-10/X-n143-k7.vrp,22,,,
PAR10,Instances/X-1-10/X-n143-k7.vrp,23,,,
PAR10,Instances/X-1-10/X-n143-k7.vrp,24,,,
PAR10,Instances/X-1-10/X-n143-k7.vrp,25,,,
PAR10,Instances/X-1-10/X-n143-k7.vrp,26,,,
PAR10,Instances/X-11-20/X-n148-k46.vrp,1,,,
PAR10,Instances/X-11-20/X-n148-k46.vrp,2,,,
PAR10,Instances/X-11-20/X-n153-k22.vrp,1,,,
PAR10,Instances/X-11-20/X-n153-k22.vrp,2,,,
PAR10,Instances/X-11-20/X-n157-k13.vrp,1,,,
PAR10,Instances/X-11-20/X-n157-k13.vrp,2,,,
PAR10,Instances/X-11-20/X-n162-k11.vrp,1,,,
PAR10,Instances/X-11-20/X-n162-k11.vrp,2,,,
PAR10,Instances/X-11-20/X-n167-k10.vrp,1,,,
PAR10,Instances/X-11-20/X-n167-k10.vrp,2,,,
PAR10,Instances/X-11-20/X-n172-k51.vrp,1,,,
PAR10,Instances/X-11-20/X-n172-k51.vrp,2,,,
PAR10,Instances/X-11-20/X-n176-k26.vrp,1,,,
PAR10,Instances/X-11-20/X-n176-k26.vrp,2,,,
PAR10,Instances/X-11-20/X-n181-k23.vrp,1,,,
PAR10,Instances/X-11-20/X-n181-k23.vrp,2,,,
PAR10,Instances/X-11-20/X-n186-k15.vrp,1,,,
PAR10,Instances/X-11-20/X-n186-k15.vrp,2,,,
PAR10,Instances/X-11-20/X-n190-k8.vrp,1,,,
PAR10,Instances/X-11-20/X-n190-k8.vrp,2,,,
cpu_time:metric,Instances/X-1-10/X-n101-k25.vrp,1,,,
cpu_time:metric,Instances/X-1-10/X-n101-k25.vrp,2,,,
cpu_time:metric,Instances/X-1-10/X-n101-k25.vrp,3,,,
cpu_time:metric,Instances/X-1-10/X-n101-k25.vrp,4,,,
cpu_time:metric,Instances/X-1-10/X-n101-k25.vrp,5,,,
cpu_time:metric,Instances/X-1-10/X-n101-k25.vrp,6,,,
cpu_time:metric,Instances/X-1-10/X-n101-k25.vrp,7,,,
cpu_time:metric,Instances/X-1-10/X-n101-k25.vrp,8,,,
cpu_time:metric,Instances/X-1-10/X-n101-k25.vrp,9,,,
cpu_time:metric,Instances/X-1-10/X-n101-k25.vrp,10,,,
cpu_time:metric,Instances/X-1-10/X-n101-k25.vrp,11,,,
cpu_time:metric,Instances/X-1-10/X-n101-k25.vrp,12,,,
cpu_time:metric,Instances/X-1-10/X-n101-k25.vrp,13,,,
cpu_time:metric,Instances/X-1-10/X-n101-k25.vrp,14,,,
cpu_time:metric,Instances/X-1-10/X-n101-k25.vrp,15,,,
cpu_time:metric,Instances/X-1-10/X-n101-k25.vrp,16,,,
cpu_time:metric,Instances/X-1-10/X-n101-k25.vrp,17,,,
cpu_time:metric,Instances/X-1-10/X-n101-k25.vrp,18,,,
cpu_time:metric,Instances/X-1-10/X-n101-k25.vrp,19,,,
cpu_time:metric,Instances/X-1-10/X-n101-k25.vrp,20,,,
cpu_time:metric,Instances/X-1-10/X-n101-k25.vrp,21,,,
cpu_time:metric,Instances/X-1-10/X-n101-k25.vrp,22,,,
cpu_time:metric,Instances/X-1-10/X-n101-k25.vrp,23,,,
cpu_time:metric,Instances/X-1-10/X-n101-k25.vrp,24,,,
cpu_time:metric,Instances/X-1-10/X-n101-k25.vrp,25,,,
cpu_time:metric,Instances/X-1-10/X-n101-k25.vrp,26,,,
cpu_time:metric,Instances/X-1-10/X-n106-k14.vrp,1,,,
cpu_time:metric,Instances/X-1-10/X-n106-k14.vrp,2,,,
cpu_time:metric,Instances/X-1-10/X-n106-k14.vrp,3,,,
cpu_time:metric,Instances/X-1-10/X-n106-k14.vrp,4,,,
cpu_time:metric,Instances/X-1-10/X-n106-k14.vrp,5,,,
cpu_time:metric,Instances/X-1-10/X-n106-k14.vrp,6,,,
cpu_time:metric,Instances/X-1-10/X-n106-k14.vrp,7,,,
cpu_time:metric,Instances/X-1-10/X-n106-k14.vrp,8,,,
cpu_time:metric,Instances/X-1-10/X-n106-k14.vrp,9,,,
cpu_time:metric,Instances/X-1-10/X-n106-k14.vrp,10,,,
cpu_time:metric,Instances/X-1-10/X-n106-k14.vrp,11,,,
cpu_time:metric,Instances/X-1-10/X-n106-k14.vrp,12,,,
cpu_time:metric,Instances/X-1-10/X-n106-k14.vrp,13,,,
cpu_time:metric,Instances/X-1-10/X-n106-k14.vrp,14,,,
cpu_time:metric,Instances/X-1-10/X-n106-k14.vrp,15,,,
cpu_time:metric,Instances/X-1-10/X-n106-k14.vrp,16,,,
cpu_time:metric,Instances/X-1-10/X-n106-k14.vrp,17,,,
cpu_time:metric,Instances/X-1-10/X-n106-k14.vrp,18,,,
cpu_time:metric,Instances/X-1-10/X-n106-k14.vrp,19,,,
cpu_time:metric,Instances/X-1-10/X-n106-k14.vrp,20,,,
cpu_time:metric,Instances/X-1-10/X-n106-k14.vrp,21,,,
cpu_time:metric,Instances/X-1-10/X-n106-k14.vrp,22,,,
cpu_time:metric,Instances/X-1-10/X-n106-k14.vrp,23,,,
cpu_time:metric,Instances/X-1-10/X-n106-k14.vrp,24,,,
cpu_time:metric,Instances/X-1-10/X-n106-k14.vrp,25,,,
cpu_time:metric,Instances/X-1-10/X-n106-k14.vrp,26,,,
cpu_time:metric,Instances/X-1-10/X-n110-k13.vrp,1,,,
cpu_time:metric,Instances/X-1-10/X-n110-k13.vrp,2,,,
cpu_time:metric,Instances/X-1-10/X-n110-k13.vrp,3,,,
cpu_time:metric,Instances/X-1-10/X-n110-k13.vrp,4,,,
cpu_time:metric,Instances/X-1-10/X-n110-k13.vrp,5,,,
cpu_time:metric,Instances/X-1-10/X-n110-k13.vrp,6,,,
cpu_time:metric,Instances/X-1-10/X-n110-k13.vrp,7,,,
cpu_time:metric,Instances/X-1-10/X-n110-k13.vrp,8,,,
cpu_time:metric,Instances/X-1-10/X-n110-k13.vrp,9,,,
cpu_time:metric,Instances/X-1-10/X-n110-k13.vrp,10,,,
cpu_time:metric,Instances/X-1-10/X-n110-k13.vrp,11,,,
cpu_time:metric,Instances/X-1-10/X-n110-k13.vrp,12,,,
cpu_time:metric,Instances/X-1-10/X-n110-k13.vrp,13,,,
cpu_time:metric,Instances/X-1-10/X-n110-k13.vrp,14,,,
cpu_time:metric,Instances/X-1-10/X-n110-k13.vrp,15,,,
cpu_time:metric,Instances/X-1-10/X-n110-k13.vrp,16,,,
cpu_time:metric,Instances/X-1-10/X-n110-k13.vrp,17,,,
cpu_time:metric,Instances/X-1-10/X-n110-k13.vrp,18,,,
cpu_time:metric,Instances/X-1-10/X-n110-k13.vrp,19,,,
cpu_time:metric,Instances/X-1-10/X-n110-k13.vrp,20,,,
cpu_time:metric,Instances/X-1-10/X-n110-k13.vrp,21,,,
cpu_time:metric,Instances/X-1-10/X-n110-k13.vrp,22,,,
cpu_time:metric,Instances/X-1-10/X-n110-k13.vrp,23,,,
cpu_time:metric,Instances/X-1-10/X-n110-k13.vrp,24,,,
cpu_time:metric,Instances/X-1-10/X-n110-k13.vrp,25,,,
cpu_time:metric,Instances/X-1-10/X-n110-k13.vrp,26,,,
cpu_time:metric,Instances/X-1-10/X-n115-k10.vrp,1,,,
cpu_time:metric,Instances/X-1-10/X-n115-k10.vrp,2,,,
cpu_time:metric,Instances/X-1-10/X-n115-k10.vrp,3,,,
cpu_time:metric,Instances/X-1-10/X-n115-k10.vrp,4,,,
cpu_time:metric,Instances/X-1-10/X-n115-k10.vrp,5,,,
cpu_time:metric,Instances/X-1-10/X-n115-k10.vrp,6,,,
cpu_time:metric,Instances/X-1-10/X-n115-k10.vrp,7,,,
cpu_time:metric,Instances/X-1-10/X-n115-k10.vrp,8,,,
cpu_time:metric,Instances/X-1-10/X-n115-k10.vrp,9,,,
cpu_time:metric,Instances/X-1-10/X-n115-k10.vrp,10,,,
cpu_time:metric,Instances/X-1-10/X-n115-k10.vrp,11,,,
cpu_time:metric,Instances/X-1-10/X-n115-k10.vrp,12,,,
cpu_time:metric,Instances/X-1-10/X-n115-k10.vrp,13,,,
cpu_time:metric,Instances/X-1-10/X-n115-k10.vrp,14,,,
cpu_time:metric,Instances/X-1-10/X-n115-k10.vrp,15,,,
cpu_time:metric,Instances/X-1-10/X-n115-k10.vrp,16,,,
cpu_time:metric,Instances/X-1-10/X-n115-k10.vrp,17,,,
cpu_time:metric,Instances/X-1-10/X-n115-k10.vrp,18,,,
cpu_time:metric,Instances/X-1-10/X-n115-k10.vrp,19,,,
cpu_time:metric,Instances/X-1-10/X-n115-k10.vrp,20,,,
cpu_time:metric,Instances/X-1-10/X-n115-k10.vrp,21,,,
cpu_time:metric,Instances/X-1-10/X-n115-k10.vrp,22,,,
cpu_time:metric,Instances/X-1-10/X-n115-k10.vrp,23,,,
cpu_time:metric,Instances/X-1-10/X-n115-k10.vrp,24,,,
cpu_time:metric,Instances/X-1-10/X-n115-k10.vrp,25,,,
cpu_time:metric,Instances/X-1-10/X-n115-k10.vrp,26,,,
cpu_time:metric,Instances/X-1-10/X-n120-k6.vrp,1,,,
cpu_time:metric,Instances/X-1-10/X-n120-k6.vrp,2,,,
cpu_time:metric,Instances/X-1-10/X-n120-k6.vrp,3,,,
cpu_time:metric,Instances/X-1-10/X-n120-k6.vrp,4,,,
cpu_time:metric,Instances/X-1-10/X-n120-k6.vrp,5,,,
cpu_time:metric,Instances/X-1-10/X-n120-k6.vrp,6,,,
cpu_time:metric,Instances/X-1-10/X-n120-k6.vrp,7,,,
cpu_time:metric,Instances/X-1-10/X-n120-k6.vrp,8,,,
cpu_time:metric,Instances/X-1-10/X-n120-k6.vrp,9,,,
cpu_time:metric,Instances/X-1-10/X-n120-k6.vrp,10,,,
cpu_time:metric,Instances/X-1-10/X-n120-k6.vrp,11,,,
cpu_time:metric,Instances/X-1-10/X-n120-k6.vrp,12,,,
cpu_time:metric,Instances/X-1-10/X-n120-k6.vrp,13,,,
cpu_time:metric,Instances/X-1-10/X-n120-k6.vrp,14,,,
cpu_time:metric,Instances/X-1-10/X-n120-k6.vrp,15,,,
cpu_time:metric,Instances/X-1-10/X-n120-k6.vrp,16,,,
cpu_time:metric,Instances/X-1-10/X-n120-k6.vrp,17,,,
cpu_time:metric,Instances/X-1-10/X-n120-k6.vrp,18,,,
cpu_time:metric,Instances/X-1-10/X-n120-k6.vrp,19,,,
cpu_time:metric,Instances/X-1-10/X-n120-k6.vrp,20,,,
cpu_time:metric,Instances/X-1-10/X-n120-k6.vrp,21,,,
cpu_time:metric,Instances/X-1-10/X-n120-k6.vrp,22,,,
cpu_time:metric,Instances/X-1-10/X-n120-k6.vrp,23,,,
cpu_time:metric,Instances/X-1-10/X-n120-k6.vrp,24,,,
cpu_time:metric,Instances/X-1-10/X-n120-k6.vrp,25,,,
cpu_time:metric,Instances/X-1-10/X-n120-k6.vrp,26,,,
cpu_time:metric,Instances/X-1-10/X-n125-k30.vrp,1,,,
cpu_time:metric,Instances/X-1-10/X-n125-k30.vrp,2,,,
cpu_time:metric,Instances/X-1-10/X-n125-k30.vrp,3,,,
cpu_time:metric,Instances/X-1-10/X-n125-k30.vrp,4,,,
cpu_time:metric,Instances/X-1-10/X-n125-k30.vrp,5,,,
cpu_time:metric,Instances/X-1-10/X-n125-k30.vrp,6,,,
cpu_time:metric,Instances/X-1-10/X-n125-k30.vrp,7,,,
cpu_time:metric,Instances/X-1-10/X-n125-k30.vrp,8,,,
cpu_time:metric,Instances/X-1-10/X-n125-k30.vrp,9,,,
cpu_time:metric,Instances/X-1-10/X-n125-k30.vrp,10,,,
cpu_time:metric,Instances/X-1-10/X-n125-k30.vrp,11,,,
cpu_time:metric,Instances/X-1-10/X-n125-k30.vrp,12,,,
cpu_time:metric,Instances/X-1-10/X-n125-k30.vrp,13,,,
cpu_time:metric,Instances/X-1-10/X-n125-k30.vrp,14,,,
cpu_time:metric,Instances/X-1-10/X-n125-k30.vrp,15,,,
cpu_time:metric,Instances/X-1-10/X-n125-k30.vrp,16,,,
cpu_time:metric,Instances/X-1-10/X-n125-k30.vrp,17,,,
cpu_time:metric,Instances/X-1-10/X-n125-k30.vrp,18,,,
cpu_time:metric,Instances/X-1-10/X-n125-k30.vrp,19,,,
cpu_time:metric,Instances/X-1-10/X-n125-k30.vrp,20,,,
cpu_time:metric,Instances/X-1-10/X-n125-k30.vrp,21,,,
cpu_time:metric,Instances/X-1-10/X-n125-k30.vrp,22,,,
cpu_time:metric,Instances/X-1-10/X-n125-k30.vrp,23,,,
cpu_time:metric,Instances/X-1-10/X-n125-k30.vrp,24,,,
cpu_time:metric,Instances/X-1-10/X-n125-k30.vrp,25,,,
cpu_time:metric,Instances/X-1-10/X-n125-k30.vrp,26,,,
cpu_time:metric,Instances/X-1-10/X-n129-k18.vrp,1,,,
cpu_time:metric,Instances/X-1-10/X-n129-k18.vrp,2,,,
cpu_time:metric,Instances/X-1-10/X-n129-k18.vrp,3,,,
cpu_time:metric,Instances/X-1-10/X-n129-k18.vrp,4,,,
cpu_time:metric,Instances/X-1-10/X-n129-k18.vrp,5,,,
cpu_time:metric,Instances/X-1-10/X-n129-k18.vrp,6,,,
cpu_time:metric,Instances/X-1-10/X-n129-k18.vrp,7,,,
cpu_time:metric,Instances/X-1-10/X-n129-k18.vrp,8,,,
cpu_time:metric,Instances/X-1-10/X-n129-k18.vrp,9,,,
cpu_time:metric,Instances/X-1-10/X-n129-k18.vrp,10,,,
cpu_time:metric,Instances/X-1-10/X-n129-k18.vrp,11,,,
cpu_time:metric,Instances/X-1-10/X-n129-k18.vrp,12,,,
cpu_time:metric,Instances/X-1-10/X-n129-k18.vrp,13,,,
cpu_time:metric,Instances/X-1-10/X-n129-k18.vrp,14,,,
cpu_time:metric,Instances/X-1-10/X-n129-k18.vrp,15,,,
cpu_time:metric,Instances/X-1-10/X-n129-k18.vrp,16,,,
cpu_time:metric,Instances/X-1-10/X-n129-k18.vrp,17,,,
cpu_time:metric,Instances/X-1-10/X-n129-k18.vrp,18,,,
cpu_time:metric,Instances/X-1-10/X-n129-k18.vrp,19,,,
cpu_time:metric,Instances/X-1-10/X-n129-k18.vrp,20,,,
cpu_time:metric,Instances/X-1-10/X-n129-k18.vrp,21,,,
cpu_time:metric,Instances/X-1-10/X-n129-k18.vrp,22,,,
cpu_time:metric,Instances/X-1-10/X-n129-k18.vrp,23,,,
cpu_time:metric,Instances/X-1-10/X-n129-k18.vrp,24,,,
cpu_time:metric,Instances/X-1-10/X-n129-k18.vrp,25,,,
cpu_time:metric,Instances/X-1-10/X-n129-k18.vrp,26,,,
cpu_time:metric,Instances/X-1-10/X-n134-k13.vrp,1,,,
cpu_time:metric,Instances/X-1-10/X-n134-k13.vrp,2,,,
cpu_time:metric,Instances/X-1-10/X-n134-k13.vrp,3,,,
cpu_time:metric,Instances/X-1-10/X-n134-k13.vrp,4,,,
cpu_time:metric,Instances/X-1-10/X-n134-k13.vrp,5,,,
cpu_time:metric,Instances/X-1-10/X-n134-k13.vrp,6,,,
cpu_time:metric,Instances/X-1-10/X-n134-k13.vrp,7,,,
cpu_time:metric,Instances/X-1-10/X-n134-k13.vrp,8,,,
cpu_time:metric,Instances/X-1-10/X-n134-k13.vrp,9,,,
cpu_time:metric,Instances/X-1-10/X-n134-k13.vrp,10,,,
cpu_time:metric,Instances/X-1-10/X-n134-k13.vrp,11,,,
cpu_time:metric,Instances/X-1-10/X-n134-k13.vrp,12,,,
cpu_time:metric,Instances/X-1-10/X-n134-k13.vrp,13,,,
cpu_time:metric,Instances/X-1-10/X-n134-k13.vrp,14,,,
cpu_time:metric,Instances/X-1-10/X-n134-k13.vrp,15,,,
cpu_time:metric,Instances/X-1-10/X-n134-k13.vrp,16,,,
cpu_time:metric,Instances/X-1-10/X-n134-k13.vrp,17,,,
cpu_time:metric,Instances/X-1-10/X-n134-k13.vrp,18,,,
cpu_time:metric,Instances/X-1-10/X-n134-k13.vrp,19,,,
cpu_time:metric,Instances/X-1-10/X-n134-k13.vrp,20,,,
cpu_time:metric,Instances/X-1-10/X-n134-k13.vrp,21,,,
cpu_time:metric,Instances/X-1-10/X-n134-k13.vrp,22,,,
cpu_time:metric,Instances/X-1-10/X-n134-k13.vrp,23,,,
cpu_time:metric,Instances/X-1-10/X-n134-k13.vrp,24,,,
cpu_time:metric,Instances/X-1-10/X-n134-k13.vrp,25,,,
cpu_time:metric,Instances/X-1-10/X-n134-k13.vrp,26,,,
cpu_time:metric,Instances/X-1-10/X-n139-k10.vrp,1,,,
cpu_time:metric,Instances/X-1-10/X-n139-k10.vrp,2,,,
cpu_time:metric,Instances/X-1-10/X-n139-k10.vrp,3,,,
cpu_time:metric,Instances/X-1-10/X-n139-k10.vrp,4,,,
cpu_time:metric,Instances/X-1-10/X-n139-k10.vrp,5,,,
cpu_time:metric,Instances/X-1-10/X-n139-k10.vrp,6,,,
cpu_time:metric,Instances/X-1-10/X-n139-k10.vrp,7,,,
cpu_time:metric,Instances/X-1-10/X-n139-k10.vrp,8,,,
cpu_time:metric,Instances/X-1-10/X-n139-k10.vrp,9,,,
cpu_time:metric,Instances/X-1-10/X-n139-k10.vrp,10,,,
cpu_time:metric,Instances/X-1-10/X-n139-k10.vrp,11,,,
cpu_time:metric,Instances/X-1-10/X-n139-k10.vrp,12,,,
cpu_time:metric,Instances/X-1-10/X-n139-k10.vrp,13,,,
cpu_time:metric,Instances/X-1-10/X-n139-k10.vrp,14,,,
cpu_time:metric,Instances/X-1-10/X-n139-k10.vrp,15,,,
cpu_time:metric,Instances/X-1-10/X-n139-k10.vrp,16,,,
cpu_time:metric,Instances/X-1-10/X-n139-k10.vrp,17,,,
cpu_time:metric,Instances/X-1-10/X-n139-k10.vrp,18,,,
cpu_time:metric,Instances/X-1-10/X-n139-k10.vrp,19,,,
cpu_time:metric,Instances/X-1-10/X-n139-k10.vrp,20,,,
cpu_time:metric,Instances/X-1-10/X-n139-k10.vrp,21,,,
cpu_time:metric,Instances/X-1-10/X-n139-k10.vrp,22,,,
cpu_time:metric,Instances/X-1-10/X-n139-k10.vrp,23,,,
cpu_time:metric,Instances/X-1-10/X-n139-k10.vrp,24,,,
cpu_time:metric,Instances/X-1-10/X-n139-k10.vrp,25,,,
cpu_time:metric,Instances/X-1-10/X-n139-k10.vrp,26,,,
cpu_time:metric,Instances/X-1-10/X-n143-k7.vrp,1,,,
cpu_time:metric,Instances/X-1-10/X-n143-k7.vrp,2,,,
cpu_time:metric,Instances/X-1-10/X-n143-k7.vrp,3,,,
cpu_time:metric,Instances/X-1-10/X-n143-k7.vrp,4,,,
cpu_time:metric,Instances/X-1-10/X-n143-k7.vrp,5,,,
cpu_time:metric,Instances/X-1-10/X-n143-k7.vrp,6,,,
cpu_time:metric,Instances/X-1-10/X-n143-k7.vrp,7,,,
cpu_time:metric,Instances/X-1-10/X-n143-k7.vrp,8,,,
cpu_time:metric,Instances/X-1-10/X-n143-k7.vrp,9,,,
cpu_time:metric,Instances/X-1-10/X-n143-k7.vrp,10,,,
cpu_time:metric,Instances/X-1-10/X-n143-k7.vrp,11,,,
cpu_time:metric,Instances/X-1-10/X-n143-k7.vrp,12,,,
cpu_time:metric,Instances/X-1-10/X-n143-k7.vrp,13,,,
cpu_time:metric,Instances/X-1-10/X-n143-k7.vrp,14,,,
cpu_time:metric,Instances/X-1-10/X-n143-k7.vrp,15,,,
cpu_time:metric,Instances/X-1-10/X-n143-k7.vrp,16,,,
cpu_time:metric,Instances/X-1-10/X-n143-k7.vrp,17,,,
cpu_time:metric,Instances/X-1-10/X-n143-k7.vrp,18,,,
cpu_time:metric,Instances/X-1-10/X-n143-k7.vrp,19,,,
cpu_time:metric,Instances/X-1-10/X-n143-k7.vrp,20,,,
cpu_time:metric,Instances/X-1-10/X-n143-k7.vrp,21,,,
cpu_time:metric,Instances/X-1-10/X-n143-k7.vrp,22,,,
cpu_time:metric,Instances/X-1-10/X-n143-k7.vrp,23,,,
cpu_time:metric,Instances/X-1-10/X-n143-k7.vrp,24,,,
cpu_time:metric,Instances/X-1-10/X-n143-k7.vrp,25,,,
cpu_time:metric,Instances/X-1-10/X-n143-k7.vrp,26,,,
cpu_time:metric,Instances/X-11-20/X-n148-k46.vrp,1,,,
cpu_time:metric,Instances/X-11-20/X-n148-k46.vrp,2,,,
cpu_time:metric,Instances/X-11-20/X-n153-k22.vrp,1,,,
cpu_time:metric,Instances/X-11-20/X-n153-k22.vrp,2,,,
cpu_time:metric,Instances/X-11-20/X-n157-k13.vrp,1,,,
cpu_time:metric,Instances/X-11-20/X-n157-k13.vrp,2,,,
cpu_time:metric,Instances/X-11-20/X-n162-k11.vrp,1,,,
cpu_time:metric,Instances/X-11-20/X-n162-k11.vrp,2,,,
cpu_time:metric,Instances/X-11-20/X-n167-k10.vrp,1,,,
cpu_time:metric,Instances/X-11-20/X-n167-k10.vrp,2,,,
cpu_time:metric,Instances/X-11-20/X-n172-k51.vrp,1,,,
cpu_time:metric,Instances/X-11-20/X-n172-k51.vrp,2,,,
cpu_time:metric,Instances/X-11-20/X-n176-k26.vrp,1,,,
cpu_time:metric,Instances/X-11-20/X-n176-k26.vrp,2,,,
cpu_time:metric,Instances/X-11-20/X-n181-k23.vrp,1,,,
cpu_time:metric,Instances/X-11-20/X-n181-k23.vrp,2,,,
cpu_time:metric,Instances/X-11-20/X-n186-k15.vrp,1,,,
cpu_time:metric,Instances/X-11-20/X-n186-k15.vrp,2,,,
cpu_time:metric,Instances/X-11-20/X-n190-k8.vrp,1,,,
cpu_time:metric,Instances/X-11-20/X-n190-k8.vrp,2,,,
memory:metric,Instances/X-1-10/X-n101-k25.vrp,1,,,
memory:metric,Instances/X-1-10/X-n101-k25.vrp,2,,,
memory:metric,Instances/X-1-10/X-n101-k25.vrp,3,,,
memory:metric,Instances/X-1-10/X-n101-k25.vrp,4,,,
memory:metric,Instances/X-1-10/X-n101-k25.vrp,5,,,
memory:metric,Instances/X-1-10/X-n101-k25.vrp,6,,,
memory:metric,Instances/X-1-10/X-n101-k25.vrp,7,,,
memory:metric,Instances/X-1-10/X-n101-k25.vrp,8,,,
memory:metric,Instances/X-1-10/X-n101-k25.vrp,9,,,
memory:metric,Instances/X-1-10/X-n101-k25.vrp,10,,,
memory:metric,Instances/X-1-10/X-n101-k25.vrp,11,,,
memory:metric,Instances/X-1-10/X-n101-k25.vrp,12,,,
memory:metric,Instances/X-1-10/X-n101-k25.vrp,13,,,
memory:metric,Instances/X-1-10/X-n101-k25.vrp,14,,,
memory:metric,Instances/X-1-10/X-n101-k25.vrp,15,,,
memory:metric,Instances/X-1-10/X-n101-k25.vrp,16,,,
memory:metric,Instances/X-1-10/X-n101-k25.vrp,17,,,
memory:metric,Instances/X-1-10/X-n101-k25.vrp,18,,,
memory:metric,Instances/X-1-10/X-n101-k25.vrp,19,,,
memory:metric,Instances/X-1-10/X-n101-k25.vrp,20,,,
memory:metric,Instances/X-1-10/X-n101-k25.vrp,21,,,
memory:metric,Instances/X-1-10/X-n101-k25.vrp,22,,,
memory:metric,Instances/X-1-10/X-n101-k25.vrp,23,,,
memory:metric,Instances/X-1-10/X-n101-k25.vrp,24,,,
memory:metric,Instances/X-1-10/X-n101-k25.vrp,25,,,
memory:metric,Instances/X-1-10/X-n101-k25.vrp,26,,,
memory:metric,Instances/X-1-10/X-n106-k14.vrp,1,,,
memory:metric,Instances/X-1-10/X-n106-k14.vrp,2,,,
memory:metric,Instances/X-1-10/X-n106-k14.vrp,3,,,
memory:metric,Instances/X-1-10/X-n106-k14.vrp,4,,,
memory:metric,Instances/X-1-10/X-n106-k14.vrp,5,,,
memory:metric,Instances/X-1-10/X-n106-k14.vrp,6,,,
memory:metric,Instances/X-1-10/X-n106-k14.vrp,7,,,
memory:metric,Instances/X-1-10/X-n106-k14.vrp,8,,,
memory:metric,Instances/X-1-10/X-n106-k14.vrp,9,,,
memory:metric,Instances/X-1-10/X-n106-k14.vrp,10,,,
memory:metric,Instances/X-1-10/X-n106-k14.vrp,11,,,
memory:metric,Instances/X-1-10/X-n106-k14.vrp,12,,,
memory:metric,Instances/X-1-10/X-n106-k14.vrp,13,,,
memory:metric,Instances/X-1-10/X-n106-k14.vrp,14,,,
memory:metric,Instances/X-1-10/X-n106-k14.vrp,15,,,
memory:metric,Instances/X-1-10/X-n106-k14.vrp,16,,,
memory:metric,Instances/X-1-10/X-n106-k14.vrp,17,,,
memory:metric,Instances/X-1-10/X-n106-k14.vrp,18,,,
memory:metric,Instances/X-1-10/X-n106-k14.vrp,19,,,
memory:metric,Instances/X-1-10/X-n106-k14.vrp,20,,,
memory:metric,Instances/X-1-10/X-n106-k14.vrp,21,,,
memory:metric,Instances/X-1-10/X-n106-k14.vrp,22,,,
memory:metric,Instances/X-1-10/X-n106-k14.vrp,23,,,
memory:metric,Instances/X-1-10/X-n106-k14.vrp,24,,,
memory:metric,Instances/X-1-10/X-n106-k14.vrp,25,,,
memory:metric,Instances/X-1-10/X-n106-k14.vrp,26,,,
memory:metric,Instances/X-1-10/X-n110-k13.vrp,1,,,
memory:metric,Instances/X-1-10/X-n110-k13.vrp,2,,,
memory:metric,Instances/X-1-10/X-n110-k13.vrp,3,,,
memory:metric,Instances/X-1-10/X-n110-k13.vrp,4,,,
memory:metric,Instances/X-1-10/X-n110-k13.vrp,5,,,
memory:metric,Instances/X-1-10/X-n110-k13.vrp,6,,,
memory:metric,Instances/X-1-10/X-n110-k13.vrp,7,,,
memory:metric,Instances/X-1-10/X-n110-k13.vrp,8,,,
memory:metric,Instances/X-1-10/X-n110-k13.vrp,9,,,
memory:metric,Instances/X-1-10/X-n110-k13.vrp,10,,,
memory:metric,Instances/X-1-10/X-n110-k13.vrp,11,,,
memory:metric,Instances/X-1-10/X-n110-k13.vrp,12,,,
memory:metric,Instances/X-1-10/X-n110-k13.vrp,13,,,
memory:metric,Instances/X-1-10/X-n110-k13.vrp,14,,,
memory:metric,Instances/X-1-10/X-n110-k13.vrp,15,,,
memory:metric,Instances/X-1-10/X-n110-k13.vrp,16,,,
memory:metric,Instances/X-1-10/X-n110-k13.vrp,17,,,
memory:metric,Instances/X-1-10/X-n110-k13.vrp,18,,,
memory:metric,Instances/X-1-10/X-n110-k13.vrp,19,,,
memory:metric,Instances/X-1-10/X-n110-k13.vrp,20,,,
memory:metric,Instances/X-1-10/X-n110-k13.vrp,21,,,
memory:metric,Instances/X-1-10/X-n110-k13.vrp,22,,,
memory:metric,Instances/X-1-10/X-n110-k13.vrp,23,,,
memory:metric,Instances/X-1-10/X-n110-k13.vrp,24,,,
memory:metric,Instances/X-1-10/X-n110-k13.vrp,25,,,
memory:metric,Instances/X-1-10/X-n110-k13.vrp,26,,,
memory:metric,Instances/X-1-10/X-n115-k10.vrp,1,,,
memory:metric,Instances/X-1-10/X-n115-k10.vrp,2,,,
memory:metric,Instances/X-1-10/X-n115-k10.vrp,3,,,
memory:metric,Instances/X-1-10/X-n115-k10.vrp,4,,,
memory:metric,Instances/X-1-10/X-n115-k10.vrp,5,,,
memory:metric,Instances/X-1-10/X-n115-k10.vrp,6,,,
memory:metric,Instances/X-1-10/X-n115-k10.vrp,7,,,
memory:metric,Instances/X-1-10/X-n115-k10.vrp,8,,,
memory:metric,Instances/X-1-10/X-n115-k10.vrp,9,,,
memory:metric,Instances/X-1-10/X-n115-k10.vrp,10,,,
memory:metric,Instances/X-1-10/X-n115-k10.vrp,11,,,
memory:metric,Instances/X-1-10/X-n115-k10.vrp,12,,,
memory:metric,Instances/X-1-10/X-n115-k10.vrp,13,,,
memory:metric,Instances/X-1-10/X-n115-k10.vrp,14,,,
memory:metric,Instances/X-1-10/X-n115-k10.vrp,15,,,
memory:metric,Instances/X-1-10/X-n115-k10.vrp,16,,,
memory:metric,Instances/X-1-10/X-n115-k10.vrp,17,,,
memory:metric,Instances/X-1-10/X-n115-k10.vrp,18,,,
memory:metric,Instances/X-1-10/X-n115-k10.vrp,19,,,
memory:metric,Instances/X-1-10/X-n115-k10.vrp,20,,,
memory:metric,Instances/X-1-10/X-n115-k10.vrp,21,,,
memory:metric,Instances/X-1-10/X-n115-k10.vrp,22,,,
memory:metric,Instances/X-1-10/X-n115-k10.vrp,23,,,
memory:metric,Instances/X-1-10/X-n115-k10.vrp,24,,,
memory:metric,Instances/X-1-10/X-n115-k10.vrp,25,,,
memory:metric,Instances/X-1-10/X-n115-k10.vrp,26,,,
memory:metric,Instances/X-1-10/X-n120-k6.vrp,1,,,
memory:metric,Instances/X-1-10/X-n120-k6.vrp,2,,,
memory:metric,Instances/X-1-10/X-n120-k6.vrp,3,,,
memory:metric,Instances/X-1-10/X-n120-k6.vrp,4,,,
memory:metric,Instances/X-1-10/X-n120-k6.vrp,5,,,
memory:metric,Instances/X-1-10/X-n120-k6.vrp,6,,,
memory:metric,Instances/X-1-10/X-n120-k6.vrp,7,,,
memory:metric,Instances/X-1-10/X-n120-k6.vrp,8,,,
memory:metric,Instances/X-1-10/X-n120-k6.vrp,9,,,
memory:metric,Instances/X-1-10/X-n120-k6.vrp,10,,,
memory:metric,Instances/X-1-10/X-n120-k6.vrp,11,,,
memory:metric,Instances/X-1-10/X-n120-k6.vrp,12,,,
memory:metric,Instances/X-1-10/X-n120-k6.vrp,13,,,
memory:metric,Instances/X-1-10/X-n120-k6.vrp,14,,,
memory:metric,Instances/X-1-10/X-n120-k6.vrp,15,,,
memory:metric,Instances/X-1-10/X-n120-k6.vrp,16,,,
memory:metric,Instances/X-1-10/X-n120-k6.vrp,17,,,
memory:metric,Instances/X-1-10/X-n120-k6.vrp,18,,,
memory:metric,Instances/X-1-10/X-n120-k6.vrp,19,,,
memory:metric,Instances/X-1-10/X-n120-k6.vrp,20,,,
memory:metric,Instances/X-1-10/X-n120-k6.vrp,21,,,
memory:metric,Instances/X-1-10/X-n120-k6.vrp,22,,,
memory:metric,Instances/X-1-10/X-n120-k6.vrp,23,,,
memory:metric,Instances/X-1-10/X-n120-k6.vrp,24,,,
memory:metric,Instances/X-1-10/X-n120-k6.vrp,25,,,
memory:metric,Instances/X-1-10/X-n120-k6.vrp,26,,,
memory:metric,Instances/X-1-10/X-n125-k30.vrp,1,,,
memory:metric,Instances/X-1-10/X-n125-k30.vrp,2,,,
memory:metric,Instances/X-1-10/X-n125-k30.vrp,3,,,
memory:metric,Instances/X-1-10/X-n125-k30.vrp,4,,,
memory:metric,Instances/X-1-10/X-n125-k30.vrp,5,,,
memory:metric,Instances/X-1-10/X-n125-k30.vrp,6,,,
memory:metric,Instances/X-1-10/X-n125-k30.vrp,7,,,
memory:metric,Instances/X-1-10/X-n125-k30.vrp,8,,,
memory:metric,Instances/X-1-10/X-n125-k30.vrp,9,,,
memory:metric,Instances/X-1-10/X-n125-k30.vrp,10,,,
memory:metric,Instances/X-1-10/X-n125-k30.vrp,11,,,
memory:metric,Instances/X-1-10/X-n125-k30.vrp,12,,,
memory:metric,Instances/X-1-10/X-n125-k30.vrp,13,,,
memory:metric,Instances/X-1-10/X-n125-k30.vrp,14,,,
memory:metric,Instances/X-1-10/X-n125-k30.vrp,15,,,
memory:metric,Instances/X-1-10/X-n125-k30.vrp,16,,,
memory:metric,Instances/X-1-10/X-n125-k30.vrp,17,,,
memory:metric,Instances/X-1-10/X-n125-k30.vrp,18,,,
memory:metric,Instances/X-1-10/X-n125-k30.vrp,19,,,
memory:metric,Instances/X-1-10/X-n125-k30.vrp,20,,,
memory:metric,Instances/X-1-10/X-n125-k30.vrp,21,,,
memory:metric,Instances/X-1-10/X-n125-k30.vrp,22,,,
memory:metric,Instances/X-1-10/X-n125-k30.vrp,23,,,
memory:metric,Instances/X-1-10/X-n125-k30.vrp,24,,,
memory:metric,Instances/X-1-10/X-n125-k30.vrp,25,,,
memory:metric,Instances/X-1-10/X-n125-k30.vrp,26,,,
memory:metric,Instances/X-1-10/X-n129-k18.vrp,1,,,
memory:metric,Instances/X-1-10/X-n129-k18.vrp,2,,,
memory:metric,Instances/X-1-10/X-n129-k18.vrp,3,,,
memory:metric,Instances/X-1-10/X-n129-k18.vrp,4,,,
memory:metric,Instances/X-1-10/X-n129-k18.vrp,5,,,
memory:metric,Instances/X-1-10/X-n129-k18.vrp,6,,,
memory:metric,Instances/X-1-10/X-n129-k18.vrp,7,,,
memory:metric,Instances/X-1-10/X-n129-k18.vrp,8,,,
memory:metric,Instances/X-1-10/X-n129-k18.vrp,9,,,
memory:metric,Instances/X-1-10/X-n129-k18.vrp,10,,,
memory:metric,Instances/X-1-10/X-n129-k18.vrp,11,,,
memory:metric,Instances/X-1-10/X-n129-k18.vrp,12,,,
memory:metric,Instances/X-1-10/X-n129-k18.vrp,13,,,
memory:metric,Instances/X-1-10/X-n129-k18.vrp,14,,,
memory:metric,Instances/X-1-10/X-n129-k18.vrp,15,,,
memory:metric,Instances/X-1-10/X-n129-k18.vrp,16,,,
memory:metric,Instances/X-1-10/X-n129-k18.vrp,17,,,
memory:metric,Instances/X-1-10/X-n129-k18.vrp,18,,,
memory:metric,Instances/X-1-10/X-n129-k18.vrp,19,,,
memory:metric,Instances/X-1-10/X-n129-k18.vrp,20,,,
memory:metric,Instances/X-1-10/X-n129-k18.vrp,21,,,
memory:metric,Instances/X-1-10/X-n129-k18.vrp,22,,,
memory:metric,Instances/X-1-10/X-n129-k18.vrp,23,,,
memory:metric,Instances/X-1-10/X-n129-k18.vrp,24,,,
memory:metric,Instances/X-1-10/X-n129-k18.vrp,25,,,
memory:metric,Instances/X-1-10/X-n129-k18.vrp,26,,,
memory:metric,Instances/X-1-10/X-n134-k13.vrp,1,,,
memory:metric,Instances/X-1-10/X-n134-k13.vrp,2,,,
memory:metric,Instances/X-1-10/X-n134-k13.vrp,3,,,
memory:metric,Instances/X-1-10/X-n134-k13.vrp,4,,,
memory:metric,Instances/X-1-10/X-n134-k13.vrp,5,,,
memory:metric,Instances/X-1-10/X-n134-k13.vrp,6,,,
memory:metric,Instances/X-1-10/X-n134-k13.vrp,7,,,
memory:metric,Instances/X-1-10/X-n134-k13.vrp,8,,,
memory:metric,Instances/X-1-10/X-n134-k13.vrp,9,,,
memory:metric,Instances/X-1-10/X-n134-k13.vrp,10,,,
memory:metric,Instances/X-1-10/X-n134-k13.vrp,11,,,
memory:metric,Instances/X-1-10/X-n134-k13.vrp,12,,,
memory:metric,Instances/X-1-10/X-n134-k13.vrp,13,,,
memory:metric,Instances/X-1-10/X-n134-k13.vrp,14,,,
memory:metric,Instances/X-1-10/X-n134-k13.vrp,15,,,
memory:metric,Instances/X-1-10/X-n134-k13.vrp,16,,,
memory:metric,Instances/X-1-10/X-n134-k13.vrp,17,,,
memory:metric,Instances/X-1-10/X-n134-k13.vrp,18,,,
memory:metric,Instances/X-1-10/X-n134-k13.vrp,19,,,
memory:metric,Instances/X-1-10/X-n134-k13.vrp,20,,,
memory:metric,Instances/X-1-10/X-n134-k13.vrp,21,,,
memory:metric,Instances/X-1-10/X-n134-k13.vrp,22,,,
memory:metric,Instances/X-1-10/X-n134-k13.vrp,23,,,
memory:metric,Instances/X-1-10/X-n134-k13.vrp,24,,,
memory:metric,Instances/X-1-10/X-n134-k13.vrp,25,,,
memory:metric,Instances/X-1-10/X-n134-k13.vrp,26,,,
memory:metric,Instances/X-1-10/X-n139-k10.vrp,1,,,
memory:metric,Instances/X-1-10/X-n139-k10.vrp,2,,,
memory:metric,Instances/X-1-10/X-n139-k10.vrp,3,,,
memory:metric,Instances/X-1-10/X-n139-k10.vrp,4,,,
memory:metric,Instances/X-1-10/X-n139-k10.vrp,5,,,
memory:metric,Instances/X-1-10/X-n139-k10.vrp,6,,,
memory:metric,Instances/X-1-10/X-n139-k10.vrp,7,,,
memory:metric,Instances/X-1-10/X-n139-k10.vrp,8,,,
memory:metric,Instances/X-1-10/X-n139-k10.vrp,9,,,
memory:metric,Instances/X-1-10/X-n139-k10.vrp,10,,,
memory:metric,Instances/X-1-10/X-n139-k10.vrp,11,,,
memory:metric,Instances/X-1-10/X-n139-k10.vrp,12,,,
memory:metric,Instances/X-1-10/X-n139-k10.vrp,13,,,
memory:metric,Instances/X-1-10/X-n139-k10.vrp,14,,,
memory:metric,Instances/X-1-10/X-n139-k10.vrp,15,,,
memory:metric,Instances/X-1-10/X-n139-k10.vrp,16,,,
memory:metric,Instances/X-1-10/X-n139-k10.vrp,17,,,
memory:metric,Instances/X-1-10/X-n139-k10.vrp,18,,,
memory:metric,Instances/X-1-10/X-n139-k10.vrp,19,,,
memory:metric,Instances/X-1-10/X-n139-k10.vrp,20,,,
memory:metric,Instances/X-1-10/X-n139-k10.vrp,21,,,
memory:metric,Instances/X-1-10/X-n139-k10.vrp,22,,,
memory:metric,Instances/X-1-10/X-n139-k10.vrp,23,,,
memory:metric,Instances/X-1-10/X-n139-k10.vrp,24,,,
memory:metric,Instances/X-1-10/X-n139-k10.vrp,25,,,
memory:metric,Instances/X-1-10/X-n139-k10.vrp,26,,,
memory:metric,Instances/X-1-10/X-n143-k7.vrp,1,,,
memory:metric,Instances/X-1-10/X-n143-k7.vrp,2,,,
memory:metric,Instances/X-1-10/X-n143-k7.vrp,3,,,
memory:metric,Instances/X-1-10/X-n143-k7.vrp,4,,,
memory:metric,Instances/X-1-10/X-n143-k7.vrp,5,,,
memory:metric,Instances/X-1-10/X-n143-k7.vrp,6,,,
memory:metric,Instances/X-1-10/X-n143-k7.vrp,7,,,
memory:metric,Instances/X-1-10/X-n143-k7.vrp,8,,,
memory:metric,Instances/X-1-10/X-n143-k7.vrp,9,,,
memory:metric,Instances/X-1-10/X-n143-k7.vrp,10,,,
memory:metric,Instances/X-1-10/X-n143-k7.vrp,11,,,
memory:metric,Instances/X-1-10/X-n143-k7.vrp,12,,,
memory:metric,Instances/X-1-10/X-n143-k7.vrp,13,,,
memory:metric,Instances/X-1-10/X-n143-k7.vrp,14,,,
memory:metric,Instances/X-1-10/X-n143-k7.vrp,15,,,
memory:metric,Instances/X-1-10/X-n143-k7.vrp,16,,,
memory:metric,Instances/X-1-10/X-n143-k7.vrp,17,,,
memory:metric,Instances/X-1-10/X-n143-k7.vrp,18,,,
memory:metric,Instances/X-1-10/X-n143-k7.vrp,19,,,
memory:metric,Instances/X-1-10/X-n143-k7.vrp,20,,,
memory:metric,Instances/X-1-10/X-n143-k7.vrp,21,,,
memory:metric,Instances/X-1-10/X-n143-k7.vrp,22,,,
memory:metric,Instances/X-1-10/X-n143-k7.vrp,23,,,
memory:metric,Instances/X-1-10/X-n143-k7.vrp,24,,,
memory:metric,Instances/X-1-10/X-n143-k7.vrp,25,,,
memory:metric,Instances/X-1-10/X-n143-k7.vrp,26,,,
memory:metric,Instances/X-11-20/X-n148-k46.vrp,1,,,
memory:metric,Instances/X-11-20/X-n148-k46.vrp,2,,,
memory:metric,Instances/X-11-20/X-n153-k22.vrp,1,,,
memory:metric,Instances/X-11-20/X-n153-k22.vrp,2,,,
memory:metric,Instances/X-11-20/X-n157-k13.vrp,1,,,
memory:metric,Instances/X-11-20/X-n157-k13.vrp,2,,,
memory:metric,Instances/X-11-20/X-n162-k11.vrp,1,,,
memory:metric,Instances/X-11-20/X-n162-k11.vrp,2,,,
memory:metric,Instances/X-11-20/X-n167-k10.vrp,1,,,
memory:metric,Instances/X-11-20/X-n167-k10.vrp,2,,,
memory:metric,Instances/X-11-20/X-n172-k51.vrp,1,,,
memory:metric,Instances/X-11-20/X-n172-k51.vrp,2,,,
memory:metric,Instances/X-11-20/X-n176-k26.vrp,1,,,
memory:metric,Instances/X-11-20/X-n176-k26.vrp,2,,,
memory:metric,Instances/X-11-20/X-n181-k23.vrp,1,,,
memory:metric,Instances/X-11-20/X-n181-k23.vrp,2,,,
memory:metric,Instances/X-11-20/X-n186-k15.vrp,1,,,
memory:metric,Instances/X-11-20/X-n186-k15.vrp,2,,,
memory:metric,Instances/X-11-20/X-n190-k8.vrp,1,,,
memory:metric,Instances/X-11-20/X-n190-k8.vrp,2,,,
quality,Instances/X-1-10/X-n101-k25.vrp,1,,,
quality,Instances/X-1-10/X-n101-k25.vrp,2,,,
quality,Instances/X-1-10/X-n101-k25.vrp,3,,,
quality,Instances/X-1-10/X-n101-k25.vrp,4,,,
quality,Instances/X-1-10/X-n101-k25.vrp,5,,,
quality,Instances/X-1-10/X-n101-k25.vrp,6,,,
quality,Instances/X-1-10/X-n101-k25.vrp,7,,,
quality,Instances/X-1-10/X-n101-k25.vrp,8,,,
quality,Instances/X-1-10/X-n101-k25.vrp,9,,,
quality,Instances/X-1-10/X-n101-k25.vrp,10,,,
quality,Instances/X-1-10/X-n101-k25.vrp,11,,,
quality,Instances/X-1-10/X-n101-k25.vrp,12,,,
quality,Instances/X-1-10/X-n101-k25.vrp,13,,,
quality,Instances/X-1-10/X-n101-k25.vrp,14,,,
quality,Instances/X-1-10/X-n101-k25.vrp,15,,,
quality,Instances/X-1-10/X-n101-k25.vrp,16,,,
quality,Instances/X-1-10/X-n101-k25.vrp,17,,,
quality,Instances/X-1-10/X-n101-k25.vrp,18,,,
quality,Instances/X-1-10/X-n101-k25.vrp,19,,,
quality,Instances/X-1-10/X-n101-k25.vrp,20,,,
quality,Instances/X-1-10/X-n101-k25.vrp,21,,,
quality,Instances/X-1-10/X-n101-k25.vrp,22,,,
quality,Instances/X-1-10/X-n101-k25.vrp,23,,,
quality,Instances/X-1-10/X-n101-k25.vrp,24,,,
quality,Instances/X-1-10/X-n101-k25.vrp,25,,,
quality,Instances/X-1-10/X-n101-k25.vrp,26,,,
quality,Instances/X-1-10/X-n106-k14.vrp,1,,,
quality,Instances/X-1-10/X-n106-k14.vrp,2,,,
quality,Instances/X-1-10/X-n106-k14.vrp,3,,,
quality,Instances/X-1-10/X-n106-k14.vrp,4,,,
quality,Instances/X-1-10/X-n106-k14.vrp,5,,,
quality,Instances/X-1-10/X-n106-k14.vrp,6,,,
quality,Instances/X-1-10/X-n106-k14.vrp,7,,,
quality,Instances/X-1-10/X-n106-k14.vrp,8,,,
quality,Instances/X-1-10/X-n106-k14.vrp,9,,,
quality,Instances/X-1-10/X-n106-k14.vrp,10,,,
quality,Instances/X-1-10/X-n106-k14.vrp,11,,,
quality,Instances/X-1-10/X-n106-k14.vrp,12,,,
quality,Instances/X-1-10/X-n106-k14.vrp,13,,,
quality,Instances/X-1-10/X-n106-k14.vrp,14,,,
quality,Instances/X-1-10/X-n106-k14.vrp,15,,,
quality,Instances/X-1-10/X-n106-k14.vrp,16,,,
quality,Instances/X-1-10/X-n106-k14.vrp,17,,,
quality,Instances/X-1-10/X-n106-k14.vrp,18,,,
quality,Instances/X-1-10/X-n106-k14.vrp,19,,,
quality,Instances/X-1-10/X-n106-k14.vrp,20,,,
quality,Instances/X-1-10/X-n106-k14.vrp,21,,,
quality,Instances/X-1-10/X-n106-k14.vrp,22,,,
quality,Instances/X-1-10/X-n106-k14.vrp,23,,,
quality,Instances/X-1-10/X-n106-k14.vrp,24,,,
quality,Instances/X-1-10/X-n106-k14.vrp,25,,,
quality,Instances/X-1-10/X-n106-k14.vrp,26,,,
quality,Instances/X-1-10/X-n110-k13.vrp,1,,,
quality,Instances/X-1-10/X-n110-k13.vrp,2,,,
quality,Instances/X-1-10/X-n110-k13.vrp,3,,,
quality,Instances/X-1-10/X-n110-k13.vrp,4,,,
quality,Instances/X-1-10/X-n110-k13.vrp,5,,,
quality,Instances/X-1-10/X-n110-k13.vrp,6,,,
quality,Instances/X-1-10/X-n110-k13.vrp,7,,,
quality,Instances/X-1-10/X-n110-k13.vrp,8,,,
quality,Instances/X-1-10/X-n110-k13.vrp,9,,,
quality,Instances/X-1-10/X-n110-k13.vrp,10,,,
quality,Instances/X-1-10/X-n110-k13.vrp,11,,,
quality,Instances/X-1-10/X-n110-k13.vrp,12,,,
quality,Instances/X-1-10/X-n110-k13.vrp,13,,,
quality,Instances/X-1-10/X-n110-k13.vrp,14,,,
quality,Instances/X-1-10/X-n110-k13.vrp,15,,,
quality,Instances/X-1-10/X-n110-k13.vrp,16,,,
quality,Instances/X-1-10/X-n110-k13.vrp,17,,,
quality,Instances/X-1-10/X-n110-k13.vrp,18,,,
quality,Instances/X-1-10/X-n110-k13.vrp,19,,,
quality,Instances/X-1-10/X-n110-k13.vrp,20,,,
quality,Instances/X-1-10/X-n110-k13.vrp,21,,,
quality,Instances/X-1-10/X-n110-k13.vrp,22,,,
quality,Instances/X-1-10/X-n110-k13.vrp,23,,,
quality,Instances/X-1-10/X-n110-k13.vrp,24,,,
quality,Instances/X-1-10/X-n110-k13.vrp,25,,,
quality,Instances/X-1-10/X-n110-k13.vrp,26,,,
quality,Instances/X-1-10/X-n115-k10.vrp,1,,,
quality,Instances/X-1-10/X-n115-k10.vrp,2,,,
quality,Instances/X-1-10/X-n115-k10.vrp,3,,,
quality,Instances/X-1-10/X-n115-k10.vrp,4,,,
quality,Instances/X-1-10/X-n115-k10.vrp,5,,,
quality,Instances/X-1-10/X-n115-k10.vrp,6,,,
quality,Instances/X-1-10/X-n115-k10.vrp,7,,,
quality,Instances/X-1-10/X-n115-k10.vrp,8,,,
quality,Instances/X-1-10/X-n115-k10.vrp,9,,,
quality,Instances/X-1-10/X-n115-k10.vrp,10,,,
quality,Instances/X-1-10/X-n115-k10.vrp,11,,,
quality,Instances/X-1-10/X-n115-k10.vrp,12,,,
quality,Instances/X-1-10/X-n115-k10.vrp,13,,,
quality,Instances/X-1-10/X-n115-k10.vrp,14,,,
quality,Instances/X-1-10/X-n115-k10.vrp,15,,,
quality,Instances/X-1-10/X-n115-k10.vrp,16,,,
quality,Instances/X-1-10/X-n115-k10.vrp,17,,,
quality,Instances/X-1-10/X-n115-k10.vrp,18,,,
quality,Instances/X-1-10/X-n115-k10.vrp,19,,,
quality,Instances/X-1-10/X-n115-k10.vrp,20,,,
quality,Instances/X-1-10/X-n115-k10.vrp,21,,,
quality,Instances/X-1-10/X-n115-k10.vrp,22,,,
quality,Instances/X-1-10/X-n115-k10.vrp,23,,,
quality,Instances/X-1-10/X-n115-k10.vrp,24,,,
quality,Instances/X-1-10/X-n115-k10.vrp,25,,,
quality,Instances/X-1-10/X-n115-k10.vrp,26,,,
quality,Instances/X-1-10/X-n120-k6.vrp,1,,,
quality,Instances/X-1-10/X-n120-k6.vrp,2,,,
quality,Instances/X-1-10/X-n120-k6.vrp,3,,,
quality,Instances/X-1-10/X-n120-k6.vrp,4,,,
quality,Instances/X-1-10/X-n120-k6.vrp,5,,,
quality,Instances/X-1-10/X-n120-k6.vrp,6,,,
quality,Instances/X-1-10/X-n120-k6.vrp,7,,,
quality,Instances/X-1-10/X-n120-k6.vrp,8,,,
quality,Instances/X-1-10/X-n120-k6.vrp,9,,,
quality,Instances/X-1-10/X-n120-k6.vrp,10,,,
quality,Instances/X-1-10/X-n120-k6.vrp,11,,,
quality,Instances/X-1-10/X-n120-k6.vrp,12,,,
quality,Instances/X-1-10/X-n120-k6.vrp,13,,,
quality,Instances/X-1-10/X-n120-k6.vrp,14,,,
quality,Instances/X-1-10/X-n120-k6.vrp,15,,,
quality,Instances/X-1-10/X-n120-k6.vrp,16,,,
quality,Instances/X-1-10/X-n120-k6.vrp,17,,,
quality,Instances/X-1-10/X-n120-k6.vrp,18,,,
quality,Instances/X-1-10/X-n120-k6.vrp,19,,,
quality,Instances/X-1-10/X-n120-k6.vrp,20,,,
quality,Instances/X-1-10/X-n120-k6.vrp,21,,,
quality,Instances/X-1-10/X-n120-k6.vrp,22,,,
quality,Instances/X-1-10/X-n120-k6.vrp,23,,,
quality,Instances/X-1-10/X-n120-k6.vrp,24,,,
quality,Instances/X-1-10/X-n120-k6.vrp,25,,,
quality,Instances/X-1-10/X-n120-k6.vrp,26,,,
quality,Instances/X-1-10/X-n125-k30.vrp,1,,,
quality,Instances/X-1-10/X-n125-k30.vrp,2,,,
quality,Instances/X-1-10/X-n125-k30.vrp,3,,,
quality,Instances/X-1-10/X-n125-k30.vrp,4,,,
quality,Instances/X-1-10/X-n125-k30.vrp,5,,,
quality,Instances/X-1-10/X-n125-k30.vrp,6,,,
quality,Instances/X-1-10/X-n125-k30.vrp,7,,,
quality,Instances/X-1-10/X-n125-k30.vrp,8,,,
quality,Instances/X-1-10/X-n125-k30.vrp,9,,,
quality,Instances/X-1-10/X-n125-k30.vrp,10,,,
quality,Instances/X-1-10/X-n125-k30.vrp,11,,,
quality,Instances/X-1-10/X-n125-k30.vrp,12,,,
quality,Instances/X-1-10/X-n125-k30.vrp,13,,,
quality,Instances/X-1-10/X-n125-k30.vrp,14,,,
quality,Instances/X-1-10/X-n125-k30.vrp,15,,,
quality,Instances/X-1-10/X-n125-k30.vrp,16,,,
quality,Instances/X-1-10/X-n125-k30.vrp,17,,,
quality,Instances/X-1-10/X-n125-k30.vrp,18,,,
quality,Instances/X-1-10/X-n125-k30.vrp,19,,,
quality,Instances/X-1-10/X-n125-k30.vrp,20,,,
quality,Instances/X-1-10/X-n125-k30.vrp,21,,,
quality,Instances/X-1-10/X-n125-k30.vrp,22,,,
quality,Instances/X-1-10/X-n125-k30.vrp,23,,,
quality,Instances/X-1-10/X-n125-k30.vrp,24,,,
quality,Instances/X-1-10/X-n125-k30.vrp,25,,,
quality,Instances/X-1-10/X-n125-k30.vrp,26,,,
quality,Instances/X-1-10/X-n129-k18.vrp,1,,,
quality,Instances/X-1-10/X-n129-k18.vrp,2,,,
quality,Instances/X-1-10/X-n129-k18.vrp,3,,,
quality,Instances/X-1-10/X-n129-k18.vrp,4,,,
quality,Instances/X-1-10/X-n129-k18.vrp,5,,,
quality,Instances/X-1-10/X-n129-k18.vrp,6,,,
quality,Instances/X-1-10/X-n129-k18.vrp,7,,,
quality,Instances/X-1-10/X-n129-k18.vrp,8,,,
quality,Instances/X-1-10/X-n129-k18.vrp,9,,,
quality,Instances/X-1-10/X-n129-k18.vrp,10,,,
quality,Instances/X-1-10/X-n129-k18.vrp,11,,,
quality,Instances/X-1-10/X-n129-k18.vrp,12,,,
quality,Instances/X-1-10/X-n129-k18.vrp,13,,,
quality,Instances/X-1-10/X-n129-k18.vrp,14,,,
quality,Instances/X-1-10/X-n129-k18.vrp,15,,,
quality,Instances/X-1-10/X-n129-k18.vrp,16,,,
quality,Instances/X-1-10/X-n129-k18.vrp,17,,,
quality,Instances/X-1-10/X-n129-k18.vrp,18,,,
quality,Instances/X-1-10/X-n129-k18.vrp,19,,,
quality,Instances/X-1-10/X-n129-k18.vrp,20,,,
quality,Instances/X-1-10/X-n129-k18.vrp,21,,,
quality,Instances/X-1-10/X-n129-k18.vrp,22,,,
quality,Instances/X-1-10/X-n129-k18.vrp,23,,,
quality,Instances/X-1-10/X-n129-k18.vrp,24,,,
quality,Instances/X-1-10/X-n129-k18.vrp,25,,,
quality,Instances/X-1-10/X-n129-k18.vrp,26,,,
quality,Instances/X-1-10/X-n134-k13.vrp,1,,,
quality,Instances/X-1-10/X-n134-k13.vrp,2,,,
quality,Instances/X-1-10/X-n134-k13.vrp,3,,,
quality,Instances/X-1-10/X-n134-k13.vrp,4,,,
quality,Instances/X-1-10/X-n134-k13.vrp,5,,,
quality,Instances/X-1-10/X-n134-k13.vrp,6,,,
quality,Instances/X-1-10/X-n134-k13.vrp,7,,,
quality,Instances/X-1-10/X-n134-k13.vrp,8,,,
quality,Instances/X-1-10/X-n134-k13.vrp,9,,,
quality,Instances/X-1-10/X-n134-k13.vrp,10,,,
quality,Instances/X-1-10/X-n134-k13.vrp,11,,,
quality,Instances/X-1-10/X-n134-k13.vrp,12,,,
quality,Instances/X-1-10/X-n134-k13.vrp,13,,,
quality,Instances/X-1-10/X-n134-k13.vrp,14,,,
quality,Instances/X-1-10/X-n134-k13.vrp,15,,,
quality,Instances/X-1-10/X-n134-k13.vrp,16,,,
quality,Instances/X-1-10/X-n134-k13.vrp,17,,,
quality,Instances/X-1-10/X-n134-k13.vrp,18,,,
quality,Instances/X-1-10/X-n134-k13.vrp,19,,,
quality,Instances/X-1-10/X-n134-k13.vrp,20,,,
quality,Instances/X-1-10/X-n134-k13.vrp,21,,,
quality,Instances/X-1-10/X-n134-k13.vrp,22,,,
quality,Instances/X-1-10/X-n134-k13.vrp,23,,,
quality,Instances/X-1-10/X-n134-k13.vrp,24,,,
quality,Instances/X-1-10/X-n134-k13.vrp,25,,,
quality,Instances/X-1-10/X-n134-k13.vrp,26,,,
quality,Instances/X-1-10/X-n139-k10.vrp,1,,,
quality,Instances/X-1-10/X-n139-k10.vrp,2,,,
quality,Instances/X-1-10/X-n139-k10.vrp,3,,,
quality,Instances/X-1-10/X-n139-k10.vrp,4,,,
quality,Instances/X-1-10/X-n139-k10.vrp,5,,,
quality,Instances/X-1-10/X-n139-k10.vrp,6,,,
quality,Instances/X-1-10/X-n139-k10.vrp,7,,,
quality,Instances/X-1-10/X-n139-k10.vrp,8,,,
quality,Instances/X-1-10/X-n139-k10.vrp,9,,,
quality,Instances/X-1-10/X-n139-k10.vrp,10,,,
quality,Instances/X-1-10/X-n139-k10.vrp,11,,,
quality,Instances/X-1-10/X-n139-k10.vrp,12,,,
quality,Instances/X-1-10/X-n139-k10.vrp,13,,,
quality,Instances/X-1-10/X-n139-k10.vrp,14,,,
quality,Instances/X-1-10/X-n139-k10.vrp,15,,,
quality,Instances/X-1-10/X-n139-k10.vrp,16,,,
quality,Instances/X-1-10/X-n139-k10.vrp,17,,,
quality,Instances/X-1-10/X-n139-k10.vrp,18,,,
quality,Instances/X-1-10/X-n139-k10.vrp,19,,,
quality,Instances/X-1-10/X-n139-k10.vrp,20,,,
quality,Instances/X-1-10/X-n139-k10.vrp,21,,,
quality,Instances/X-1-10/X-n139-k10.vrp,22,,,
quality,Instances/X-1-10/X-n139-k10.vrp,23,,,
quality,Instances/X-1-10/X-n139-k10.vrp,24,,,
quality,Instances/X-1-10/X-n139-k10.vrp,25,,,
quality,Instances/X-1-10/X-n139-k10.vrp,26,,,
quality,Instances/X-1-10/X-n143-k7.vrp,1,,,
quality,Instances/X-1-10/X-n143-k7.vrp,2,,,
quality,Instances/X-1-10/X-n143-k7.vrp,3,,,
quality,Instances/X-1-10/X-n143-k7.vrp,4,,,
quality,Instances/X-1-10/X-n143-k7.vrp,5,,,
quality,Instances/X-1-10/X-n143-k7.vrp,6,,,
quality,Instances/X-1-10/X-n143-k7.vrp,7,,,
quality,Instances/X-1-10/X-n143-k7.vrp,8,,,
quality,Instances/X-1-10/X-n143-k7.vrp,9,,,
quality,Instances/X-1-10/X-n143-k7.vrp,10,,,
quality,Instances/X-1-10/X-n143-k7.vrp,11,,,
quality,Instances/X-1-10/X-n143-k7.vrp,12,,,
quality,Instances/X-1-10/X-n143-k7.vrp,13,,,
quality,Instances/X-1-10/X-n143-k7.vrp,14,,,
quality,Instances/X-1-10/X-n143-k7.vrp,15,,,
quality,Instances/X-1-10/X-n143-k7.vrp,16,,,
quality,Instances/X-1-10/X-n143-k7.vrp,17,,,
quality,Instances/X-1-10/X-n143-k7.vrp,18,,,
quality,Instances/X-1-10/X-n143-k7.vrp,19,,,
quality,Instances/X-1-10/X-n143-k7.vrp,20,,,
quality,Instances/X-1-10/X-n143-k7.vrp,21,,,
quality,Instances/X-1-10/X-n143-k7.vrp,22,,,
quality,Instances/X-1-10/X-n143-k7.vrp,23,,,
quality,Instances/X-1-10/X-n143-k7.vrp,24,,,
quality,Instances/X-1-10/X-n143-k7.vrp,25,,,
quality,Instances/X-1-10/X-n143-k7.vrp,26,,,
quality,Instances/X-11-20/X-n148-k46.vrp,1,,,
quality,Instances/X-11-20/X-n148-k46.vrp,2,,,
quality,Instances/X-11-20/X-n153-k22.vrp,1,,,
quality,Instances/X-11-20/X-n153-k22.vrp,2,,,
quality,Instances/X-11-20/X-n157-k13.vrp,1,,,
quality,Instances/X-11-20/X-n157-k13.vrp,2,,,
quality,Instances/X-11-20/X-n162-k11.vrp,1,,,
quality,Instances/X-11-20/X-n162-k11.vrp,2,,,
quality,Instances/X-11-20/X-n167-k10.vrp,1,,,
quality,Instances/X-11-20/X-n167-k10.vrp,2,,,
quality,Instances/X-11-20/X-n172-k51.vrp,1,,,
quality,Instances/X-11-20/X-n172-k51.vrp,2,,,
quality,Instances/X-11-20/X-n176-k26.vrp,1,,,
quality,Instances/X-11-20/X-n176-k26.vrp,2,,,
quality,Instances/X-11-20/X-n181-k23.vrp,1,,,
quality,Instances/X-11-20/X-n181-k23.vrp,2,,,
quality,Instances/X-11-20/X-n186-k15.vrp,1,,,
quality,Instances/X-11-20/X-n186-k15.vrp,2,,,
quality,Instances/X-11-20/X-n190-k8.vrp,1,,,
quality,Instances/X-11-20/X-n190-k8.vrp,2,,,
status:metric,Instances/X-1-10/X-n101-k25.vrp,1,,,
status:metric,Instances/X-1-10/X-n101-k25.vrp,2,,,
status:metric,Instances/X-1-10/X-n101-k25.vrp,3,,,
status:metric,Instances/X-1-10/X-n101-k25.vrp,4,,,
status:metric,Instances/X-1-10/X-n101-k25.vrp,5,,,
status:metric,Instances/X-1-10/X-n101-k25.vrp,6,,,
status:metric,Instances/X-1-10/X-n101-k25.vrp,7,,,
status:metric,Instances/X-1-10/X-n101-k25.vrp,8,,,
status:metric,Instances/X-1-10/X-n101-k25.vrp,9,,,
status:metric,Instances/X-1-10/X-n101-k25.vrp,10,,,
status:metric,Instances/X-1-10/X-n101-k25.vrp,11,,,
status:metric,Instances/X-1-10/X-n101-k25.vrp,12,,,
status:metric,Instances/X-1-10/X-n101-k25.vrp,13,,,
status:metric,Instances/X-1-10/X-n101-k25.vrp,14,,,
status:metric,Instances/X-1-10/X-n101-k25.vrp,15,,,
status:metric,Instances/X-1-10/X-n101-k25.vrp,16,,,
status:metric,Instances/X-1-10/X-n101-k25.vrp,17,,,
status:metric,Instances/X-1-10/X-n101-k25.vrp,18,,,
status:metric,Instances/X-1-10/X-n101-k25.vrp,19,,,
status:metric,Instances/X-1-10/X-n101-k25.vrp,20,,,
status:metric,Instances/X-1-10/X-n101-k25.vrp,21,,,
status:metric,Instances/X-1-10/X-n101-k25.vrp,22,,,
status:metric,Instances/X-1-10/X-n101-k25.vrp,23,,,
status:metric,Instances/X-1-10/X-n101-k25.vrp,24,,,
status:metric,Instances/X-1-10/X-n101-k25.vrp,25,,,
status:metric,Instances/X-1-10/X-n101-k25.vrp,26,,,
status:metric,Instances/X-1-10/X-n106-k14.vrp,1,,,
status:metric,Instances/X-1-10/X-n106-k14.vrp,2,,,
status:metric,Instances/X-1-10/X-n106-k14.vrp,3,,,
status:metric,Instances/X-1-10/X-n106-k14.vrp,4,,,
status:metric,Instances/X-1-10/X-n106-k14.vrp,5,,,
status:metric,Instances/X-1-10/X-n106-k14.vrp,6,,,
status:metric,Instances/X-1-10/X-n106-k14.vrp,7,,,
status:metric,Instances/X-1-10/X-n106-k14.vrp,8,,,
status:metric,Instances/X-1-10/X-n106-k14.vrp,9,,,
status:metric,Instances/X-1-10/X-n106-k14.vrp,10,,,
status:metric,Instances/X-1-10/X-n106-k14.vrp,11,,,
status:metric,Instances/X-1-10/X-n106-k14.vrp,12,,,
status:metric,Instances/X-1-10/X-n106-k14.vrp,13,,,
status:metric,Instances/X-1-10/X-n106-k14.vrp,14,,,
status:metric,Instances/X-1-10/X-n106-k14.vrp,15,,,
status:metric,Instances/X-1-10/X-n106-k14.vrp,16,,,
status:metric,Instances/X-1-10/X-n106-k14.vrp,17,,,
status:metric,Instances/X-1-10/X-n106-k14.vrp,18,,,
status:metric,Instances/X-1-10/X-n106-k14.vrp,19,,,
status:metric,Instances/X-1-10/X-n106-k14.vrp,20,,,
status:metric,Instances/X-1-10/X-n106-k14.vrp,21,,,
status:metric,Instances/X-1-10/X-n106-k14.vrp,22,,,
status:metric,Instances/X-1-10/X-n106-k14.vrp,23,,,
status:metric,Instances/X-1-10/X-n106-k14.vrp,24,,,
status:metric,Instances/X-1-10/X-n106-k14.vrp,25,,,
status:metric,Instances/X-1-10/X-n106-k14.vrp,26,,,
status:metric,Instances/X-1-10/X-n110-k13.vrp,1,,,
status:metric,Instances/X-1-10/X-n110-k13.vrp,2,,,
status:metric,Instances/X-1-10/X-n110-k13.vrp,3,,,
status:metric,Instances/X-1-10/X-n110-k13.vrp,4,,,
status:metric,Instances/X-1-10/X-n110-k13.vrp,5,,,
status:metric,Instances/X-1-10/X-n110-k13.vrp,6,,,
status:metric,Instances/X-1-10/X-n110-k13.vrp,7,,,
status:metric,Instances/X-1-10/X-n110-k13.vrp,8,,,
status:metric,Instances/X-1-10/X-n110-k13.vrp,9,,,
status:metric,Instances/X-1-10/X-n110-k13.vrp,10,,,
status:metric,Instances/X-1-10/X-n110-k13.vrp,11,,,
status:metric,Instances/X-1-10/X-n110-k13.vrp,12,,,
status:metric,Instances/X-1-10/X-n110-k13.vrp,13,,,
status:metric,Instances/X-1-10/X-n110-k13.vrp,14,,,
status:metric,Instances/X-1-10/X-n110-k13.vrp,15,,,
status:metric,Instances/X-1-10/X-n110-k13.vrp,16,,,
status:metric,Instances/X-1-10/X-n110-k13.vrp,17,,,
status:metric,Instances/X-1-10/X-n110-k13.vrp,18,,,
status:metric,Instances/X-1-10/X-n110-k13.vrp,19,,,
status:metric,Instances/X-1-10/X-n110-k13.vrp,20,,,
status:metric,Instances/X-1-10/X-n110-k13.vrp,21,,,
status:metric,Instances/X-1-10/X-n110-k13.vrp,22,,,
status:metric,Instances/X-1-10/X-n110-k13.vrp,23,,,
status:metric,Instances/X-1-10/X-n110-k13.vrp,24,,,
status:metric,Instances/X-1-10/X-n110-k13.vrp,25,,,
status:metric,Instances/X-1-10/X-n110-k13.vrp,26,,,
status:metric,Instances/X-1-10/X-n115-k10.vrp,1,,,
status:metric,Instances/X-1-10/X-n115-k10.vrp,2,,,
status:metric,Instances/X-1-10/X-n115-k10.vrp,3,,,
status:metric,Instances/X-1-10/X-n115-k10.vrp,4,,,
status:metric,Instances/X-1-10/X-n115-k10.vrp,5,,,
status:metric,Instances/X-1-10/X-n115-k10.vrp,6,,,
status:metric,Instances/X-1-10/X-n115-k10.vrp,7,,,
status:metric,Instances/X-1-10/X-n115-k10.vrp,8,,,
status:metric,Instances/X-1-10/X-n115-k10.vrp,9,,,
status:metric,Instances/X-1-10/X-n115-k10.vrp,10,,,
status:metric,Instances/X-1-10/X-n115-k10.vrp,11,,,
status:metric,Instances/X-1-10/X-n115-k10.vrp,12,,,
status:metric,Instances/X-1-10/X-n115-k10.vrp,13,,,
status:metric,Instances/X-1-10/X-n115-k10.vrp,14,,,
status:metric,Instances/X-1-10/X-n115-k10.vrp,15,,,
status:metric,Instances/X-1-10/X-n115-k10.vrp,16,,,
status:metric,Instances/X-1-10/X-n115-k10.vrp,17,,,
status:metric,Instances/X-1-10/X-n115-k10.vrp,18,,,
status:metric,Instances/X-1-10/X-n115-k10.vrp,19,,,
status:metric,Instances/X-1-10/X-n115-k10.vrp,20,,,
status:metric,Instances/X-1-10/X-n115-k10.vrp,21,,,
status:metric,Instances/X-1-10/X-n115-k10.vrp,22,,,
status:metric,Instances/X-1-10/X-n115-k10.vrp,23,,,
status:metric,Instances/X-1-10/X-n115-k10.vrp,24,,,
status:metric,Instances/X-1-10/X-n115-k10.vrp,25,,,
status:metric,Instances/X-1-10/X-n115-k10.vrp,26,,,
status:metric,Instances/X-1-10/X-n120-k6.vrp,1,,,
status:metric,Instances/X-1-10/X-n120-k6.vrp,2,,,
status:metric,Instances/X-1-10/X-n120-k6.vrp,3,,,
status:metric,Instances/X-1-10/X-n120-k6.vrp,4,,,
status:metric,Instances/X-1-10/X-n120-k6.vrp,5,,,
status:metric,Instances/X-1-10/X-n120-k6.vrp,6,,,
status:metric,Instances/X-1-10/X-n120-k6.vrp,7,,,
status:metric,Instances/X-1-10/X-n120-k6.vrp,8,,,
status:metric,Instances/X-1-10/X-n120-k6.vrp,9,,,
status:metric,Instances/X-1-10/X-n120-k6.vrp,10,,,
status:metric,Instances/X-1-10/X-n120-k6.vrp,11,,,
status:metric,Instances/X-1-10/X-n120-k6.vrp,12,,,
status:metric,Instances/X-1-10/X-n120-k6.vrp,13,,,
status:metric,Instances/X-1-10/X-n120-k6.vrp,14,,,
status:metric,Instances/X-1-10/X-n120-k6.vrp,15,,,
status:metric,Instances/X-1-10/X-n120-k6.vrp,16,,,
status:metric,Instances/X-1-10/X-n120-k6.vrp,17,,,
status:metric,Instances/X-1-10/X-n120-k6.vrp,18,,,
status:metric,Instances/X-1-10/X-n120-k6.vrp,19,,,
status:metric,Instances/X-1-10/X-n120-k6.vrp,20,,,
status:metric,Instances/X-1-10/X-n120-k6.vrp,21,,,
status:metric,Instances/X-1-10/X-n120-k6.vrp,22,,,
status:metric,Instances/X-1-10/X-n120-k6.vrp,23,,,
status:metric,Instances/X-1-10/X-n120-k6.vrp,24,,,
status:metric,Instances/X-1-10/X-n120-k6.vrp,25,,,
status:metric,Instances/X-1-10/X-n120-k6.vrp,26,,,
status:metric,Instances/X-1-10/X-n125-k30.vrp,1,,,
status:metric,Instances/X-1-10/X-n125-k30.vrp,2,,,
status:metric,Instances/X-1-10/X-n125-k30.vrp,3,,,
status:metric,Instances/X-1-10/X-n125-k30.vrp,4,,,
status:metric,Instances/X-1-10/X-n125-k30.vrp,5,,,
status:metric,Instances/X-1-10/X-n125-k30.vrp,6,,,
status:metric,Instances/X-1-10/X-n125-k30.vrp,7,,,
status:metric,Instances/X-1-10/X-n125-k30.vrp,8,,,
status:metric,Instances/X-1-10/X-n125-k30.vrp,9,,,
status:metric,Instances/X-1-10/X-n125-k30.vrp,10,,,
status:metric,Instances/X-1-10/X-n125-k30.vrp,11,,,
status:metric,Instances/X-1-10/X-n125-k30.vrp,12,,,
status:metric,Instances/X-1-10/X-n125-k30.vrp,13,,,
status:metric,Instances/X-1-10/X-n125-k30.vrp,14,,,
status:metric,Instances/X-1-10/X-n125-k30.vrp,15,,,
status:metric,Instances/X-1-10/X-n125-k30.vrp,16,,,
status:metric,Instances/X-1-10/X-n125-k30.vrp,17,,,
status:metric,Instances/X-1-10/X-n125-k30.vrp,18,,,
status:metric,Instances/X-1-10/X-n125-k30.vrp,19,,,
status:metric,Instances/X-1-10/X-n125-k30.vrp,20,,,
status:metric,Instances/X-1-10/X-n125-k30.vrp,21,,,
status:metric,Instances/X-1-10/X-n125-k30.vrp,22,,,
status:metric,Instances/X-1-10/X-n125-k30.vrp,23,,,
status:metric,Instances/X-1-10/X-n125-k30.vrp,24,,,
status:metric,Instances/X-1-10/X-n125-k30.vrp,25,,,
status:metric,Instances/X-1-10/X-n125-k30.vrp,26,,,
status:metric,Instances/X-1-10/X-n129-k18.vrp,1,,,
status:metric,Instances/X-1-10/X-n129-k18.vrp,2,,,
status:metric,Instances/X-1-10/X-n129-k18.vrp,3,,,
status:metric,Instances/X-1-10/X-n129-k18.vrp,4,,,
status:metric,Instances/X-1-10/X-n129-k18.vrp,5,,,
status:metric,Instances/X-1-10/X-n129-k18.vrp,6,,,
status:metric,Instances/X-1-10/X-n129-k18.vrp,7,,,
status:metric,Instances/X-1-10/X-n129-k18.vrp,8,,,
status:metric,Instances/X-1-10/X-n129-k18.vrp,9,,,
status:metric,Instances/X-1-10/X-n129-k18.vrp,10,,,
status:metric,Instances/X-1-10/X-n129-k18.vrp,11,,,
status:metric,Instances/X-1-10/X-n129-k18.vrp,12,,,
status:metric,Instances/X-1-10/X-n129-k18.vrp,13,,,
status:metric,Instances/X-1-10/X-n129-k18.vrp,14,,,
status:metric,Instances/X-1-10/X-n129-k18.vrp,15,,,
status:metric,Instances/X-1-10/X-n129-k18.vrp,16,,,
status:metric,Instances/X-1-10/X-n129-k18.vrp,17,,,
status:metric,Instances/X-1-10/X-n129-k18.vrp,18,,,
status:metric,Instances/X-1-10/X-n129-k18.vrp,19,,,
status:metric,Instances/X-1-10/X-n129-k18.vrp,20,,,
status:metric,Instances/X-1-10/X-n129-k18.vrp,21,,,
status:metric,Instances/X-1-10/X-n129-k18.vrp,22,,,
status:metric,Instances/X-1-10/X-n129-k18.vrp,23,,,
status:metric,Instances/X-1-10/X-n129-k18.vrp,24,,,
status:metric,Instances/X-1-10/X-n129-k18.vrp,25,,,
status:metric,Instances/X-1-10/X-n129-k18.vrp,26,,,
status:metric,Instances/X-1-10/X-n134-k13.vrp,1,,,
status:metric,Instances/X-1-10/X-n134-k13.vrp,2,,,
status:metric,Instances/X-1-10/X-n134-k13.vrp,3,,,
status:metric,Instances/X-1-10/X-n134-k13.vrp,4,,,
status:metric,Instances/X-1-10/X-n134-k13.vrp,5,,,
status:metric,Instances/X-1-10/X-n134-k13.vrp,6,,,
status:metric,Instances/X-1-10/X-n134-k13.vrp,7,,,
status:metric,Instances/X-1-10/X-n134-k13.vrp,8,,,
status:metric,Instances/X-1-10/X-n134-k13.vrp,9,,,
status:metric,Instances/X-1-10/X-n134-k13.vrp,10,,,
status:metric,Instances/X-1-10/X-n134-k13.vrp,11,,,
status:metric,Instances/X-1-10/X-n134-k13.vrp,12,,,
status:metric,Instances/X-1-10/X-n134-k13.vrp,13,,,
status:metric,Instances/X-1-10/X-n134-k13.vrp,14,,,
status:metric,Instances/X-1-10/X-n134-k13.vrp,15,,,
status:metric,Instances/X-1-10/X-n134-k13.vrp,16,,,
status:metric,Instances/X-1-10/X-n134-k13.vrp,17,,,
status:metric,Instances/X-1-10/X-n134-k13.vrp,18,,,
status:metric,Instances/X-1-10/X-n134-k13.vrp,19,,,
status:metric,Instances/X-1-10/X-n134-k13.vrp,20,,,
status:metric,Instances/X-1-10/X-n134-k13.vrp,21,,,
status:metric,Instances/X-1-10/X-n134-k13.vrp,22,,,
status:metric,Instances/X-1-10/X-n134-k13.vrp,23,,,
status:metric,Instances/X-1-10/X-n134-k13.vrp,24,,,
status:metric,Instances/X-1-10/X-n134-k13.vrp,25,,,
status:metric,Instances/X-1-10/X-n134-k13.vrp,26,,,
status:metric,Instances/X-1-10/X-n139-k10.vrp,1,,,
status:metric,Instances/X-1-10/X-n139-k10.vrp,2,,,
status:metric,Instances/X-1-10/X-n139-k10.vrp,3,,,
status:metric,Instances/X-1-10/X-n139-k10.vrp,4,,,
status:metric,Instances/X-1-10/X-n139-k10.vrp,5,,,
status:metric,Instances/X-1-10/X-n139-k10.vrp,6,,,
status:metric,Instances/X-1-10/X-n139-k10.vrp,7,,,
status:metric,Instances/X-1-10/X-n139-k10.vrp,8,,,
status:metric,Instances/X-1-10/X-n139-k10.vrp,9,,,
status:metric,Instances/X-1-10/X-n139-k10.vrp,10,,,
status:metric,Instances/X-1-10/X-n139-k10.vrp,11,,,
status:metric,Instances/X-1-10/X-n139-k10.vrp,12,,,
status:metric,Instances/X-1-10/X-n139-k10.vrp,13,,,
status:metric,Instances/X-1-10/X-n139-k10.vrp,14,,,
status:metric,Instances/X-1-10/X-n139-k10.vrp,15,,,
status:metric,Instances/X-1-10/X-n139-k10.vrp,16,,,
status:metric,Instances/X-1-10/X-n139-k10.vrp,17,,,
status:metric,Instances/X-1-10/X-n139-k10.vrp,18,,,
status:metric,Instances/X-1-10/X-n139-k10.vrp,19,,,
status:metric,Instances/X-1-10/X-n139-k10.vrp,20,,,
status:metric,Instances/X-1-10/X-n139-k10.vrp,21,,,
status:metric,Instances/X-1-10/X-n139-k10.vrp,22,,,
status:metric,Instances/X-1-10/X-n139-k10.vrp,23,,,
status:metric,Instances/X-1-10/X-n139-k10.vrp,24,,,
status:metric,Instances/X-1-10/X-n139-k10.vrp,25,,,
status:metric,Instances/X-1-10/X-n139-k10.vrp,26,,,
status:metric,Instances/X-1-10/X-n143-k7.vrp,1,,,
status:metric,Instances/X-1-10/X-n143-k7.vrp,2,,,
status:metric,Instances/X-1-10/X-n143-k7.vrp,3,,,
status:metric,Instances/X-1-10/X-n143-k7.vrp,4,,,
status:metric,Instances/X-1-10/X-n143-k7.vrp,5,,,
status:metric,Instances/X-1-10/X-n143-k7.vrp,6,,,
status:metric,Instances/X-1-10/X-n143-k7.vrp,7,,,
status:metric,Instances/X-1-10/X-n143-k7.vrp,8,,,
status:metric,Instances/X-1-10/X-n143-k7.vrp,9,,,
status:metric,Instances/X-1-10/X-n143-k7.vrp,10,,,
status:metric,Instances/X-1-10/X-n143-k7.vrp,11,,,
status:metric,Instances/X-1-10/X-n143-k7.vrp,12,,,
status:metric,Instances/X-1-10/X-n143-k7.vrp,13,,,
status:metric,Instances/X-1-10/X-n143-k7.vrp,14,,,
status:metric,Instances/X-1-10/X-n143-k7.vrp,15,,,
status:metric,Instances/X-1-10/X-n143-k7.vrp,16,,,
status:metric,Instances/X-1-10/X-n143-k7.vrp,17,,,
status:metric,Instances/X-1-10/X-n143-k7.vrp,18,,,
status:metric,Instances/X-1-10/X-n143-k7.vrp,19,,,
status:metric,Instances/X-1-10/X-n143-k7.vrp,20,,,
status:metric,Instances/X-1-10/X-n143-k7.vrp,21,,,
status:metric,Instances/X-1-10/X-n143-k7.vrp,22,,,
status:metric,Instances/X-1-10/X-n143-k7.vrp,23,,,
status:metric,Instances/X-1-10/X-n143-k7.vrp,24,,,
status:metric,Instances/X-1-10/X-n143-k7.vrp,25,,,
status:metric,Instances/X-1-10/X-n143-k7.vrp,26,,,
status:metric,Instances/X-11-20/X-n148-k46.vrp,1,,,
status:metric,Instances/X-11-20/X-n148-k46.vrp,2,,,
status:metric,Instances/X-11-20/X-n153-k22.vrp,1,,,
status:metric,Instances/X-11-20/X-n153-k22.vrp,2,,,
status:metric,Instances/X-11-20/X-n157-k13.vrp,1,,,
status:metric,Instances/X-11-20/X-n157-k13.vrp,2,,,
status:metric,Instances/X-11-20/X-n162-k11.vrp,1,,,
status:metric,Instances/X-11-20/X-n162-k11.vrp,2,,,
status:metric,Instances/X-11-20/X-n167-k10.vrp,1,,,
status:metric,Instances/X-11-20/X-n167-k10.vrp,2,,,
status:metric,Instances/X-11-20/X-n172-k51.vrp,1,,,
status:metric,Instances/X-11-20/X-n172-k51.vrp,2,,,
status:metric,Instances/X-11-20/X-n176-k26.vrp,1,,,
status:metric,Instances/X-11-20/X-n176-k26.vrp,2,,,
status:metric,Instances/X-11-20/X-n181-k23.vrp,1,,,
status:metric,Instances/X-11-20/X-n181-k23.vrp,2,,,
status:metric,Instances/X-11-20/X-n186-k15.vrp,1,,,
status:metric,Instances/X-11-20/X-n186-k15.vrp,2,,,
status:metric,Instances/X-11-20/X-n190-k8.vrp,1,,,
status:metric,Instances/X-11-20/X-n190-k8.vrp,2,,,
wall_time:metric,Instances/X-1-10/X-n101-k25.vrp,1,,,
wall_time:metric,Instances/X-1-10/X-n101-k25.vrp,2,,,
wall_time:metric,Instances/X-1-10/X-n101-k25.vrp,3,,,
wall_time:metric,Instances/X-1-10/X-n101-k25.vrp,4,,,
wall_time:metric,Instances/X-1-10/X-n101-k25.vrp,5,,,
wall_time:metric,Instances/X-1-10/X-n101-k25.vrp,6,,,
wall_time:metric,Instances/X-1-10/X-n101-k25.vrp,7,,,
wall_time:metric,Instances/X-1-10/X-n101-k25.vrp,8,,,
wall_time:metric,Instances/X-1-10/X-n101-k25.vrp,9,,,
wall_time:metric,Instances/X-1-10/X-n101-k25.vrp,10,,,
wall_time:metric,Instances/X-1-10/X-n101-k25.vrp,11,,,
wall_time:metric,Instances/X-1-10/X-n101-k25.vrp,12,,,
wall_time:metric,Instances/X-1-10/X-n101-k25.vrp,13,,,
wall_time:metric,Instances/X-1-10/X-n101-k25.vrp,14,,,
wall_time:metric,Instances/X-1-10/X-n101-k25.vrp,15,,,
wall_time:metric,Instances/X-1-10/X-n101-k25.vrp,16,,,
wall_time:metric,Instances/X-1-10/X-n101-k25.vrp,17,,,
wall_time:metric,Instances/X-1-10/X-n101-k25.vrp,18,,,
wall_time:metric,Instances/X-1-10/X-n101-k25.vrp,19,,,
wall_time:metric,Instances/X-1-10/X-n101-k25.vrp,20,,,
wall_time:metric,Instances/X-1-10/X-n101-k25.vrp,21,,,
wall_time:metric,Instances/X-1-10/X-n101-k25.vrp,22,,,
wall_time:metric,Instances/X-1-10/X-n101-k25.vrp,23,,,
wall_time:metric,Instances/X-1-10/X-n101-k25.vrp,24,,,
wall_time:metric,Instances/X-1-10/X-n101-k25.vrp,25,,,
wall_time:metric,Instances/X-1-10/X-n101-k25.vrp,26,,,
wall_time:metric,Instances/X-1-10/X-n106-k14.vrp,1,,,
wall_time:metric,Instances/X-1-10/X-n106-k14.vrp,2,,,
wall_time:metric,Instances/X-1-10/X-n106-k14.vrp,3,,,
wall_time:metric,Instances/X-1-10/X-n106-k14.vrp,4,,,
wall_time:metric,Instances/X-1-10/X-n106-k14.vrp,5,,,
wall_time:metric,Instances/X-1-10/X-n106-k14.vrp,6,,,
wall_time:metric,Instances/X-1-10/X-n106-k14.vrp,7,,,
wall_time:metric,Instances/X-1-10/X-n106-k14.vrp,8,,,
wall_time:metric,Instances/X-1-10/X-n106-k14.vrp,9,,,
wall_time:metric,Instances/X-1-10/X-n106-k14.vrp,10,,,
wall_time:metric,Instances/X-1-10/X-n106-k14.vrp,11,,,
wall_time:metric,Instances/X-1-10/X-n106-k14.vrp,12,,,
wall_time:metric,Instances/X-1-10/X-n106-k14.vrp,13,,,
wall_time:metric,Instances/X-1-10/X-n106-k14.vrp,14,,,
wall_time:metric,Instances/X-1-10/X-n106-k14.vrp,15,,,
wall_time:metric,Instances/X-1-10/X-n106-k14.vrp,16,,,
wall_time:metric,Instances/X-1-10/X-n106-k14.vrp,17,,,
wall_time:metric,Instances/X-1-10/X-n106-k14.vrp,18,,,
wall_time:metric,Instances/X-1-10/X-n106-k14.vrp,19,,,
wall_time:metric,Instances/X-1-10/X-n106-k14.vrp,20,,,
wall_time:metric,Instances/X-1-10/X-n106-k14.vrp,21,,,
wall_time:metric,Instances/X-1-10/X-n106-k14.vrp,22,,,
wall_time:metric,Instances/X-1-10/X-n106-k14.vrp,23,,,
wall_time:metric,Instances/X-1-10/X-n106-k14.vrp,24,,,
wall_time:metric,Instances/X-1-10/X-n106-k14.vrp,25,,,
wall_time:metric,Instances/X-1-10/X-n106-k14.vrp,26,,,
wall_time:metric,Instances/X-1-10/X-n110-k13.vrp,1,,,
wall_time:metric,Instances/X-1-10/X-n110-k13.vrp,2,,,
wall_time:metric,Instances/X-1-10/X-n110-k13.vrp,3,,,
wall_time:metric,Instances/X-1-10/X-n110-k13.vrp,4,,,
wall_time:metric,Instances/X-1-10/X-n110-k13.vrp,5,,,
wall_time:metric,Instances/X-1-10/X-n110-k13.vrp,6,,,
wall_time:metric,Instances/X-1-10/X-n110-k13.vrp,7,,,
wall_time:metric,Instances/X-1-10/X-n110-k13.vrp,8,,,
wall_time:metric,Instances/X-1-10/X-n110-k13.vrp,9,,,
wall_time:metric,Instances/X-1-10/X-n110-k13.vrp,10,,,
wall_time:metric,Instances/X-1-10/X-n110-k13.vrp,11,,,
wall_time:metric,Instances/X-1-10/X-n110-k13.vrp,12,,,
wall_time:metric,Instances/X-1-10/X-n110-k13.vrp,13,,,
wall_time:metric,Instances/X-1-10/X-n110-k13.vrp,14,,,
wall_time:metric,Instances/X-1-10/X-n110-k13.vrp,15,,,
wall_time:metric,Instances/X-1-10/X-n110-k13.vrp,16,,,
wall_time:metric,Instances/X-1-10/X-n110-k13.vrp,17,,,
wall_time:metric,Instances/X-1-10/X-n110-k13.vrp,18,,,
wall_time:metric,Instances/X-1-10/X-n110-k13.vrp,19,,,
wall_time:metric,Instances/X-1-10/X-n110-k13.vrp,20,,,
wall_time:metric,Instances/X-1-10/X-n110-k13.vrp,21,,,
wall_time:metric,Instances/X-1-10/X-n110-k13.vrp,22,,,
wall_time:metric,Instances/X-1-10/X-n110-k13.vrp,23,,,
wall_time:metric,Instances/X-1-10/X-n110-k13.vrp,24,,,
wall_time:metric,Instances/X-1-10/X-n110-k13.vrp,25,,,
wall_time:metric,Instances/X-1-10/X-n110-k13.vrp,26,,,
wall_time:metric,Instances/X-1-10/X-n115-k10.vrp,1,,,
wall_time:metric,Instances/X-1-10/X-n115-k10.vrp,2,,,
wall_time:metric,Instances/X-1-10/X-n115-k10.vrp,3,,,
wall_time:metric,Instances/X-1-10/X-n115-k10.vrp,4,,,
wall_time:metric,Instances/X-1-10/X-n115-k10.vrp,5,,,
wall_time:metric,Instances/X-1-10/X-n115-k10.vrp,6,,,
wall_time:metric,Instances/X-1-10/X-n115-k10.vrp,7,,,
wall_time:metric,Instances/X-1-10/X-n115-k10.vrp,8,,,
wall_time:metric,Instances/X-1-10/X-n115-k10.vrp,9,,,
wall_time:metric,Instances/X-1-10/X-n115-k10.vrp,10,,,
wall_time:metric,Instances/X-1-10/X-n115-k10.vrp,11,,,
wall_time:metric,Instances/X-1-10/X-n115-k10.vrp,12,,,
wall_time:metric,Instances/X-1-10/X-n115-k10.vrp,13,,,
wall_time:metric,Instances/X-1-10/X-n115-k10.vrp,14,,,
wall_time:metric,Instances/X-1-10/X-n115-k10.vrp,15,,,
wall_time:metric,Instances/X-1-10/X-n115-k10.vrp,16,,,
wall_time:metric,Instances/X-1-10/X-n115-k10.vrp,17,,,
wall_time:metric,Instances/X-1-10/X-n115-k10.vrp,18,,,
wall_time:metric,Instances/X-1-10/X-n115-k10.vrp,19,,,
wall_time:metric,Instances/X-1-10/X-n115-k10.vrp,20,,,
wall_time:metric,Instances/X-1-10/X-n115-k10.vrp,21,,,
wall_time:metric,Instances/X-1-10/X-n115-k10.vrp,22,,,
wall_time:metric,Instances/X-1-10/X-n115-k10.vrp,23,,,
wall_time:metric,Instances/X-1-10/X-n115-k10.vrp,24,,,
wall_time:metric,Instances/X-1-10/X-n115-k10.vrp,25,,,
wall_time:metric,Instances/X-1-10/X-n115-k10.vrp,26,,,
wall_time:metric,Instances/X-1-10/X-n120-k6.vrp,1,,,
wall_time:metric,Instances/X-1-10/X-n120-k6.vrp,2,,,
wall_time:metric,Instances/X-1-10/X-n120-k6.vrp,3,,,
wall_time:metric,Instances/X-1-10/X-n120-k6.vrp,4,,,
wall_time:metric,Instances/X-1-10/X-n120-k6.vrp,5,,,
wall_time:metric,Instances/X-1-10/X-n120-k6.vrp,6,,,
wall_time:metric,Instances/X-1-10/X-n120-k6.vrp,7,,,
wall_time:metric,Instances/X-1-10/X-n120-k6.vrp,8,,,
wall_time:metric,Instances/X-1-10/X-n120-k6.vrp,9,,,
wall_time:metric,Instances/X-1-10/X-n120-k6.vrp,10,,,
wall_time:metric,Instances/X-1-10/X-n120-k6.vrp,11,,,
wall_time:metric,Instances/X-1-10/X-n120-k6.vrp,12,,,
wall_time:metric,Instances/X-1-10/X-n120-k6.vrp,13,,,
wall_time:metric,Instances/X-1-10/X-n120-k6.vrp,14,,,
wall_time:metric,Instances/X-1-10/X-n120-k6.vrp,15,,,
wall_time:metric,Instances/X-1-10/X-n120-k6.vrp,16,,,
wall_time:metric,Instances/X-1-10/X-n120-k6.vrp,17,,,
wall_time:metric,Instances/X-1-10/X-n120-k6.vrp,18,,,
wall_time:metric,Instances/X-1-10/X-n120-k6.vrp,19,,,
wall_time:metric,Instances/X-1-10/X-n120-k6.vrp,20,,,
wall_time:metric,Instances/X-1-10/X-n120-k6.vrp,21,,,
wall_time:metric,Instances/X-1-10/X-n120-k6.vrp,22,,,
wall_time:metric,Instances/X-1-10/X-n120-k6.vrp,23,,,
wall_time:metric,Instances/X-1-10/X-n120-k6.vrp,24,,,
wall_time:metric,Instances/X-1-10/X-n120-k6.vrp,25,,,
wall_time:metric,Instances/X-1-10/X-n120-k6.vrp,26,,,
wall_time:metric,Instances/X-1-10/X-n125-k30.vrp,1,,,
wall_time:metric,Instances/X-1-10/X-n125-k30.vrp,2,,,
wall_time:metric,Instances/X-1-10/X-n125-k30.vrp,3,,,
wall_time:metric,Instances/X-1-10/X-n125-k30.vrp,4,,,
wall_time:metric,Instances/X-1-10/X-n125-k30.vrp,5,,,
wall_time:metric,Instances/X-1-10/X-n125-k30.vrp,6,,,
wall_time:metric,Instances/X-1-10/X-n125-k30.vrp,7,,,
wall_time:metric,Instances/X-1-10/X-n125-k30.vrp,8,,,
wall_time:metric,Instances/X-1-10/X-n125-k30.vrp,9,,,
wall_time:metric,Instances/X-1-10/X-n125-k30.vrp,10,,,
wall_time:metric,Instances/X-1-10/X-n125-k30.vrp,11,,,
wall_time:metric,Instances/X-1-10/X-n125-k30.vrp,12,,,
wall_time:metric,Instances/X-1-10/X-n125-k30.vrp,13,,,
wall_time:metric,Instances/X-1-10/X-n125-k30.vrp,14,,,
wall_time:metric,Instances/X-1-10/X-n125-k30.vrp,15,,,
wall_time:metric,Instances/X-1-10/X-n125-k30.vrp,16,,,
wall_time:metric,Instances/X-1-10/X-n125-k30.vrp,17,,,
wall_time:metric,Instances/X-1-10/X-n125-k30.vrp,18,,,
wall_time:metric,Instances/X-1-10/X-n125-k30.vrp,19,,,
wall_time:metric,Instances/X-1-10/X-n125-k30.vrp,20,,,
wall_time:metric,Instances/X-1-10/X-n125-k30.vrp,21,,,
wall_time:metric,Instances/X-1-10/X-n125-k30.vrp,22,,,
wall_time:metric,Instances/X-1-10/X-n125-k30.vrp,23,,,
wall_time:metric,Instances/X-1-10/X-n125-k30.vrp,24,,,
wall_time:metric,Instances/X-1-10/X-n125-k30.vrp,25,,,
wall_time:metric,Instances/X-1-10/X-n125-k30.vrp,26,,,
wall_time:metric,Instances/X-1-10/X-n129-k18.vrp,1,,,
wall_time:metric,Instances/X-1-10/X-n129-k18.vrp,2,,,
wall_time:metric,Instances/X-1-10/X-n129-k18.vrp,3,,,
wall_time:metric,Instances/X-1-10/X-n129-k18.vrp,4,,,
wall_time:metric,Instances/X-1-10/X-n129-k18.vrp,5,,,
wall_time:metric,Instances/X-1-10/X-n129-k18.vrp,6,,,
wall_time:metric,Instances/X-1-10/X-n129-k18.vrp,7,,,
wall_time:metric,Instances/X-1-10/X-n129-k18.vrp,8,,,
wall_time:metric,Instances/X-1-10/X-n129-k18.vrp,9,,,
wall_time:metric,Instances/X-1-10/X-n129-k18.vrp,10,,,
wall_time:metric,Instances/X-1-10/X-n129-k18.vrp,11,,,
wall_time:metric,Instances/X-1-10/X-n129-k18.vrp,12,,,
wall_time:metric,Instances/X-1-10/X-n129-k18.vrp,13,,,
wall_time:metric,Instances/X-1-10/X-n129-k18.vrp,14,,,
wall_time:metric,Instances/X-1-10/X-n129-k18.vrp,15,,,
wall_time:metric,Instances/X-1-10/X-n129-k18.vrp,16,,,
wall_time:metric,Instances/X-1-10/X-n129-k18.vrp,17,,,
wall_time:metric,Instances/X-1-10/X-n129-k18.vrp,18,,,
wall_time:metric,Instances/X-1-10/X-n129-k18.vrp,19,,,
wall_time:metric,Instances/X-1-10/X-n129-k18.vrp,20,,,
wall_time:metric,Instances/X-1-10/X-n129-k18.vrp,21,,,
wall_time:metric,Instances/X-1-10/X-n129-k18.vrp,22,,,
wall_time:metric,Instances/X-1-10/X-n129-k18.vrp,23,,,
wall_time:metric,Instances/X-1-10/X-n129-k18.vrp,24,,,
wall_time:metric,Instances/X-1-10/X-n129-k18.vrp,25,,,
wall_time:metric,Instances/X-1-10/X-n129-k18.vrp,26,,,
wall_time:metric,Instances/X-1-10/X-n134-k13.vrp,1,,,
wall_time:metric,Instances/X-1-10/X-n134-k13.vrp,2,,,
wall_time:metric,Instances/X-1-10/X-n134-k13.vrp,3,,,
wall_time:metric,Instances/X-1-10/X-n134-k13.vrp,4,,,
wall_time:metric,Instances/X-1-10/X-n134-k13.vrp,5,,,
wall_time:metric,Instances/X-1-10/X-n134-k13.vrp,6,,,
wall_time:metric,Instances/X-1-10/X-n134-k13.vrp,7,,,
wall_time:metric,Instances/X-1-10/X-n134-k13.vrp,8,,,
wall_time:metric,Instances/X-1-10/X-n134-k13.vrp,9,,,
wall_time:metric,Instances/X-1-10/X-n134-k13.vrp,10,,,
wall_time:metric,Instances/X-1-10/X-n134-k13.vrp,11,,,
wall_time:metric,Instances/X-1-10/X-n134-k13.vrp,12,,,
wall_time:metric,Instances/X-1-10/X-n134-k13.vrp,13,,,
wall_time:metric,Instances/X-1-10/X-n134-k13.vrp,14,,,
wall_time:metric,Instances/X-1-10/X-n134-k13.vrp,15,,,
wall_time:metric,Instances/X-1-10/X-n134-k13.vrp,16,,,
wall_time:metric,Instances/X-1-10/X-n134-k13.vrp,17,,,
wall_time:metric,Instances/X-1-10/X-n134-k13.vrp,18,,,
wall_time:metric,Instances/X-1-10/X-n134-k13.vrp,19,,,
wall_time:metric,Instances/X-1-10/X-n134-k13.vrp,20,,,
wall_time:metric,Instances/X-1-10/X-n134-k13.vrp,21,,,
wall_time:metric,Instances/X-1-10/X-n134-k13.vrp,22,,,
wall_time:metric,Instances/X-1-10/X-n134-k13.vrp,23,,,
wall_time:metric,Instances/X-1-10/X-n134-k13.vrp,24,,,
wall_time:metric,Instances/X-1-10/X-n134-k13.vrp,25,,,
wall_time:metric,Instances/X-1-10/X-n134-k13.vrp,26,,,
wall_time:metric,Instances/X-1-10/X-n139-k10.vrp,1,,,
wall_time:metric,Instances/X-1-10/X-n139-k10.vrp,2,,,
wall_time:metric,Instances/X-1-10/X-n139-k10.vrp,3,,,
wall_time:metric,Instances/X-1-10/X-n139-k10.vrp,4,,,
wall_time:metric,Instances/X-1-10/X-n139-k10.vrp,5,,,
wall_time:metric,Instances/X-1-10/X-n139-k10.vrp,6,,,
wall_time:metric,Instances/X-1-10/X-n139-k10.vrp,7,,,
wall_time:metric,Instances/X-1-10/X-n139-k10.vrp,8,,,
wall_time:metric,Instances/X-1-10/X-n139-k10.vrp,9,,,
wall_time:metric,Instances/X-1-10/X-n139-k10.vrp,10,,,
wall_time:metric,Instances/X-1-10/X-n139-k10.vrp,11,,,
wall_time:metric,Instances/X-1-10/X-n139-k10.vrp,12,,,
wall_time:metric,Instances/X-1-10/X-n139-k10.vrp,13,,,
wall_time:metric,Instances/X-1-10/X-n139-k10.vrp,14,,,
wall_time:metric,Instances/X-1-10/X-n139-k10.vrp,15,,,
wall_time:metric,Instances/X-1-10/X-n139-k10.vrp,16,,,
wall_time:metric,Instances/X-1-10/X-n139-k10.vrp,17,,,
wall_time:metric,Instances/X-1-10/X-n139-k10.vrp,18,,,
wall_time:metric,Instances/X-1-10/X-n139-k10.vrp,19,,,
wall_time:metric,Instances/X-1-10/X-n139-k10.vrp,20,,,
wall_time:metric,Instances/X-1-10/X-n139-k10.vrp,21,,,
wall_time:metric,Instances/X-1-10/X-n139-k10.vrp,22,,,
wall_time:metric,Instances/X-1-10/X-n139-k10.vrp,23,,,
wall_time:metric,Instances/X-1-10/X-n139-k10.vrp,24,,,
wall_time:metric,Instances/X-1-10/X-n139-k10.vrp,25,,,
wall_time:metric,Instances/X-1-10/X-n139-k10.vrp,26,,,
wall_time:metric,Instances/X-1-10/X-n143-k7.vrp,1,,,
wall_time:metric,Instances/X-1-10/X-n143-k7.vrp,2,,,
wall_time:metric,Instances/X-1-10/X-n143-k7.vrp,3,,,
wall_time:metric,Instances/X-1-10/X-n143-k7.vrp,4,,,
wall_time:metric,Instances/X-1-10/X-n143-k7.vrp,5,,,
wall_time:metric,Instances/X-1-10/X-n143-k7.vrp,6,,,
wall_time:metric,Instances/X-1-10/X-n143-k7.vrp,7,,,
wall_time:metric,Instances/X-1-10/X-n143-k7.vrp,8,,,
wall_time:metric,Instances/X-1-10/X-n143-k7.vrp,9,,,
wall_time:metric,Instances/X-1-10/X-n143-k7.vrp,10,,,
wall_time:metric,Instances/X-1-10/X-n143-k7.vrp,11,,,
wall_time:metric,Instances/X-1-10/X-n143-k7.vrp,12,,,
wall_time:metric,Instances/X-1-10/X-n143-k7.vrp,13,,,
wall_time:metric,Instances/X-1-10/X-n143-k7.vrp,14,,,
wall_time:metric,Instances/X-1-10/X-n143-k7.vrp,15,,,
wall_time:metric,Instances/X-1-10/X-n143-k7.vrp,16,,,
wall_time:metric,Instances/X-1-10/X-n143-k7.vrp,17,,,
wall_time:metric,Instances/X-1-10/X-n143-k7.vrp,18,,,
wall_time:metric,Instances/X-1-10/X-n143-k7.vrp,19,,,
wall_time:metric,Instances/X-1-10/X-n143-k7.vrp,20,,,
wall_time:metric,Instances/X-1-10/X-n143-k7.vrp,21,,,
wall_time:metric,Instances/X-1-10/X-n143-k7.vrp,22,,,
wall_time:metric,Instances/X-1-10/X-n143-k7.vrp,23,,,
wall_time:metric,Instances/X-1-10/X-n143-k7.vrp,24,,,
wall_time:metric,Instances/X-1-10/X-n143-k7.vrp,25,,,
wall_time:metric,Instances/X-1-10/X-n143-k7.vrp,26,,,
wall_time:metric,Instances/X-11-20/X-n148-k46.vrp,1,,,
wall_time:metric,Instances/X-11-20/X-n148-k46.vrp,2,,,
wall_time:metric,Instances/X-11-20/X-n153-k22.vrp,1,,,
wall_time:metric,Instances/X-11-20/X-n153-k22.vrp,2,,,
wall_time:metric,Instances/X-11-20/X-n157-k13.vrp,1,,,
wall_time:metric,Instances/X-11-20/X-n157-k13.vrp,2,,,
wall_time:metric,Instances/X-11-20/X-n162-k11.vrp,1,,,
wall_time:metric,Instances/X-11-20/X-n162-k11.vrp,2,,,
wall_time:metric,Instances/X-11-20/X-n167-k10.vrp,1,,,
wall_time:metric,Instances/X-11-20/X-n167-k10.vrp,2,,,
wall_time:metric,Instances/X-11-20/X-n172-k51.vrp,1,,,
wall_time:metric,Instances/X-11-20/X-n172-k51.vrp,2,,,
wall_time:metric,Instances/X-11-20/X-n176-k26.vrp,1,,,
wall_time:metric,Instances/X-11-20/X-n176-k26.vrp,2,,,
wall_time:metric,Instances/X-11-20/X-n181-k23.vrp,1,,,
wall_time:metric,Instances/X-11-20/X-n181-k23.vrp,2,,,
wall_time:metric,Instances/X-11-20/X-n186-k15.vrp,1,,,
wall_time:metric,Instances/X-11-20/X-n186-k15.vrp,2,,,
wall_time:metric,Instances/X-11-20/X-n190-k8.vrp,1,,,
wall_time:metric,Instances/X-11-20/X-n190-k8.vrp,2,,,
