{"name": "SMAC2: Validating 25 SCIP Configurations on Europe_3h_year", "base_dir": "Output/Log/configure_solver_2025-04-22-14.44.01", "dependencies": [{"name": "SMAC2: SCIP on Europe_3h_year", "base_dir": "Output/Log/configure_solver_2025-04-22-14.44.01", "dependencies": [], "sbatch_options": ["--qos=normal", "--mem=10000", "--time=6:00", "--partition=c23ms"], "srun_options": [], "jobs": [{"cmd": "python3 /rwthfs/rz/cluster/home/vx475510/miniforge3/envs/sparkle/lib/python3.10/site-packages/sparkle/configurator/configurator_cli.py SMAC2 /rwthfs/rz/cluster/home/vx475510/satellite-operations-planning/sparkle/Output/Configuration/Raw_Data/SMAC2/SCIP_Europe_3h_year/results/SCIP_Europe_3h_year_seed_2_smac.txt Output/Performance_Data/performance_data.csv Output/Configuration/Raw_Data/SMAC2/SCIP_Europe_3h_year/SCIP_Europe_3h_year_scenario.txt 2 /rwthfs/rz/cluster/home/vx475510/miniforge3/envs/sparkle/lib/python3.10/site-packages/sparkle/Components/smac2-v2.10.03-master-778/smac --scenario-file Output/Configuration/Raw_Data/SMAC2/SCIP_Europe_3h_year/SCIP_Europe_3h_year_scenario.txt --seed 2 ", "working_dir": ".", "output_file": "/rwthfs/rz/cluster/home/vx475510/satellite-operations-planning/sparkle/Output/Configuration/Raw_Data/SMAC2/SCIP_Europe_3h_year/results/SCIP_Europe_3h_year_seed_2_smac.txt", "stdout_file": "Output/Log/configure_solver_2025-04-22-14.44.01/SMAC2:_SCIP_on_Europe_3h_year-0000.out", "stderr_file": "Output/Log/configure_solver_2025-04-22-14.44.01/SMAC2:_SCIP_on_Europe_3h_year-0000.err", "slurm_job_id": "56314354_0", "job_state": null, "start_time_stamp": null, "end_time_stamp": null, "submit_time_stamp": null, "job_restarts": null, "job_qos": null, "job_partition": null, "job_nodes": null}, {"cmd": "python3 /rwthfs/rz/cluster/home/vx475510/miniforge3/envs/sparkle/lib/python3.10/site-packages/sparkle/configurator/configurator_cli.py SMAC2 /rwthfs/rz/cluster/home/vx475510/satellite-operations-planning/sparkle/Output/Configuration/Raw_Data/SMAC2/SCIP_Europe_3h_year/results/SCIP_Europe_3h_year_seed_3_smac.txt Output/Performance_Data/performance_data.csv Output/Configuration/Raw_Data/SMAC2/SCIP_Europe_3h_year/SCIP_Europe_3h_year_scenario.txt 3 /rwthfs/rz/cluster/home/vx475510/miniforge3/envs/sparkle/lib/python3.10/site-packages/sparkle/Components/smac2-v2.10.03-master-778/smac --scenario-file Output/Configuration/Raw_Data/SMAC2/SCIP_Europe_3h_year/SCIP_Europe_3h_year_scenario.txt --seed 3 ", "working_dir": ".", "output_file": "/rwthfs/rz/cluster/home/vx475510/satellite-operations-planning/sparkle/Output/Configuration/Raw_Data/SMAC2/SCIP_Europe_3h_year/results/SCIP_Europe_3h_year_seed_3_smac.txt", "stdout_file": "Output/Log/configure_solver_2025-04-22-14.44.01/SMAC2:_SCIP_on_Europe_3h_year-0001.out", "stderr_file": "Output/Log/configure_solver_2025-04-22-14.44.01/SMAC2:_SCIP_on_Europe_3h_year-0001.err", "slurm_job_id": "56314354_1", "job_state": null, "start_time_stamp": null, "end_time_stamp": null, "submit_time_stamp": null, "job_restarts": null, "job_qos": null, "job_partition": null, "job_nodes": null}, {"cmd": "python3 /rwthfs/rz/cluster/home/vx475510/miniforge3/envs/sparkle/lib/python3.10/site-packages/sparkle/configurator/configurator_cli.py SMAC2 /rwthfs/rz/cluster/home/vx475510/satellite-operations-planning/sparkle/Output/Configuration/Raw_Data/SMAC2/SCIP_Europe_3h_year/results/SCIP_Europe_3h_year_seed_4_smac.txt Output/Performance_Data/performance_data.csv Output/Configuration/Raw_Data/SMAC2/SCIP_Europe_3h_year/SCIP_Europe_3h_year_scenario.txt 4 /rwthfs/rz/cluster/home/vx475510/miniforge3/envs/sparkle/lib/python3.10/site-packages/sparkle/Components/smac2-v2.10.03-master-778/smac --scenario-file Output/Configuration/Raw_Data/SMAC2/SCIP_Europe_3h_year/SCIP_Europe_3h_year_scenario.txt --seed 4 ", "working_dir": ".", "output_file": "/rwthfs/rz/cluster/home/vx475510/satellite-operations-planning/sparkle/Output/Configuration/Raw_Data/SMAC2/SCIP_Europe_3h_year/results/SCIP_Europe_3h_year_seed_4_smac.txt", "stdout_file": "Output/Log/configure_solver_2025-04-22-14.44.01/SMAC2:_SCIP_on_Europe_3h_year-0002.out", "stderr_file": "Output/Log/configure_solver_2025-04-22-14.44.01/SMAC2:_SCIP_on_Europe_3h_year-0002.err", "slurm_job_id": "56314354_2", "job_state": null, "start_time_stamp": null, "end_time_stamp": null, "submit_time_stamp": null, "job_restarts": null, "job_qos": null, "job_partition": null, "job_nodes": null}, {"cmd": "python3 /rwthfs/rz/cluster/home/vx475510/miniforge3/envs/sparkle/lib/python3.10/site-packages/sparkle/configurator/configurator_cli.py SMAC2 /rwthfs/rz/cluster/home/vx475510/satellite-operations-planning/sparkle/Output/Configuration/Raw_Data/SMAC2/SCIP_Europe_3h_year/results/SCIP_Europe_3h_year_seed_5_smac.txt Output/Performance_Data/performance_data.csv Output/Configuration/Raw_Data/SMAC2/SCIP_Europe_3h_year/SCIP_Europe_3h_year_scenario.txt 5 /rwthfs/rz/cluster/home/vx475510/miniforge3/envs/sparkle/lib/python3.10/site-packages/sparkle/Components/smac2-v2.10.03-master-778/smac --scenario-file Output/Configuration/Raw_Data/SMAC2/SCIP_Europe_3h_year/SCIP_Europe_3h_year_scenario.txt --seed 5 ", "working_dir": ".", "output_file": "/rwthfs/rz/cluster/home/vx475510/satellite-operations-planning/sparkle/Output/Configuration/Raw_Data/SMAC2/SCIP_Europe_3h_year/results/SCIP_Europe_3h_year_seed_5_smac.txt", "stdout_file": "Output/Log/configure_solver_2025-04-22-14.44.01/SMAC2:_SCIP_on_Europe_3h_year-0003.out", "stderr_file": "Output/Log/configure_solver_2025-04-22-14.44.01/SMAC2:_SCIP_on_Europe_3h_year-0003.err", "slurm_job_id": "56314354_3", "job_state": null, "start_time_stamp": null, "end_time_stamp": null, "submit_time_stamp": null, "job_restarts": null, "job_qos": null, "job_partition": null, "job_nodes": null}, {"cmd": "python3 /rwthfs/rz/cluster/home/vx475510/miniforge3/envs/sparkle/lib/python3.10/site-packages/sparkle/configurator/configurator_cli.py SMAC2 /rwthfs/rz/cluster/home/vx475510/satellite-operations-planning/sparkle/Output/Configuration/Raw_Data/SMAC2/SCIP_Europe_3h_year/results/SCIP_Europe_3h_year_seed_6_smac.txt Output/Performance_Data/performance_data.csv Output/Configuration/Raw_Data/SMAC2/SCIP_Europe_3h_year/SCIP_Europe_3h_year_scenario.txt 6 /rwthfs/rz/cluster/home/vx475510/miniforge3/envs/sparkle/lib/python3.10/site-packages/sparkle/Components/smac2-v2.10.03-master-778/smac --scenario-file Output/Configuration/Raw_Data/SMAC2/SCIP_Europe_3h_year/SCIP_Europe_3h_year_scenario.txt --seed 6 ", "working_dir": ".", "output_file": "/rwthfs/rz/cluster/home/vx475510/satellite-operations-planning/sparkle/Output/Configuration/Raw_Data/SMAC2/SCIP_Europe_3h_year/results/SCIP_Europe_3h_year_seed_6_smac.txt", "stdout_file": "Output/Log/configure_solver_2025-04-22-14.44.01/SMAC2:_SCIP_on_Europe_3h_year-0004.out", "stderr_file": "Output/Log/configure_solver_2025-04-22-14.44.01/SMAC2:_SCIP_on_Europe_3h_year-0004.err", "slurm_job_id": "56314354_4", "job_state": null, "start_time_stamp": null, "end_time_stamp": null, "submit_time_stamp": null, "job_restarts": null, "job_qos": null, "job_partition": null, "job_nodes": null}, {"cmd": "python3 /rwthfs/rz/cluster/home/vx475510/miniforge3/envs/sparkle/lib/python3.10/site-packages/sparkle/configurator/configurator_cli.py SMAC2 /rwthfs/rz/cluster/home/vx475510/satellite-operations-planning/sparkle/Output/Configuration/Raw_Data/SMAC2/SCIP_Europe_3h_year/results/SCIP_Europe_3h_year_seed_7_smac.txt Output/Performance_Data/performance_data.csv Output/Configuration/Raw_Data/SMAC2/SCIP_Europe_3h_year/SCIP_Europe_3h_year_scenario.txt 7 /rwthfs/rz/cluster/home/vx475510/miniforge3/envs/sparkle/lib/python3.10/site-packages/sparkle/Components/smac2-v2.10.03-master-778/smac --scenario-file Output/Configuration/Raw_Data/SMAC2/SCIP_Europe_3h_year/SCIP_Europe_3h_year_scenario.txt --seed 7 ", "working_dir": ".", "output_file": "/rwthfs/rz/cluster/home/vx475510/satellite-operations-planning/sparkle/Output/Configuration/Raw_Data/SMAC2/SCIP_Europe_3h_year/results/SCIP_Europe_3h_year_seed_7_smac.txt", "stdout_file": "Output/Log/configure_solver_2025-04-22-14.44.01/SMAC2:_SCIP_on_Europe_3h_year-0005.out", "stderr_file": "Output/Log/configure_solver_2025-04-22-14.44.01/SMAC2:_SCIP_on_Europe_3h_year-0005.err", "slurm_job_id": "56314354_5", "job_state": null, "start_time_stamp": null, "end_time_stamp": null, "submit_time_stamp": null, "job_restarts": null, "job_qos": null, "job_partition": null, "job_nodes": null}, {"cmd": "python3 /rwthfs/rz/cluster/home/vx475510/miniforge3/envs/sparkle/lib/python3.10/site-packages/sparkle/configurator/configurator_cli.py SMAC2 /rwthfs/rz/cluster/home/vx475510/satellite-operations-planning/sparkle/Output/Configuration/Raw_Data/SMAC2/SCIP_Europe_3h_year/results/SCIP_Europe_3h_year_seed_8_smac.txt Output/Performance_Data/performance_data.csv Output/Configuration/Raw_Data/SMAC2/SCIP_Europe_3h_year/SCIP_Europe_3h_year_scenario.txt 8 /rwthfs/rz/cluster/home/vx475510/miniforge3/envs/sparkle/lib/python3.10/site-packages/sparkle/Components/smac2-v2.10.03-master-778/smac --scenario-file Output/Configuration/Raw_Data/SMAC2/SCIP_Europe_3h_year/SCIP_Europe_3h_year_scenario.txt --seed 8 ", "working_dir": ".", "output_file": "/rwthfs/rz/cluster/home/vx475510/satellite-operations-planning/sparkle/Output/Configuration/Raw_Data/SMAC2/SCIP_Europe_3h_year/results/SCIP_Europe_3h_year_seed_8_smac.txt", "stdout_file": "Output/Log/configure_solver_2025-04-22-14.44.01/SMAC2:_SCIP_on_Europe_3h_year-0006.out", "stderr_file": "Output/Log/configure_solver_2025-04-22-14.44.01/SMAC2:_SCIP_on_Europe_3h_year-0006.err", "slurm_job_id": "56314354_6", "job_state": null, "start_time_stamp": null, "end_time_stamp": null, "submit_time_stamp": null, "job_restarts": null, "job_qos": null, "job_partition": null, "job_nodes": null}, {"cmd": "python3 /rwthfs/rz/cluster/home/vx475510/miniforge3/envs/sparkle/lib/python3.10/site-packages/sparkle/configurator/configurator_cli.py SMAC2 /rwthfs/rz/cluster/home/vx475510/satellite-operations-planning/sparkle/Output/Configuration/Raw_Data/SMAC2/SCIP_Europe_3h_year/results/SCIP_Europe_3h_year_seed_9_smac.txt Output/Performance_Data/performance_data.csv Output/Configuration/Raw_Data/SMAC2/SCIP_Europe_3h_year/SCIP_Europe_3h_year_scenario.txt 9 /rwthfs/rz/cluster/home/vx475510/miniforge3/envs/sparkle/lib/python3.10/site-packages/sparkle/Components/smac2-v2.10.03-master-778/smac --scenario-file Output/Configuration/Raw_Data/SMAC2/SCIP_Europe_3h_year/SCIP_Europe_3h_year_scenario.txt --seed 9 ", "working_dir": ".", "output_file": "/rwthfs/rz/cluster/home/vx475510/satellite-operations-planning/sparkle/Output/Configuration/Raw_Data/SMAC2/SCIP_Europe_3h_year/results/SCIP_Europe_3h_year_seed_9_smac.txt", "stdout_file": "Output/Log/configure_solver_2025-04-22-14.44.01/SMAC2:_SCIP_on_Europe_3h_year-0007.out", "stderr_file": "Output/Log/configure_solver_2025-04-22-14.44.01/SMAC2:_SCIP_on_Europe_3h_year-0007.err", "slurm_job_id": "56314354_7", "job_state": null, "start_time_stamp": null, "end_time_stamp": null, "submit_time_stamp": null, "job_restarts": null, "job_qos": null, "job_partition": null, "job_nodes": null}, {"cmd": "python3 /rwthfs/rz/cluster/home/vx475510/miniforge3/envs/sparkle/lib/python3.10/site-packages/sparkle/configurator/configurator_cli.py SMAC2 /rwthfs/rz/cluster/home/vx475510/satellite-operations-planning/sparkle/Output/Configuration/Raw_Data/SMAC2/SCIP_Europe_3h_year/results/SCIP_Europe_3h_year_seed_10_smac.txt Output/Performance_Data/performance_data.csv Output/Configuration/Raw_Data/SMAC2/SCIP_Europe_3h_year/SCIP_Europe_3h_year_scenario.txt 10 /rwthfs/rz/cluster/home/vx475510/miniforge3/envs/sparkle/lib/python3.10/site-packages/sparkle/Components/smac2-v2.10.03-master-778/smac --scenario-file Output/Configuration/Raw_Data/SMAC2/SCIP_Europe_3h_year/SCIP_Europe_3h_year_scenario.txt --seed 10 ", "working_dir": ".", "output_file": "/rwthfs/rz/cluster/home/vx475510/satellite-operations-planning/sparkle/Output/Configuration/Raw_Data/SMAC2/SCIP_Europe_3h_year/results/SCIP_Europe_3h_year_seed_10_smac.txt", "stdout_file": "Output/Log/configure_solver_2025-04-22-14.44.01/SMAC2:_SCIP_on_Europe_3h_year-0008.out", "stderr_file": "Output/Log/configure_solver_2025-04-22-14.44.01/SMAC2:_SCIP_on_Europe_3h_year-0008.err", "slurm_job_id": "56314354_8", "job_state": null, "start_time_stamp": null, "end_time_stamp": null, "submit_time_stamp": null, "job_restarts": null, "job_qos": null, "job_partition": null, "job_nodes": null}, {"cmd": "python3 /rwthfs/rz/cluster/home/vx475510/miniforge3/envs/sparkle/lib/python3.10/site-packages/sparkle/configurator/configurator_cli.py SMAC2 /rwthfs/rz/cluster/home/vx475510/satellite-operations-planning/sparkle/Output/Configuration/Raw_Data/SMAC2/SCIP_Europe_3h_year/results/SCIP_Europe_3h_year_seed_11_smac.txt Output/Performance_Data/performance_data.csv Output/Configuration/Raw_Data/SMAC2/SCIP_Europe_3h_year/SCIP_Europe_3h_year_scenario.txt 11 /rwthfs/rz/cluster/home/vx475510/miniforge3/envs/sparkle/lib/python3.10/site-packages/sparkle/Components/smac2-v2.10.03-master-778/smac --scenario-file Output/Configuration/Raw_Data/SMAC2/SCIP_Europe_3h_year/SCIP_Europe_3h_year_scenario.txt --seed 11 ", "working_dir": ".", "output_file": "/rwthfs/rz/cluster/home/vx475510/satellite-operations-planning/sparkle/Output/Configuration/Raw_Data/SMAC2/SCIP_Europe_3h_year/results/SCIP_Europe_3h_year_seed_11_smac.txt", "stdout_file": "Output/Log/configure_solver_2025-04-22-14.44.01/SMAC2:_SCIP_on_Europe_3h_year-0009.out", "stderr_file": "Output/Log/configure_solver_2025-04-22-14.44.01/SMAC2:_SCIP_on_Europe_3h_year-0009.err", "slurm_job_id": "56314354_9", "job_state": null, "start_time_stamp": null, "end_time_stamp": null, "submit_time_stamp": null, "job_restarts": null, "job_qos": null, "job_partition": null, "job_nodes": null}, {"cmd": "python3 /rwthfs/rz/cluster/home/vx475510/miniforge3/envs/sparkle/lib/python3.10/site-packages/sparkle/configurator/configurator_cli.py SMAC2 /rwthfs/rz/cluster/home/vx475510/satellite-operations-planning/sparkle/Output/Configuration/Raw_Data/SMAC2/SCIP_Europe_3h_year/results/SCIP_Europe_3h_year_seed_12_smac.txt Output/Performance_Data/performance_data.csv Output/Configuration/Raw_Data/SMAC2/SCIP_Europe_3h_year/SCIP_Europe_3h_year_scenario.txt 12 /rwthfs/rz/cluster/home/vx475510/miniforge3/envs/sparkle/lib/python3.10/site-packages/sparkle/Components/smac2-v2.10.03-master-778/smac --scenario-file Output/Configuration/Raw_Data/SMAC2/SCIP_Europe_3h_year/SCIP_Europe_3h_year_scenario.txt --seed 12 ", "working_dir": ".", "output_file": "/rwthfs/rz/cluster/home/vx475510/satellite-operations-planning/sparkle/Output/Configuration/Raw_Data/SMAC2/SCIP_Europe_3h_year/results/SCIP_Europe_3h_year_seed_12_smac.txt", "stdout_file": "Output/Log/configure_solver_2025-04-22-14.44.01/SMAC2:_SCIP_on_Europe_3h_year-0010.out", "stderr_file": "Output/Log/configure_solver_2025-04-22-14.44.01/SMAC2:_SCIP_on_Europe_3h_year-0010.err", "slurm_job_id": "56314354_10", "job_state": null, "start_time_stamp": null, "end_time_stamp": null, "submit_time_stamp": null, "job_restarts": null, "job_qos": null, "job_partition": null, "job_nodes": null}, {"cmd": "python3 /rwthfs/rz/cluster/home/vx475510/miniforge3/envs/sparkle/lib/python3.10/site-packages/sparkle/configurator/configurator_cli.py SMAC2 /rwthfs/rz/cluster/home/vx475510/satellite-operations-planning/sparkle/Output/Configuration/Raw_Data/SMAC2/SCIP_Europe_3h_year/results/SCIP_Europe_3h_year_seed_13_smac.txt Output/Performance_Data/performance_data.csv Output/Configuration/Raw_Data/SMAC2/SCIP_Europe_3h_year/SCIP_Europe_3h_year_scenario.txt 13 /rwthfs/rz/cluster/home/vx475510/miniforge3/envs/sparkle/lib/python3.10/site-packages/sparkle/Components/smac2-v2.10.03-master-778/smac --scenario-file Output/Configuration/Raw_Data/SMAC2/SCIP_Europe_3h_year/SCIP_Europe_3h_year_scenario.txt --seed 13 ", "working_dir": ".", "output_file": "/rwthfs/rz/cluster/home/vx475510/satellite-operations-planning/sparkle/Output/Configuration/Raw_Data/SMAC2/SCIP_Europe_3h_year/results/SCIP_Europe_3h_year_seed_13_smac.txt", "stdout_file": "Output/Log/configure_solver_2025-04-22-14.44.01/SMAC2:_SCIP_on_Europe_3h_year-0011.out", "stderr_file": "Output/Log/configure_solver_2025-04-22-14.44.01/SMAC2:_SCIP_on_Europe_3h_year-0011.err", "slurm_job_id": "56314354_11", "job_state": null, "start_time_stamp": null, "end_time_stamp": null, "submit_time_stamp": null, "job_restarts": null, "job_qos": null, "job_partition": null, "job_nodes": null}, {"cmd": "python3 /rwthfs/rz/cluster/home/vx475510/miniforge3/envs/sparkle/lib/python3.10/site-packages/sparkle/configurator/configurator_cli.py SMAC2 /rwthfs/rz/cluster/home/vx475510/satellite-operations-planning/sparkle/Output/Configuration/Raw_Data/SMAC2/SCIP_Europe_3h_year/results/SCIP_Europe_3h_year_seed_14_smac.txt Output/Performance_Data/performance_data.csv Output/Configuration/Raw_Data/SMAC2/SCIP_Europe_3h_year/SCIP_Europe_3h_year_scenario.txt 14 /rwthfs/rz/cluster/home/vx475510/miniforge3/envs/sparkle/lib/python3.10/site-packages/sparkle/Components/smac2-v2.10.03-master-778/smac --scenario-file Output/Configuration/Raw_Data/SMAC2/SCIP_Europe_3h_year/SCIP_Europe_3h_year_scenario.txt --seed 14 ", "working_dir": ".", "output_file": "/rwthfs/rz/cluster/home/vx475510/satellite-operations-planning/sparkle/Output/Configuration/Raw_Data/SMAC2/SCIP_Europe_3h_year/results/SCIP_Europe_3h_year_seed_14_smac.txt", "stdout_file": "Output/Log/configure_solver_2025-04-22-14.44.01/SMAC2:_SCIP_on_Europe_3h_year-0012.out", "stderr_file": "Output/Log/configure_solver_2025-04-22-14.44.01/SMAC2:_SCIP_on_Europe_3h_year-0012.err", "slurm_job_id": "56314354_12", "job_state": null, "start_time_stamp": null, "end_time_stamp": null, "submit_time_stamp": null, "job_restarts": null, "job_qos": null, "job_partition": null, "job_nodes": null}, {"cmd": "python3 /rwthfs/rz/cluster/home/vx475510/miniforge3/envs/sparkle/lib/python3.10/site-packages/sparkle/configurator/configurator_cli.py SMAC2 /rwthfs/rz/cluster/home/vx475510/satellite-operations-planning/sparkle/Output/Configuration/Raw_Data/SMAC2/SCIP_Europe_3h_year/results/SCIP_Europe_3h_year_seed_15_smac.txt Output/Performance_Data/performance_data.csv Output/Configuration/Raw_Data/SMAC2/SCIP_Europe_3h_year/SCIP_Europe_3h_year_scenario.txt 15 /rwthfs/rz/cluster/home/vx475510/miniforge3/envs/sparkle/lib/python3.10/site-packages/sparkle/Components/smac2-v2.10.03-master-778/smac --scenario-file Output/Configuration/Raw_Data/SMAC2/SCIP_Europe_3h_year/SCIP_Europe_3h_year_scenario.txt --seed 15 ", "working_dir": ".", "output_file": "/rwthfs/rz/cluster/home/vx475510/satellite-operations-planning/sparkle/Output/Configuration/Raw_Data/SMAC2/SCIP_Europe_3h_year/results/SCIP_Europe_3h_year_seed_15_smac.txt", "stdout_file": "Output/Log/configure_solver_2025-04-22-14.44.01/SMAC2:_SCIP_on_Europe_3h_year-0013.out", "stderr_file": "Output/Log/configure_solver_2025-04-22-14.44.01/SMAC2:_SCIP_on_Europe_3h_year-0013.err", "slurm_job_id": "56314354_13", "job_state": null, "start_time_stamp": null, "end_time_stamp": null, "submit_time_stamp": null, "job_restarts": null, "job_qos": null, "job_partition": null, "job_nodes": null}, {"cmd": "python3 /rwthfs/rz/cluster/home/vx475510/miniforge3/envs/sparkle/lib/python3.10/site-packages/sparkle/configurator/configurator_cli.py SMAC2 /rwthfs/rz/cluster/home/vx475510/satellite-operations-planning/sparkle/Output/Configuration/Raw_Data/SMAC2/SCIP_Europe_3h_year/results/SCIP_Europe_3h_year_seed_16_smac.txt Output/Performance_Data/performance_data.csv Output/Configuration/Raw_Data/SMAC2/SCIP_Europe_3h_year/SCIP_Europe_3h_year_scenario.txt 16 /rwthfs/rz/cluster/home/vx475510/miniforge3/envs/sparkle/lib/python3.10/site-packages/sparkle/Components/smac2-v2.10.03-master-778/smac --scenario-file Output/Configuration/Raw_Data/SMAC2/SCIP_Europe_3h_year/SCIP_Europe_3h_year_scenario.txt --seed 16 ", "working_dir": ".", "output_file": "/rwthfs/rz/cluster/home/vx475510/satellite-operations-planning/sparkle/Output/Configuration/Raw_Data/SMAC2/SCIP_Europe_3h_year/results/SCIP_Europe_3h_year_seed_16_smac.txt", "stdout_file": "Output/Log/configure_solver_2025-04-22-14.44.01/SMAC2:_SCIP_on_Europe_3h_year-0014.out", "stderr_file": "Output/Log/configure_solver_2025-04-22-14.44.01/SMAC2:_SCIP_on_Europe_3h_year-0014.err", "slurm_job_id": "56314354_14", "job_state": null, "start_time_stamp": null, "end_time_stamp": null, "submit_time_stamp": null, "job_restarts": null, "job_qos": null, "job_partition": null, "job_nodes": null}, {"cmd": "python3 /rwthfs/rz/cluster/home/vx475510/miniforge3/envs/sparkle/lib/python3.10/site-packages/sparkle/configurator/configurator_cli.py SMAC2 /rwthfs/rz/cluster/home/vx475510/satellite-operations-planning/sparkle/Output/Configuration/Raw_Data/SMAC2/SCIP_Europe_3h_year/results/SCIP_Europe_3h_year_seed_17_smac.txt Output/Performance_Data/performance_data.csv Output/Configuration/Raw_Data/SMAC2/SCIP_Europe_3h_year/SCIP_Europe_3h_year_scenario.txt 17 /rwthfs/rz/cluster/home/vx475510/miniforge3/envs/sparkle/lib/python3.10/site-packages/sparkle/Components/smac2-v2.10.03-master-778/smac --scenario-file Output/Configuration/Raw_Data/SMAC2/SCIP_Europe_3h_year/SCIP_Europe_3h_year_scenario.txt --seed 17 ", "working_dir": ".", "output_file": "/rwthfs/rz/cluster/home/vx475510/satellite-operations-planning/sparkle/Output/Configuration/Raw_Data/SMAC2/SCIP_Europe_3h_year/results/SCIP_Europe_3h_year_seed_17_smac.txt", "stdout_file": "Output/Log/configure_solver_2025-04-22-14.44.01/SMAC2:_SCIP_on_Europe_3h_year-0015.out", "stderr_file": "Output/Log/configure_solver_2025-04-22-14.44.01/SMAC2:_SCIP_on_Europe_3h_year-0015.err", "slurm_job_id": "56314354_15", "job_state": null, "start_time_stamp": null, "end_time_stamp": null, "submit_time_stamp": null, "job_restarts": null, "job_qos": null, "job_partition": null, "job_nodes": null}, {"cmd": "python3 /rwthfs/rz/cluster/home/vx475510/miniforge3/envs/sparkle/lib/python3.10/site-packages/sparkle/configurator/configurator_cli.py SMAC2 /rwthfs/rz/cluster/home/vx475510/satellite-operations-planning/sparkle/Output/Configuration/Raw_Data/SMAC2/SCIP_Europe_3h_year/results/SCIP_Europe_3h_year_seed_18_smac.txt Output/Performance_Data/performance_data.csv Output/Configuration/Raw_Data/SMAC2/SCIP_Europe_3h_year/SCIP_Europe_3h_year_scenario.txt 18 /rwthfs/rz/cluster/home/vx475510/miniforge3/envs/sparkle/lib/python3.10/site-packages/sparkle/Components/smac2-v2.10.03-master-778/smac --scenario-file Output/Configuration/Raw_Data/SMAC2/SCIP_Europe_3h_year/SCIP_Europe_3h_year_scenario.txt --seed 18 ", "working_dir": ".", "output_file": "/rwthfs/rz/cluster/home/vx475510/satellite-operations-planning/sparkle/Output/Configuration/Raw_Data/SMAC2/SCIP_Europe_3h_year/results/SCIP_Europe_3h_year_seed_18_smac.txt", "stdout_file": "Output/Log/configure_solver_2025-04-22-14.44.01/SMAC2:_SCIP_on_Europe_3h_year-0016.out", "stderr_file": "Output/Log/configure_solver_2025-04-22-14.44.01/SMAC2:_SCIP_on_Europe_3h_year-0016.err", "slurm_job_id": "56314354_16", "job_state": null, "start_time_stamp": null, "end_time_stamp": null, "submit_time_stamp": null, "job_restarts": null, "job_qos": null, "job_partition": null, "job_nodes": null}, {"cmd": "python3 /rwthfs/rz/cluster/home/vx475510/miniforge3/envs/sparkle/lib/python3.10/site-packages/sparkle/configurator/configurator_cli.py SMAC2 /rwthfs/rz/cluster/home/vx475510/satellite-operations-planning/sparkle/Output/Configuration/Raw_Data/SMAC2/SCIP_Europe_3h_year/results/SCIP_Europe_3h_year_seed_19_smac.txt Output/Performance_Data/performance_data.csv Output/Configuration/Raw_Data/SMAC2/SCIP_Europe_3h_year/SCIP_Europe_3h_year_scenario.txt 19 /rwthfs/rz/cluster/home/vx475510/miniforge3/envs/sparkle/lib/python3.10/site-packages/sparkle/Components/smac2-v2.10.03-master-778/smac --scenario-file Output/Configuration/Raw_Data/SMAC2/SCIP_Europe_3h_year/SCIP_Europe_3h_year_scenario.txt --seed 19 ", "working_dir": ".", "output_file": "/rwthfs/rz/cluster/home/vx475510/satellite-operations-planning/sparkle/Output/Configuration/Raw_Data/SMAC2/SCIP_Europe_3h_year/results/SCIP_Europe_3h_year_seed_19_smac.txt", "stdout_file": "Output/Log/configure_solver_2025-04-22-14.44.01/SMAC2:_SCIP_on_Europe_3h_year-0017.out", "stderr_file": "Output/Log/configure_solver_2025-04-22-14.44.01/SMAC2:_SCIP_on_Europe_3h_year-0017.err", "slurm_job_id": "56314354_17", "job_state": null, "start_time_stamp": null, "end_time_stamp": null, "submit_time_stamp": null, "job_restarts": null, "job_qos": null, "job_partition": null, "job_nodes": null}, {"cmd": "python3 /rwthfs/rz/cluster/home/vx475510/miniforge3/envs/sparkle/lib/python3.10/site-packages/sparkle/configurator/configurator_cli.py SMAC2 /rwthfs/rz/cluster/home/vx475510/satellite-operations-planning/sparkle/Output/Configuration/Raw_Data/SMAC2/SCIP_Europe_3h_year/results/SCIP_Europe_3h_year_seed_20_smac.txt Output/Performance_Data/performance_data.csv Output/Configuration/Raw_Data/SMAC2/SCIP_Europe_3h_year/SCIP_Europe_3h_year_scenario.txt 20 /rwthfs/rz/cluster/home/vx475510/miniforge3/envs/sparkle/lib/python3.10/site-packages/sparkle/Components/smac2-v2.10.03-master-778/smac --scenario-file Output/Configuration/Raw_Data/SMAC2/SCIP_Europe_3h_year/SCIP_Europe_3h_year_scenario.txt --seed 20 ", "working_dir": ".", "output_file": "/rwthfs/rz/cluster/home/vx475510/satellite-operations-planning/sparkle/Output/Configuration/Raw_Data/SMAC2/SCIP_Europe_3h_year/results/SCIP_Europe_3h_year_seed_20_smac.txt", "stdout_file": "Output/Log/configure_solver_2025-04-22-14.44.01/SMAC2:_SCIP_on_Europe_3h_year-0018.out", "stderr_file": "Output/Log/configure_solver_2025-04-22-14.44.01/SMAC2:_SCIP_on_Europe_3h_year-0018.err", "slurm_job_id": "56314354_18", "job_state": null, "start_time_stamp": null, "end_time_stamp": null, "submit_time_stamp": null, "job_restarts": null, "job_qos": null, "job_partition": null, "job_nodes": null}, {"cmd": "python3 /rwthfs/rz/cluster/home/vx475510/miniforge3/envs/sparkle/lib/python3.10/site-packages/sparkle/configurator/configurator_cli.py SMAC2 /rwthfs/rz/cluster/home/vx475510/satellite-operations-planning/sparkle/Output/Configuration/Raw_Data/SMAC2/SCIP_Europe_3h_year/results/SCIP_Europe_3h_year_seed_21_smac.txt Output/Performance_Data/performance_data.csv Output/Configuration/Raw_Data/SMAC2/SCIP_Europe_3h_year/SCIP_Europe_3h_year_scenario.txt 21 /rwthfs/rz/cluster/home/vx475510/miniforge3/envs/sparkle/lib/python3.10/site-packages/sparkle/Components/smac2-v2.10.03-master-778/smac --scenario-file Output/Configuration/Raw_Data/SMAC2/SCIP_Europe_3h_year/SCIP_Europe_3h_year_scenario.txt --seed 21 ", "working_dir": ".", "output_file": "/rwthfs/rz/cluster/home/vx475510/satellite-operations-planning/sparkle/Output/Configuration/Raw_Data/SMAC2/SCIP_Europe_3h_year/results/SCIP_Europe_3h_year_seed_21_smac.txt", "stdout_file": "Output/Log/configure_solver_2025-04-22-14.44.01/SMAC2:_SCIP_on_Europe_3h_year-0019.out", "stderr_file": "Output/Log/configure_solver_2025-04-22-14.44.01/SMAC2:_SCIP_on_Europe_3h_year-0019.err", "slurm_job_id": "56314354_19", "job_state": null, "start_time_stamp": null, "end_time_stamp": null, "submit_time_stamp": null, "job_restarts": null, "job_qos": null, "job_partition": null, "job_nodes": null}, {"cmd": "python3 /rwthfs/rz/cluster/home/vx475510/miniforge3/envs/sparkle/lib/python3.10/site-packages/sparkle/configurator/configurator_cli.py SMAC2 /rwthfs/rz/cluster/home/vx475510/satellite-operations-planning/sparkle/Output/Configuration/Raw_Data/SMAC2/SCIP_Europe_3h_year/results/SCIP_Europe_3h_year_seed_22_smac.txt Output/Performance_Data/performance_data.csv Output/Configuration/Raw_Data/SMAC2/SCIP_Europe_3h_year/SCIP_Europe_3h_year_scenario.txt 22 /rwthfs/rz/cluster/home/vx475510/miniforge3/envs/sparkle/lib/python3.10/site-packages/sparkle/Components/smac2-v2.10.03-master-778/smac --scenario-file Output/Configuration/Raw_Data/SMAC2/SCIP_Europe_3h_year/SCIP_Europe_3h_year_scenario.txt --seed 22 ", "working_dir": ".", "output_file": "/rwthfs/rz/cluster/home/vx475510/satellite-operations-planning/sparkle/Output/Configuration/Raw_Data/SMAC2/SCIP_Europe_3h_year/results/SCIP_Europe_3h_year_seed_22_smac.txt", "stdout_file": "Output/Log/configure_solver_2025-04-22-14.44.01/SMAC2:_SCIP_on_Europe_3h_year-0020.out", "stderr_file": "Output/Log/configure_solver_2025-04-22-14.44.01/SMAC2:_SCIP_on_Europe_3h_year-0020.err", "slurm_job_id": "56314354_20", "job_state": null, "start_time_stamp": null, "end_time_stamp": null, "submit_time_stamp": null, "job_restarts": null, "job_qos": null, "job_partition": null, "job_nodes": null}, {"cmd": "python3 /rwthfs/rz/cluster/home/vx475510/miniforge3/envs/sparkle/lib/python3.10/site-packages/sparkle/configurator/configurator_cli.py SMAC2 /rwthfs/rz/cluster/home/vx475510/satellite-operations-planning/sparkle/Output/Configuration/Raw_Data/SMAC2/SCIP_Europe_3h_year/results/SCIP_Europe_3h_year_seed_23_smac.txt Output/Performance_Data/performance_data.csv Output/Configuration/Raw_Data/SMAC2/SCIP_Europe_3h_year/SCIP_Europe_3h_year_scenario.txt 23 /rwthfs/rz/cluster/home/vx475510/miniforge3/envs/sparkle/lib/python3.10/site-packages/sparkle/Components/smac2-v2.10.03-master-778/smac --scenario-file Output/Configuration/Raw_Data/SMAC2/SCIP_Europe_3h_year/SCIP_Europe_3h_year_scenario.txt --seed 23 ", "working_dir": ".", "output_file": "/rwthfs/rz/cluster/home/vx475510/satellite-operations-planning/sparkle/Output/Configuration/Raw_Data/SMAC2/SCIP_Europe_3h_year/results/SCIP_Europe_3h_year_seed_23_smac.txt", "stdout_file": "Output/Log/configure_solver_2025-04-22-14.44.01/SMAC2:_SCIP_on_Europe_3h_year-0021.out", "stderr_file": "Output/Log/configure_solver_2025-04-22-14.44.01/SMAC2:_SCIP_on_Europe_3h_year-0021.err", "slurm_job_id": "56314354_21", "job_state": null, "start_time_stamp": null, "end_time_stamp": null, "submit_time_stamp": null, "job_restarts": null, "job_qos": null, "job_partition": null, "job_nodes": null}, {"cmd": "python3 /rwthfs/rz/cluster/home/vx475510/miniforge3/envs/sparkle/lib/python3.10/site-packages/sparkle/configurator/configurator_cli.py SMAC2 /rwthfs/rz/cluster/home/vx475510/satellite-operations-planning/sparkle/Output/Configuration/Raw_Data/SMAC2/SCIP_Europe_3h_year/results/SCIP_Europe_3h_year_seed_24_smac.txt Output/Performance_Data/performance_data.csv Output/Configuration/Raw_Data/SMAC2/SCIP_Europe_3h_year/SCIP_Europe_3h_year_scenario.txt 24 /rwthfs/rz/cluster/home/vx475510/miniforge3/envs/sparkle/lib/python3.10/site-packages/sparkle/Components/smac2-v2.10.03-master-778/smac --scenario-file Output/Configuration/Raw_Data/SMAC2/SCIP_Europe_3h_year/SCIP_Europe_3h_year_scenario.txt --seed 24 ", "working_dir": ".", "output_file": "/rwthfs/rz/cluster/home/vx475510/satellite-operations-planning/sparkle/Output/Configuration/Raw_Data/SMAC2/SCIP_Europe_3h_year/results/SCIP_Europe_3h_year_seed_24_smac.txt", "stdout_file": "Output/Log/configure_solver_2025-04-22-14.44.01/SMAC2:_SCIP_on_Europe_3h_year-0022.out", "stderr_file": "Output/Log/configure_solver_2025-04-22-14.44.01/SMAC2:_SCIP_on_Europe_3h_year-0022.err", "slurm_job_id": "56314354_22", "job_state": null, "start_time_stamp": null, "end_time_stamp": null, "submit_time_stamp": null, "job_restarts": null, "job_qos": null, "job_partition": null, "job_nodes": null}, {"cmd": "python3 /rwthfs/rz/cluster/home/vx475510/miniforge3/envs/sparkle/lib/python3.10/site-packages/sparkle/configurator/configurator_cli.py SMAC2 /rwthfs/rz/cluster/home/vx475510/satellite-operations-planning/sparkle/Output/Configuration/Raw_Data/SMAC2/SCIP_Europe_3h_year/results/SCIP_Europe_3h_year_seed_25_smac.txt Output/Performance_Data/performance_data.csv Output/Configuration/Raw_Data/SMAC2/SCIP_Europe_3h_year/SCIP_Europe_3h_year_scenario.txt 25 /rwthfs/rz/cluster/home/vx475510/miniforge3/envs/sparkle/lib/python3.10/site-packages/sparkle/Components/smac2-v2.10.03-master-778/smac --scenario-file Output/Configuration/Raw_Data/SMAC2/SCIP_Europe_3h_year/SCIP_Europe_3h_year_scenario.txt --seed 25 ", "working_dir": ".", "output_file": "/rwthfs/rz/cluster/home/vx475510/satellite-operations-planning/sparkle/Output/Configuration/Raw_Data/SMAC2/SCIP_Europe_3h_year/results/SCIP_Europe_3h_year_seed_25_smac.txt", "stdout_file": "Output/Log/configure_solver_2025-04-22-14.44.01/SMAC2:_SCIP_on_Europe_3h_year-0023.out", "stderr_file": "Output/Log/configure_solver_2025-04-22-14.44.01/SMAC2:_SCIP_on_Europe_3h_year-0023.err", "slurm_job_id": "56314354_23", "job_state": null, "start_time_stamp": null, "end_time_stamp": null, "submit_time_stamp": null, "job_restarts": null, "job_qos": null, "job_partition": null, "job_nodes": null}, {"cmd": "python3 /rwthfs/rz/cluster/home/vx475510/miniforge3/envs/sparkle/lib/python3.10/site-packages/sparkle/configurator/configurator_cli.py SMAC2 /rwthfs/rz/cluster/home/vx475510/satellite-operations-planning/sparkle/Output/Configuration/Raw_Data/SMAC2/SCIP_Europe_3h_year/results/SCIP_Europe_3h_year_seed_26_smac.txt Output/Performance_Data/performance_data.csv Output/Configuration/Raw_Data/SMAC2/SCIP_Europe_3h_year/SCIP_Europe_3h_year_scenario.txt 26 /rwthfs/rz/cluster/home/vx475510/miniforge3/envs/sparkle/lib/python3.10/site-packages/sparkle/Components/smac2-v2.10.03-master-778/smac --scenario-file Output/Configuration/Raw_Data/SMAC2/SCIP_Europe_3h_year/SCIP_Europe_3h_year_scenario.txt --seed 26 ", "working_dir": ".", "output_file": "/rwthfs/rz/cluster/home/vx475510/satellite-operations-planning/sparkle/Output/Configuration/Raw_Data/SMAC2/SCIP_Europe_3h_year/results/SCIP_Europe_3h_year_seed_26_smac.txt", "stdout_file": "Output/Log/configure_solver_2025-04-22-14.44.01/SMAC2:_SCIP_on_Europe_3h_year-0024.out", "stderr_file": "Output/Log/configure_solver_2025-04-22-14.44.01/SMAC2:_SCIP_on_Europe_3h_year-0024.err", "slurm_job_id": "56314354_24", "job_state": null, "start_time_stamp": null, "end_time_stamp": null, "submit_time_stamp": null, "job_restarts": null, "job_qos": null, "job_partition": null, "job_nodes": null}], "parallel_jobs": 25, "submitted": true, "run_id": "56314354", "prepend": "export CONDA_ROOT=$HOME/miniforge3\nsource $CONDA_ROOT/etc/profile.d/conda.sh\nexport PATH=\"$CONDA_ROOT/bin:$PATH\"\nconda activate sparkle"}], "sbatch_options": ["--qos=normal", "--mem=10000", "--time=6:00", "--partition=c23ms"], "srun_options": [], "jobs": [], "parallel_jobs": 300, "submitted": false, "run_id": null, "prepend": "export CONDA_ROOT=$HOME/miniforge3\nsource $CONDA_ROOT/etc/profile.d/conda.sh\nexport PATH=\"$CONDA_ROOT/bin:$PATH\"\nconda activate sparkle"}