Solver,,,Solvers/RandomForest,Solvers/RandomForest,Solvers/RandomForest
Meta,,,Value,Seed,Configuration
Objective,Instance,Run,,,
PAR10,Instances/Iris/Iris.csv,1,,,
PAR10,Instances/Iris/Iris.csv,2,,,{}
PAR10,Instances/Iris/Iris.csv,3,,,{}
PAR10,Instances/Iris/Iris.csv,4,,,{}
PAR10,Instances/Iris/Iris.csv,5,,,{}
PAR10,Instances/Iris/Iris.csv,6,,,{}
PAR10,Instances/Iris/Iris.csv,7,,,{}
PAR10,Instances/Iris/Iris.csv,8,,,{}
PAR10,Instances/Iris/Iris.csv,9,,,{}
PAR10,Instances/Iris/Iris.csv,10,,,{}
PAR10,Instances/Iris/Iris.csv,11,,,{}
PAR10,Instances/Iris/Iris.csv,12,,,{}
PAR10,Instances/Iris/Iris.csv,13,,,{}
PAR10,Instances/Iris/Iris.csv,14,,,{}
PAR10,Instances/Iris/Iris.csv,15,,,{}
PAR10,Instances/Iris/Iris.csv,16,,,{}
PAR10,Instances/Iris/Iris.csv,17,,,{}
PAR10,Instances/Iris/Iris.csv,18,,,{}
PAR10,Instances/Iris/Iris.csv,19,,,{}
PAR10,Instances/Iris/Iris.csv,20,,,{}
PAR10,Instances/Iris/Iris.csv,21,,,{}
PAR10,Instances/Iris/Iris.csv,22,,,{}
PAR10,Instances/Iris/Iris.csv,23,,,{}
PAR10,Instances/Iris/Iris.csv,24,,,{}
PAR10,Instances/Iris/Iris.csv,25,,,{}
PAR10,Instances/Iris/Iris.csv,26,,,{}
accuracy:max,Instances/Iris/Iris.csv,1,,,
accuracy:max,Instances/Iris/Iris.csv,2,,,{}
accuracy:max,Instances/Iris/Iris.csv,3,,,{}
accuracy:max,Instances/Iris/Iris.csv,4,,,{}
accuracy:max,Instances/Iris/Iris.csv,5,,,{}
accuracy:max,Instances/Iris/Iris.csv,6,,,{}
accuracy:max,Instances/Iris/Iris.csv,7,,,{}
accuracy:max,Instances/Iris/Iris.csv,8,,,{}
accuracy:max,Instances/Iris/Iris.csv,9,,,{}
accuracy:max,Instances/Iris/Iris.csv,10,,,{}
accuracy:max,Instances/Iris/Iris.csv,11,,,{}
accuracy:max,Instances/Iris/Iris.csv,12,,,{}
accuracy:max,Instances/Iris/Iris.csv,13,,,{}
accuracy:max,Instances/Iris/Iris.csv,14,,,{}
accuracy:max,Instances/Iris/Iris.csv,15,,,{}
accuracy:max,Instances/Iris/Iris.csv,16,,,{}
accuracy:max,Instances/Iris/Iris.csv,17,,,{}
accuracy:max,Instances/Iris/Iris.csv,18,,,{}
accuracy:max,Instances/Iris/Iris.csv,19,,,{}
accuracy:max,Instances/Iris/Iris.csv,20,,,{}
accuracy:max,Instances/Iris/Iris.csv,21,,,{}
accuracy:max,Instances/Iris/Iris.csv,22,,,{}
accuracy:max,Instances/Iris/Iris.csv,23,,,{}
accuracy:max,Instances/Iris/Iris.csv,24,,,{}
accuracy:max,Instances/Iris/Iris.csv,25,,,{}
accuracy:max,Instances/Iris/Iris.csv,26,,,{}
cpu_time:metric,Instances/Iris/Iris.csv,1,,,
cpu_time:metric,Instances/Iris/Iris.csv,2,,,{}
cpu_time:metric,Instances/Iris/Iris.csv,3,,,{}
cpu_time:metric,Instances/Iris/Iris.csv,4,,,{}
cpu_time:metric,Instances/Iris/Iris.csv,5,,,{}
cpu_time:metric,Instances/Iris/Iris.csv,6,,,{}
cpu_time:metric,Instances/Iris/Iris.csv,7,,,{}
cpu_time:metric,Instances/Iris/Iris.csv,8,,,{}
cpu_time:metric,Instances/Iris/Iris.csv,9,,,{}
cpu_time:metric,Instances/Iris/Iris.csv,10,,,{}
cpu_time:metric,Instances/Iris/Iris.csv,11,,,{}
cpu_time:metric,Instances/Iris/Iris.csv,12,,,{}
cpu_time:metric,Instances/Iris/Iris.csv,13,,,{}
cpu_time:metric,Instances/Iris/Iris.csv,14,,,{}
cpu_time:metric,Instances/Iris/Iris.csv,15,,,{}
cpu_time:metric,Instances/Iris/Iris.csv,16,,,{}
cpu_time:metric,Instances/Iris/Iris.csv,17,,,{}
cpu_time:metric,Instances/Iris/Iris.csv,18,,,{}
cpu_time:metric,Instances/Iris/Iris.csv,19,,,{}
cpu_time:metric,Instances/Iris/Iris.csv,20,,,{}
cpu_time:metric,Instances/Iris/Iris.csv,21,,,{}
cpu_time:metric,Instances/Iris/Iris.csv,22,,,{}
cpu_time:metric,Instances/Iris/Iris.csv,23,,,{}
cpu_time:metric,Instances/Iris/Iris.csv,24,,,{}
cpu_time:metric,Instances/Iris/Iris.csv,25,,,{}
cpu_time:metric,Instances/Iris/Iris.csv,26,,,{}
memory:metric,Instances/Iris/Iris.csv,1,,,
memory:metric,Instances/Iris/Iris.csv,2,,,{}
memory:metric,Instances/Iris/Iris.csv,3,,,{}
memory:metric,Instances/Iris/Iris.csv,4,,,{}
memory:metric,Instances/Iris/Iris.csv,5,,,{}
memory:metric,Instances/Iris/Iris.csv,6,,,{}
memory:metric,Instances/Iris/Iris.csv,7,,,{}
memory:metric,Instances/Iris/Iris.csv,8,,,{}
memory:metric,Instances/Iris/Iris.csv,9,,,{}
memory:metric,Instances/Iris/Iris.csv,10,,,{}
memory:metric,Instances/Iris/Iris.csv,11,,,{}
memory:metric,Instances/Iris/Iris.csv,12,,,{}
memory:metric,Instances/Iris/Iris.csv,13,,,{}
memory:metric,Instances/Iris/Iris.csv,14,,,{}
memory:metric,Instances/Iris/Iris.csv,15,,,{}
memory:metric,Instances/Iris/Iris.csv,16,,,{}
memory:metric,Instances/Iris/Iris.csv,17,,,{}
memory:metric,Instances/Iris/Iris.csv,18,,,{}
memory:metric,Instances/Iris/Iris.csv,19,,,{}
memory:metric,Instances/Iris/Iris.csv,20,,,{}
memory:metric,Instances/Iris/Iris.csv,21,,,{}
memory:metric,Instances/Iris/Iris.csv,22,,,{}
memory:metric,Instances/Iris/Iris.csv,23,,,{}
memory:metric,Instances/Iris/Iris.csv,24,,,{}
memory:metric,Instances/Iris/Iris.csv,25,,,{}
memory:metric,Instances/Iris/Iris.csv,26,,,{}
status:metric,Instances/Iris/Iris.csv,1,,,
status:metric,Instances/Iris/Iris.csv,2,,,{}
status:metric,Instances/Iris/Iris.csv,3,,,{}
status:metric,Instances/Iris/Iris.csv,4,,,{}
status:metric,Instances/Iris/Iris.csv,5,,,{}
status:metric,Instances/Iris/Iris.csv,6,,,{}
status:metric,Instances/Iris/Iris.csv,7,,,{}
status:metric,Instances/Iris/Iris.csv,8,,,{}
status:metric,Instances/Iris/Iris.csv,9,,,{}
status:metric,Instances/Iris/Iris.csv,10,,,{}
status:metric,Instances/Iris/Iris.csv,11,,,{}
status:metric,Instances/Iris/Iris.csv,12,,,{}
status:metric,Instances/Iris/Iris.csv,13,,,{}
status:metric,Instances/Iris/Iris.csv,14,,,{}
status:metric,Instances/Iris/Iris.csv,15,,,{}
status:metric,Instances/Iris/Iris.csv,16,,,{}
status:metric,Instances/Iris/Iris.csv,17,,,{}
status:metric,Instances/Iris/Iris.csv,18,,,{}
status:metric,Instances/Iris/Iris.csv,19,,,{}
status:metric,Instances/Iris/Iris.csv,20,,,{}
status:metric,Instances/Iris/Iris.csv,21,,,{}
status:metric,Instances/Iris/Iris.csv,22,,,{}
status:metric,Instances/Iris/Iris.csv,23,,,{}
status:metric,Instances/Iris/Iris.csv,24,,,{}
status:metric,Instances/Iris/Iris.csv,25,,,{}
status:metric,Instances/Iris/Iris.csv,26,,,{}
wall_time:metric,Instances/Iris/Iris.csv,1,,,
wall_time:metric,Instances/Iris/Iris.csv,2,,,{}
wall_time:metric,Instances/Iris/Iris.csv,3,,,{}
wall_time:metric,Instances/Iris/Iris.csv,4,,,{}
wall_time:metric,Instances/Iris/Iris.csv,5,,,{}
wall_time:metric,Instances/Iris/Iris.csv,6,,,{}
wall_time:metric,Instances/Iris/Iris.csv,7,,,{}
wall_time:metric,Instances/Iris/Iris.csv,8,,,{}
wall_time:metric,Instances/Iris/Iris.csv,9,,,{}
wall_time:metric,Instances/Iris/Iris.csv,10,,,{}
wall_time:metric,Instances/Iris/Iris.csv,11,,,{}
wall_time:metric,Instances/Iris/Iris.csv,12,,,{}
wall_time:metric,Instances/Iris/Iris.csv,13,,,{}
wall_time:metric,Instances/Iris/Iris.csv,14,,,{}
wall_time:metric,Instances/Iris/Iris.csv,15,,,{}
wall_time:metric,Instances/Iris/Iris.csv,16,,,{}
wall_time:metric,Instances/Iris/Iris.csv,17,,,{}
wall_time:metric,Instances/Iris/Iris.csv,18,,,{}
wall_time:metric,Instances/Iris/Iris.csv,19,,,{}
wall_time:metric,Instances/Iris/Iris.csv,20,,,{}
wall_time:metric,Instances/Iris/Iris.csv,21,,,{}
wall_time:metric,Instances/Iris/Iris.csv,22,,,{}
wall_time:metric,Instances/Iris/Iris.csv,23,,,{}
wall_time:metric,Instances/Iris/Iris.csv,24,,,{}
wall_time:metric,Instances/Iris/Iris.csv,25,,,{}
wall_time:metric,Instances/Iris/Iris.csv,26,,,{}
