[ {
  "@pi-id" : 2,
  "pi-name" : "Instances/Basic_3h_single/problem_instance_europe_3h.json",
  "pi-instance-specific-info" : "0",
  "pi-features" : { },
  "pi-instance-id(deprecated)" : 1
} ] {
  "r-rc" : {
    "@rc-id" : 2,
    "rc-algo-exec-config" : {
      "@algo-exec-config-id" : 2,
      "algo-exec" : "/rwthfs/rz/cluster/home/vx475510/miniforge3/envs/sparkle/lib/python3.10/site-packages/sparkle/Components/smac2-v2.10.03-master-778/smac2_target_algorithm.py Solvers/SCIP Output/Configuration/Raw_Data/SMAC2/SCIP_Basic_3h_single/tmp runtime",
      "algo-exec-dir" : "/rwthfs/rz/cluster/home/vx475510/satellite-operations-planning/sparkle",
      "algo-pcs" : {
        "@pcs-id" : 2,
        "pcs-filename" : "/rwthfs/rz/cluster/home/vx475510/satellite-operations-planning/sparkle/Solvers/SCIP/configspace.pcs",
        "pcs-text" : "branching_scorefunc categorical {s, p, q} [p]\nbranching_scorefac real [0.0, 1.0] [0.167]\nbranching_preferbinary categorical {TRUE, FALSE} [FALSE]\nlp_initalgorithm categorical {s, p, d, b, c} [s]\nlp_pricing categorical {l, a, f, q, d} [l]\nheuristics_trivial_freq integer [-1, 10] [0]\nseparating_poolfreq integer [0, 10] [10]\nseparating_gomory_away real [0.0, 0.01] [0.01]\nheuristics_subnlp_presolveemphasis categorical {0, 1, 2, 3} [0]\n",
        "pcs-subspace" : { }
      },
      "algo-cutoff" : 60.0,
      "algo-deterministic" : false,
      "algo-tae-context" : { }
    },
    "rc-cutoff" : 60.0,
    "rc-pisp" : {
      "@pisp-id" : 2,
      "pisp-pi" : {
        "@pi-id" : 2
      },
      "pisp-seed" : 2702708
    },
    "rc-pc" : {
      "@pc-id" : 2,
      "pc-pcs" : {
        "@pcs-id" : 2
      },
      "pc-settings" : {
        "branching_preferbinary" : "FALSE",
        "branching_scorefac" : "0.167",
        "branching_scorefunc" : "p",
        "heuristics_subnlp_presolveemphasis" : "0",
        "heuristics_trivial_freq" : "0",
        "lp_initalgorithm" : "s",
        "lp_pricing" : "l",
        "separating_gomory_away" : "0.01",
        "separating_poolfreq" : "10"
      },
      "pc-active-parameters" : [ "branching_preferbinary", "branching_scorefac", "branching_scorefunc", "heuristics_subnlp_presolveemphasis", "heuristics_trivial_freq", "lp_initalgorithm", "lp_pricing", "separating_gomory_away", "separating_poolfreq" ],
      "pc-forbidden" : false,
      "pc-default" : true
    },
    "rc-sample-idx" : 0
  },
  "r-run-result" : "SAT",
  "r-runtime" : 27.7803,
  "r-run-length" : 0.0,
  "r-quality" : 15.489226,
  "r-result-seed" : 2702708,
  "r-addl-run-data" : "",
  "r-wallclock-time" : 39.413
} {
  "r-rc" : {
    "@rc-id" : 3,
    "rc-algo-exec-config" : {
      "@algo-exec-config-id" : 2
    },
    "rc-cutoff" : 60.0,
    "rc-pisp" : {
      "@pisp-id" : 3,
      "pisp-pi" : {
        "@pi-id" : 2
      },
      "pisp-seed" : 595167
    },
    "rc-pc" : {
      "@pc-id" : 2
    },
    "rc-sample-idx" : 0
  },
  "r-run-result" : "SAT",
  "r-runtime" : 26.5373,
  "r-run-length" : 0.0,
  "r-quality" : 14.84094,
  "r-result-seed" : 595167,
  "r-addl-run-data" : "",
  "r-wallclock-time" : 33.946
} {
  "r-rc" : {
    "@rc-id" : 4,
    "rc-algo-exec-config" : {
      "@algo-exec-config-id" : 2
    },
    "rc-cutoff" : 60.0,
    "rc-pisp" : {
      "@pisp-id" : 3
    },
    "rc-pc" : {
      "@pc-id" : 4,
      "pc-pcs" : {
        "@pcs-id" : 2
      },
      "pc-settings" : {
        "branching_preferbinary" : "FALSE",
        "branching_scorefac" : "0.3043213749939516",
        "branching_scorefunc" : "q",
        "heuristics_subnlp_presolveemphasis" : "1",
        "heuristics_trivial_freq" : "1",
        "lp_initalgorithm" : "b",
        "lp_pricing" : "f",
        "separating_gomory_away" : "0.007950887117837757",
        "separating_poolfreq" : "3"
      },
      "pc-active-parameters" : [ "branching_preferbinary", "branching_scorefac", "branching_scorefunc", "heuristics_subnlp_presolveemphasis", "heuristics_trivial_freq", "lp_initalgorithm", "lp_pricing", "separating_gomory_away", "separating_poolfreq" ],
      "pc-forbidden" : false,
      "pc-default" : false
    },
    "rc-sample-idx" : 0
  },
  "r-run-result" : "SAT",
  "r-runtime" : 25.9465,
  "r-run-length" : 0.0,
  "r-quality" : 14.39136,
  "r-result-seed" : 595167,
  "r-addl-run-data" : "",
  "r-wallclock-time" : 33.295
} {
  "r-rc" : {
    "@rc-id" : 5,
    "rc-algo-exec-config" : {
      "@algo-exec-config-id" : 2
    },
    "rc-cutoff" : 60.0,
    "rc-pisp" : {
      "@pisp-id" : 2
    },
    "rc-pc" : {
      "@pc-id" : 4
    },
    "rc-sample-idx" : 0
  },
  "r-run-result" : "SAT",
  "r-runtime" : 26.6082,
  "r-run-length" : 0.0,
  "r-quality" : 14.94171,
  "r-result-seed" : 2702708,
  "r-addl-run-data" : "",
  "r-wallclock-time" : 34.074
} {
  "r-rc" : {
    "@rc-id" : 6,
    "rc-algo-exec-config" : {
      "@algo-exec-config-id" : 2
    },
    "rc-cutoff" : 60.0,
    "rc-pisp" : {
      "@pisp-id" : 6,
      "pisp-pi" : {
        "@pi-id" : 2
      },
      "pisp-seed" : 4156112
    },
    "rc-pc" : {
      "@pc-id" : 4
    },
    "rc-sample-idx" : 0
  },
  "r-run-result" : "SAT",
  "r-runtime" : 25.8641,
  "r-run-length" : 0.0,
  "r-quality" : 14.589703,
  "r-result-seed" : 4156112,
  "r-addl-run-data" : "",
  "r-wallclock-time" : 33.244
} {
  "r-rc" : {
    "@rc-id" : 7,
    "rc-algo-exec-config" : {
      "@algo-exec-config-id" : 2
    },
    "rc-cutoff" : 60.0,
    "rc-pisp" : {
      "@pisp-id" : 2
    },
    "rc-pc" : {
      "@pc-id" : 7,
      "pc-pcs" : {
        "@pcs-id" : 2
      },
      "pc-settings" : {
        "branching_preferbinary" : "TRUE",
        "branching_scorefac" : "0.5770227800419697",
        "branching_scorefunc" : "s",
        "heuristics_subnlp_presolveemphasis" : "1",
        "heuristics_trivial_freq" : "7",
        "lp_initalgorithm" : "b",
        "lp_pricing" : "q",
        "separating_gomory_away" : "0.008234253422670092",
        "separating_poolfreq" : "10"
      },
      "pc-active-parameters" : [ "branching_preferbinary", "branching_scorefac", "branching_scorefunc", "heuristics_subnlp_presolveemphasis", "heuristics_trivial_freq", "lp_initalgorithm", "lp_pricing", "separating_gomory_away", "separating_poolfreq" ],
      "pc-forbidden" : false,
      "pc-default" : false
    },
    "rc-sample-idx" : 0
  },
  "r-run-result" : "SAT",
  "r-runtime" : 25.9462,
  "r-run-length" : 0.0,
  "r-quality" : 14.383922,
  "r-result-seed" : 2702708,
  "r-addl-run-data" : "",
  "r-wallclock-time" : 39.424
} {
  "r-rc" : {
    "@rc-id" : 8,
    "rc-algo-exec-config" : {
      "@algo-exec-config-id" : 2
    },
    "rc-cutoff" : 60.0,
    "rc-pisp" : {
      "@pisp-id" : 3
    },
    "rc-pc" : {
      "@pc-id" : 7
    },
    "rc-sample-idx" : 0
  },
  "r-run-result" : "SAT",
  "r-runtime" : 24.0401,
  "r-run-length" : 0.0,
  "r-quality" : 13.465228,
  "r-result-seed" : 595167,
  "r-addl-run-data" : "",
  "r-wallclock-time" : 31.046
} {
  "r-rc" : {
    "@rc-id" : 9,
    "rc-algo-exec-config" : {
      "@algo-exec-config-id" : 2
    },
    "rc-cutoff" : 60.0,
    "rc-pisp" : {
      "@pisp-id" : 6
    },
    "rc-pc" : {
      "@pc-id" : 7
    },
    "rc-sample-idx" : 0
  },
  "r-run-result" : "SAT",
  "r-runtime" : 23.2742,
  "r-run-length" : 0.0,
  "r-quality" : 13.137321,
  "r-result-seed" : 4156112,
  "r-addl-run-data" : "",
  "r-wallclock-time" : 30.245
} {
  "r-rc" : {
    "@rc-id" : 10,
    "rc-algo-exec-config" : {
      "@algo-exec-config-id" : 2
    },
    "rc-cutoff" : 60.0,
    "rc-pisp" : {
      "@pisp-id" : 10,
      "pisp-pi" : {
        "@pi-id" : 2
      },
      "pisp-seed" : 16521315
    },
    "rc-pc" : {
      "@pc-id" : 7
    },
    "rc-sample-idx" : 0
  },
  "r-run-result" : "SAT",
  "r-runtime" : 22.4153,
  "r-run-length" : 0.0,
  "r-quality" : 11.596245,
  "r-result-seed" : 16521315,
  "r-addl-run-data" : "",
  "r-wallclock-time" : 29.329
}