Solver,,,Solvers/RandomForest,Solvers/RandomForest,Solvers/RandomForest
Meta,,,Value,Seed,Configuration
Objective,Instance,Run,,,
PAR10,Instances/Iris/Iris.csv,1,,,
PAR10,Instances/Iris/Iris.csv,2,,,{}
PAR10,Instances/Iris/Iris.csv,3,,,{}
PAR10,Instances/Iris/Iris.csv,4,,,{}
PAR10,Instances/Iris/Iris.csv,5,,,{}
PAR10,Instances/Iris/Iris.csv,6,,,{}
PAR10,Instances/Iris/Iris.csv,7,,,{}
PAR10,Instances/Iris/Iris.csv,8,,,{}
PAR10,Instances/Iris/Iris.csv,9,,,{}
PAR10,Instances/Iris/Iris.csv,10,,,{}
PAR10,Instances/Iris/Iris.csv,11,,,{}
PAR10,Instances/Iris/Iris.csv,12,,,{}
PAR10,Instances/Iris/Iris.csv,13,,,{}
PAR10,Instances/Iris/Iris.csv,14,,,{}
PAR10,Instances/Iris/Iris.csv,15,,,{}
PAR10,Instances/Iris/Iris.csv,16,,,{}
PAR10,Instances/Iris/Iris.csv,17,,,{}
PAR10,Instances/Iris/Iris.csv,18,,,{}
PAR10,Instances/Iris/Iris.csv,19,,,{}
PAR10,Instances/Iris/Iris.csv,20,,,{}
PAR10,Instances/Iris/Iris.csv,21,,,{}
PAR10,Instances/Iris/Iris.csv,22,,,{}
PAR10,Instances/Iris/Iris.csv,23,,,{}
PAR10,Instances/Iris/Iris.csv,24,,,{}
PAR10,Instances/Iris/Iris.csv,25,,,{}
PAR10,Instances/Iris/Iris.csv,26,,,{}
PAR10,Instances/Iris/Iris.csv,27,,,{}
PAR10,Instances/Iris/Iris.csv,28,,,{}
PAR10,Instances/Iris/Iris.csv,29,,,{}
PAR10,Instances/Iris/Iris.csv,30,,,{}
PAR10,Instances/Iris/Iris.csv,31,,,{}
PAR10,Instances/Iris/Iris.csv,32,,,{}
PAR10,Instances/Iris/Iris.csv,33,,,{}
PAR10,Instances/Iris/Iris.csv,34,,,{}
PAR10,Instances/Iris/Iris.csv,35,,,{}
PAR10,Instances/Iris/Iris.csv,36,,,{}
PAR10,Instances/Iris/Iris.csv,37,,,{}
PAR10,Instances/Iris/Iris.csv,38,,,{}
PAR10,Instances/Iris/Iris.csv,39,,,{}
PAR10,Instances/Iris/Iris.csv,40,,,{}
PAR10,Instances/Iris/Iris.csv,41,,,{}
PAR10,Instances/Iris/Iris.csv,42,,,{}
PAR10,Instances/Iris/Iris.csv,43,,,{}
PAR10,Instances/Iris/Iris.csv,44,,,{}
PAR10,Instances/Iris/Iris.csv,45,,,{}
PAR10,Instances/Iris/Iris.csv,46,,,{}
PAR10,Instances/Iris/Iris.csv,47,,,{}
PAR10,Instances/Iris/Iris.csv,48,,,{}
PAR10,Instances/Iris/Iris.csv,49,,,{}
PAR10,Instances/Iris/Iris.csv,50,,,{}
PAR10,Instances/Iris/Iris.csv,51,,,{}
accuracy:max,Instances/Iris/Iris.csv,1,,,
accuracy:max,Instances/Iris/Iris.csv,2,,,{}
accuracy:max,Instances/Iris/Iris.csv,3,,,{}
accuracy:max,Instances/Iris/Iris.csv,4,,,{}
accuracy:max,Instances/Iris/Iris.csv,5,,,{}
accuracy:max,Instances/Iris/Iris.csv,6,,,{}
accuracy:max,Instances/Iris/Iris.csv,7,,,{}
accuracy:max,Instances/Iris/Iris.csv,8,,,{}
accuracy:max,Instances/Iris/Iris.csv,9,,,{}
accuracy:max,Instances/Iris/Iris.csv,10,,,{}
accuracy:max,Instances/Iris/Iris.csv,11,,,{}
accuracy:max,Instances/Iris/Iris.csv,12,,,{}
accuracy:max,Instances/Iris/Iris.csv,13,,,{}
accuracy:max,Instances/Iris/Iris.csv,14,,,{}
accuracy:max,Instances/Iris/Iris.csv,15,,,{}
accuracy:max,Instances/Iris/Iris.csv,16,,,{}
accuracy:max,Instances/Iris/Iris.csv,17,,,{}
accuracy:max,Instances/Iris/Iris.csv,18,,,{}
accuracy:max,Instances/Iris/Iris.csv,19,,,{}
accuracy:max,Instances/Iris/Iris.csv,20,,,{}
accuracy:max,Instances/Iris/Iris.csv,21,,,{}
accuracy:max,Instances/Iris/Iris.csv,22,,,{}
accuracy:max,Instances/Iris/Iris.csv,23,,,{}
accuracy:max,Instances/Iris/Iris.csv,24,,,{}
accuracy:max,Instances/Iris/Iris.csv,25,,,{}
accuracy:max,Instances/Iris/Iris.csv,26,,,{}
accuracy:max,Instances/Iris/Iris.csv,27,,,{}
accuracy:max,Instances/Iris/Iris.csv,28,,,{}
accuracy:max,Instances/Iris/Iris.csv,29,,,{}
accuracy:max,Instances/Iris/Iris.csv,30,,,{}
accuracy:max,Instances/Iris/Iris.csv,31,,,{}
accuracy:max,Instances/Iris/Iris.csv,32,,,{}
accuracy:max,Instances/Iris/Iris.csv,33,,,{}
accuracy:max,Instances/Iris/Iris.csv,34,,,{}
accuracy:max,Instances/Iris/Iris.csv,35,,,{}
accuracy:max,Instances/Iris/Iris.csv,36,,,{}
accuracy:max,Instances/Iris/Iris.csv,37,,,{}
accuracy:max,Instances/Iris/Iris.csv,38,,,{}
accuracy:max,Instances/Iris/Iris.csv,39,,,{}
accuracy:max,Instances/Iris/Iris.csv,40,,,{}
accuracy:max,Instances/Iris/Iris.csv,41,,,{}
accuracy:max,Instances/Iris/Iris.csv,42,,,{}
accuracy:max,Instances/Iris/Iris.csv,43,,,{}
accuracy:max,Instances/Iris/Iris.csv,44,,,{}
accuracy:max,Instances/Iris/Iris.csv,45,,,{}
accuracy:max,Instances/Iris/Iris.csv,46,,,{}
accuracy:max,Instances/Iris/Iris.csv,47,,,{}
accuracy:max,Instances/Iris/Iris.csv,48,,,{}
accuracy:max,Instances/Iris/Iris.csv,49,,,{}
accuracy:max,Instances/Iris/Iris.csv,50,,,{}
accuracy:max,Instances/Iris/Iris.csv,51,,,{}
cpu_time:metric,Instances/Iris/Iris.csv,1,,,
cpu_time:metric,Instances/Iris/Iris.csv,2,,,{}
cpu_time:metric,Instances/Iris/Iris.csv,3,,,{}
cpu_time:metric,Instances/Iris/Iris.csv,4,,,{}
cpu_time:metric,Instances/Iris/Iris.csv,5,,,{}
cpu_time:metric,Instances/Iris/Iris.csv,6,,,{}
cpu_time:metric,Instances/Iris/Iris.csv,7,,,{}
cpu_time:metric,Instances/Iris/Iris.csv,8,,,{}
cpu_time:metric,Instances/Iris/Iris.csv,9,,,{}
cpu_time:metric,Instances/Iris/Iris.csv,10,,,{}
cpu_time:metric,Instances/Iris/Iris.csv,11,,,{}
cpu_time:metric,Instances/Iris/Iris.csv,12,,,{}
cpu_time:metric,Instances/Iris/Iris.csv,13,,,{}
cpu_time:metric,Instances/Iris/Iris.csv,14,,,{}
cpu_time:metric,Instances/Iris/Iris.csv,15,,,{}
cpu_time:metric,Instances/Iris/Iris.csv,16,,,{}
cpu_time:metric,Instances/Iris/Iris.csv,17,,,{}
cpu_time:metric,Instances/Iris/Iris.csv,18,,,{}
cpu_time:metric,Instances/Iris/Iris.csv,19,,,{}
cpu_time:metric,Instances/Iris/Iris.csv,20,,,{}
cpu_time:metric,Instances/Iris/Iris.csv,21,,,{}
cpu_time:metric,Instances/Iris/Iris.csv,22,,,{}
cpu_time:metric,Instances/Iris/Iris.csv,23,,,{}
cpu_time:metric,Instances/Iris/Iris.csv,24,,,{}
cpu_time:metric,Instances/Iris/Iris.csv,25,,,{}
cpu_time:metric,Instances/Iris/Iris.csv,26,,,{}
cpu_time:metric,Instances/Iris/Iris.csv,27,,,{}
cpu_time:metric,Instances/Iris/Iris.csv,28,,,{}
cpu_time:metric,Instances/Iris/Iris.csv,29,,,{}
cpu_time:metric,Instances/Iris/Iris.csv,30,,,{}
cpu_time:metric,Instances/Iris/Iris.csv,31,,,{}
cpu_time:metric,Instances/Iris/Iris.csv,32,,,{}
cpu_time:metric,Instances/Iris/Iris.csv,33,,,{}
cpu_time:metric,Instances/Iris/Iris.csv,34,,,{}
cpu_time:metric,Instances/Iris/Iris.csv,35,,,{}
cpu_time:metric,Instances/Iris/Iris.csv,36,,,{}
cpu_time:metric,Instances/Iris/Iris.csv,37,,,{}
cpu_time:metric,Instances/Iris/Iris.csv,38,,,{}
cpu_time:metric,Instances/Iris/Iris.csv,39,,,{}
cpu_time:metric,Instances/Iris/Iris.csv,40,,,{}
cpu_time:metric,Instances/Iris/Iris.csv,41,,,{}
cpu_time:metric,Instances/Iris/Iris.csv,42,,,{}
cpu_time:metric,Instances/Iris/Iris.csv,43,,,{}
cpu_time:metric,Instances/Iris/Iris.csv,44,,,{}
cpu_time:metric,Instances/Iris/Iris.csv,45,,,{}
cpu_time:metric,Instances/Iris/Iris.csv,46,,,{}
cpu_time:metric,Instances/Iris/Iris.csv,47,,,{}
cpu_time:metric,Instances/Iris/Iris.csv,48,,,{}
cpu_time:metric,Instances/Iris/Iris.csv,49,,,{}
cpu_time:metric,Instances/Iris/Iris.csv,50,,,{}
cpu_time:metric,Instances/Iris/Iris.csv,51,,,{}
memory:metric,Instances/Iris/Iris.csv,1,,,
memory:metric,Instances/Iris/Iris.csv,2,,,{}
memory:metric,Instances/Iris/Iris.csv,3,,,{}
memory:metric,Instances/Iris/Iris.csv,4,,,{}
memory:metric,Instances/Iris/Iris.csv,5,,,{}
memory:metric,Instances/Iris/Iris.csv,6,,,{}
memory:metric,Instances/Iris/Iris.csv,7,,,{}
memory:metric,Instances/Iris/Iris.csv,8,,,{}
memory:metric,Instances/Iris/Iris.csv,9,,,{}
memory:metric,Instances/Iris/Iris.csv,10,,,{}
memory:metric,Instances/Iris/Iris.csv,11,,,{}
memory:metric,Instances/Iris/Iris.csv,12,,,{}
memory:metric,Instances/Iris/Iris.csv,13,,,{}
memory:metric,Instances/Iris/Iris.csv,14,,,{}
memory:metric,Instances/Iris/Iris.csv,15,,,{}
memory:metric,Instances/Iris/Iris.csv,16,,,{}
memory:metric,Instances/Iris/Iris.csv,17,,,{}
memory:metric,Instances/Iris/Iris.csv,18,,,{}
memory:metric,Instances/Iris/Iris.csv,19,,,{}
memory:metric,Instances/Iris/Iris.csv,20,,,{}
memory:metric,Instances/Iris/Iris.csv,21,,,{}
memory:metric,Instances/Iris/Iris.csv,22,,,{}
memory:metric,Instances/Iris/Iris.csv,23,,,{}
memory:metric,Instances/Iris/Iris.csv,24,,,{}
memory:metric,Instances/Iris/Iris.csv,25,,,{}
memory:metric,Instances/Iris/Iris.csv,26,,,{}
memory:metric,Instances/Iris/Iris.csv,27,,,{}
memory:metric,Instances/Iris/Iris.csv,28,,,{}
memory:metric,Instances/Iris/Iris.csv,29,,,{}
memory:metric,Instances/Iris/Iris.csv,30,,,{}
memory:metric,Instances/Iris/Iris.csv,31,,,{}
memory:metric,Instances/Iris/Iris.csv,32,,,{}
memory:metric,Instances/Iris/Iris.csv,33,,,{}
memory:metric,Instances/Iris/Iris.csv,34,,,{}
memory:metric,Instances/Iris/Iris.csv,35,,,{}
memory:metric,Instances/Iris/Iris.csv,36,,,{}
memory:metric,Instances/Iris/Iris.csv,37,,,{}
memory:metric,Instances/Iris/Iris.csv,38,,,{}
memory:metric,Instances/Iris/Iris.csv,39,,,{}
memory:metric,Instances/Iris/Iris.csv,40,,,{}
memory:metric,Instances/Iris/Iris.csv,41,,,{}
memory:metric,Instances/Iris/Iris.csv,42,,,{}
memory:metric,Instances/Iris/Iris.csv,43,,,{}
memory:metric,Instances/Iris/Iris.csv,44,,,{}
memory:metric,Instances/Iris/Iris.csv,45,,,{}
memory:metric,Instances/Iris/Iris.csv,46,,,{}
memory:metric,Instances/Iris/Iris.csv,47,,,{}
memory:metric,Instances/Iris/Iris.csv,48,,,{}
memory:metric,Instances/Iris/Iris.csv,49,,,{}
memory:metric,Instances/Iris/Iris.csv,50,,,{}
memory:metric,Instances/Iris/Iris.csv,51,,,{}
status:metric,Instances/Iris/Iris.csv,1,,,
status:metric,Instances/Iris/Iris.csv,2,,,{}
status:metric,Instances/Iris/Iris.csv,3,,,{}
status:metric,Instances/Iris/Iris.csv,4,,,{}
status:metric,Instances/Iris/Iris.csv,5,,,{}
status:metric,Instances/Iris/Iris.csv,6,,,{}
status:metric,Instances/Iris/Iris.csv,7,,,{}
status:metric,Instances/Iris/Iris.csv,8,,,{}
status:metric,Instances/Iris/Iris.csv,9,,,{}
status:metric,Instances/Iris/Iris.csv,10,,,{}
status:metric,Instances/Iris/Iris.csv,11,,,{}
status:metric,Instances/Iris/Iris.csv,12,,,{}
status:metric,Instances/Iris/Iris.csv,13,,,{}
status:metric,Instances/Iris/Iris.csv,14,,,{}
status:metric,Instances/Iris/Iris.csv,15,,,{}
status:metric,Instances/Iris/Iris.csv,16,,,{}
status:metric,Instances/Iris/Iris.csv,17,,,{}
status:metric,Instances/Iris/Iris.csv,18,,,{}
status:metric,Instances/Iris/Iris.csv,19,,,{}
status:metric,Instances/Iris/Iris.csv,20,,,{}
status:metric,Instances/Iris/Iris.csv,21,,,{}
status:metric,Instances/Iris/Iris.csv,22,,,{}
status:metric,Instances/Iris/Iris.csv,23,,,{}
status:metric,Instances/Iris/Iris.csv,24,,,{}
status:metric,Instances/Iris/Iris.csv,25,,,{}
status:metric,Instances/Iris/Iris.csv,26,,,{}
status:metric,Instances/Iris/Iris.csv,27,,,{}
status:metric,Instances/Iris/Iris.csv,28,,,{}
status:metric,Instances/Iris/Iris.csv,29,,,{}
status:metric,Instances/Iris/Iris.csv,30,,,{}
status:metric,Instances/Iris/Iris.csv,31,,,{}
status:metric,Instances/Iris/Iris.csv,32,,,{}
status:metric,Instances/Iris/Iris.csv,33,,,{}
status:metric,Instances/Iris/Iris.csv,34,,,{}
status:metric,Instances/Iris/Iris.csv,35,,,{}
status:metric,Instances/Iris/Iris.csv,36,,,{}
status:metric,Instances/Iris/Iris.csv,37,,,{}
status:metric,Instances/Iris/Iris.csv,38,,,{}
status:metric,Instances/Iris/Iris.csv,39,,,{}
status:metric,Instances/Iris/Iris.csv,40,,,{}
status:metric,Instances/Iris/Iris.csv,41,,,{}
status:metric,Instances/Iris/Iris.csv,42,,,{}
status:metric,Instances/Iris/Iris.csv,43,,,{}
status:metric,Instances/Iris/Iris.csv,44,,,{}
status:metric,Instances/Iris/Iris.csv,45,,,{}
status:metric,Instances/Iris/Iris.csv,46,,,{}
status:metric,Instances/Iris/Iris.csv,47,,,{}
status:metric,Instances/Iris/Iris.csv,48,,,{}
status:metric,Instances/Iris/Iris.csv,49,,,{}
status:metric,Instances/Iris/Iris.csv,50,,,{}
status:metric,Instances/Iris/Iris.csv,51,,,{}
wall_time:metric,Instances/Iris/Iris.csv,1,,,
wall_time:metric,Instances/Iris/Iris.csv,2,,,{}
wall_time:metric,Instances/Iris/Iris.csv,3,,,{}
wall_time:metric,Instances/Iris/Iris.csv,4,,,{}
wall_time:metric,Instances/Iris/Iris.csv,5,,,{}
wall_time:metric,Instances/Iris/Iris.csv,6,,,{}
wall_time:metric,Instances/Iris/Iris.csv,7,,,{}
wall_time:metric,Instances/Iris/Iris.csv,8,,,{}
wall_time:metric,Instances/Iris/Iris.csv,9,,,{}
wall_time:metric,Instances/Iris/Iris.csv,10,,,{}
wall_time:metric,Instances/Iris/Iris.csv,11,,,{}
wall_time:metric,Instances/Iris/Iris.csv,12,,,{}
wall_time:metric,Instances/Iris/Iris.csv,13,,,{}
wall_time:metric,Instances/Iris/Iris.csv,14,,,{}
wall_time:metric,Instances/Iris/Iris.csv,15,,,{}
wall_time:metric,Instances/Iris/Iris.csv,16,,,{}
wall_time:metric,Instances/Iris/Iris.csv,17,,,{}
wall_time:metric,Instances/Iris/Iris.csv,18,,,{}
wall_time:metric,Instances/Iris/Iris.csv,19,,,{}
wall_time:metric,Instances/Iris/Iris.csv,20,,,{}
wall_time:metric,Instances/Iris/Iris.csv,21,,,{}
wall_time:metric,Instances/Iris/Iris.csv,22,,,{}
wall_time:metric,Instances/Iris/Iris.csv,23,,,{}
wall_time:metric,Instances/Iris/Iris.csv,24,,,{}
wall_time:metric,Instances/Iris/Iris.csv,25,,,{}
wall_time:metric,Instances/Iris/Iris.csv,26,,,{}
wall_time:metric,Instances/Iris/Iris.csv,27,,,{}
wall_time:metric,Instances/Iris/Iris.csv,28,,,{}
wall_time:metric,Instances/Iris/Iris.csv,29,,,{}
wall_time:metric,Instances/Iris/Iris.csv,30,,,{}
wall_time:metric,Instances/Iris/Iris.csv,31,,,{}
wall_time:metric,Instances/Iris/Iris.csv,32,,,{}
wall_time:metric,Instances/Iris/Iris.csv,33,,,{}
wall_time:metric,Instances/Iris/Iris.csv,34,,,{}
wall_time:metric,Instances/Iris/Iris.csv,35,,,{}
wall_time:metric,Instances/Iris/Iris.csv,36,,,{}
wall_time:metric,Instances/Iris/Iris.csv,37,,,{}
wall_time:metric,Instances/Iris/Iris.csv,38,,,{}
wall_time:metric,Instances/Iris/Iris.csv,39,,,{}
wall_time:metric,Instances/Iris/Iris.csv,40,,,{}
wall_time:metric,Instances/Iris/Iris.csv,41,,,{}
wall_time:metric,Instances/Iris/Iris.csv,42,,,{}
wall_time:metric,Instances/Iris/Iris.csv,43,,,{}
wall_time:metric,Instances/Iris/Iris.csv,44,,,{}
wall_time:metric,Instances/Iris/Iris.csv,45,,,{}
wall_time:metric,Instances/Iris/Iris.csv,46,,,{}
wall_time:metric,Instances/Iris/Iris.csv,47,,,{}
wall_time:metric,Instances/Iris/Iris.csv,48,,,{}
wall_time:metric,Instances/Iris/Iris.csv,49,,,{}
wall_time:metric,Instances/Iris/Iris.csv,50,,,{}
wall_time:metric,Instances/Iris/Iris.csv,51,,,{}
