Run Number,Run History Configuration ID,Instance ID,Response Value (y),Censored?,Cutoff Time Used,Seed,Runtime,Run Length,Run Result Code,Run Quality,SMAC Iteration,SMAC Cumulative Runtime,Run Result,Additional Algorithm Run Data,Wall Clock Time,
1,1,1,10.899017,0,60.0,6750380,22.2103,0.0,1,10.899017,0,22.2103,SAT,,31.428,
2,1,1,11.826887,0,60.0,13857099,23.1111,0.0,1,11.826887,1,45.3214,SAT,,30.98,
3,2,1,12.159037,0,60.0,6750380,22.7157,0.0,1,12.159037,1,68.0371,SAT,,44.085,
4,1,1,11.367449,0,60.0,14084007,23.3781,0.0,1,11.367449,1,91.4152,SAT,,52.784,
5,3,1,12.370684,0,60.0,13857099,24.6459,0.0,1,12.370684,1,116.0611,SAT,,53.139,
6,1,1,13.333629,0,60.0,142865,24.5391,0.0,1,13.333629,2,140.6002,SAT,,51.043,
