{"name": "SMAC3: Validating 25 RandomForest Configurations on Iris", "base_dir": "Output/Log/configure_solver_2025-04-01-11.07.33", "dependencies": [{"name": "SMAC3: RandomForest on Iris", "base_dir": "Output/Log/configure_solver_2025-04-01-11.07.33", "dependencies": [], "sbatch_options": ["--qos=normal", "--mem-per-cpu=2541", "--time=3:00", "--partition=c23ms"], "srun_options": [], "jobs": [{"cmd": "python3 /rwthfs/rz/cluster/home/vx475510/miniforge3/envs/sparkle/lib/python3.10/site-packages/sparkle/Components/smac3-v2.2.0/smac3_target_algorithm.py /rwthfs/rz/cluster/home/vx475510/satellite-operations-planning/sparkle_example/Output/Configuration/Raw_Data/SMAC3/RandomForest_Iris/RandomForest_Iris_scenario.txt 2 Output/Performance_Data/performance_data.csv", "working_dir": ".", "output_file": null, "stdout_file": "Output/Log/configure_solver_2025-04-01-11.07.33/SMAC3:_RandomForest_on_Iris-0000.out", "stderr_file": "Output/Log/configure_solver_2025-04-01-11.07.33/SMAC3:_RandomForest_on_Iris-0000.err", "slurm_job_id": "55637277_0", "job_state": null, "start_time_stamp": null, "end_time_stamp": null, "submit_time_stamp": null, "job_restarts": null, "job_qos": null, "job_partition": null, "job_nodes": null}, {"cmd": "python3 /rwthfs/rz/cluster/home/vx475510/miniforge3/envs/sparkle/lib/python3.10/site-packages/sparkle/Components/smac3-v2.2.0/smac3_target_algorithm.py /rwthfs/rz/cluster/home/vx475510/satellite-operations-planning/sparkle_example/Output/Configuration/Raw_Data/SMAC3/RandomForest_Iris/RandomForest_Iris_scenario.txt 3 Output/Performance_Data/performance_data.csv", "working_dir": ".", "output_file": null, "stdout_file": "Output/Log/configure_solver_2025-04-01-11.07.33/SMAC3:_RandomForest_on_Iris-0001.out", "stderr_file": "Output/Log/configure_solver_2025-04-01-11.07.33/SMAC3:_RandomForest_on_Iris-0001.err", "slurm_job_id": "55637277_1", "job_state": null, "start_time_stamp": null, "end_time_stamp": null, "submit_time_stamp": null, "job_restarts": null, "job_qos": null, "job_partition": null, "job_nodes": null}, {"cmd": "python3 /rwthfs/rz/cluster/home/vx475510/miniforge3/envs/sparkle/lib/python3.10/site-packages/sparkle/Components/smac3-v2.2.0/smac3_target_algorithm.py /rwthfs/rz/cluster/home/vx475510/satellite-operations-planning/sparkle_example/Output/Configuration/Raw_Data/SMAC3/RandomForest_Iris/RandomForest_Iris_scenario.txt 4 Output/Performance_Data/performance_data.csv", "working_dir": ".", "output_file": null, "stdout_file": "Output/Log/configure_solver_2025-04-01-11.07.33/SMAC3:_RandomForest_on_Iris-0002.out", "stderr_file": "Output/Log/configure_solver_2025-04-01-11.07.33/SMAC3:_RandomForest_on_Iris-0002.err", "slurm_job_id": "55637277_2", "job_state": null, "start_time_stamp": null, "end_time_stamp": null, "submit_time_stamp": null, "job_restarts": null, "job_qos": null, "job_partition": null, "job_nodes": null}, {"cmd": "python3 /rwthfs/rz/cluster/home/vx475510/miniforge3/envs/sparkle/lib/python3.10/site-packages/sparkle/Components/smac3-v2.2.0/smac3_target_algorithm.py /rwthfs/rz/cluster/home/vx475510/satellite-operations-planning/sparkle_example/Output/Configuration/Raw_Data/SMAC3/RandomForest_Iris/RandomForest_Iris_scenario.txt 5 Output/Performance_Data/performance_data.csv", "working_dir": ".", "output_file": null, "stdout_file": "Output/Log/configure_solver_2025-04-01-11.07.33/SMAC3:_RandomForest_on_Iris-0003.out", "stderr_file": "Output/Log/configure_solver_2025-04-01-11.07.33/SMAC3:_RandomForest_on_Iris-0003.err", "slurm_job_id": "55637277_3", "job_state": null, "start_time_stamp": null, "end_time_stamp": null, "submit_time_stamp": null, "job_restarts": null, "job_qos": null, "job_partition": null, "job_nodes": null}, {"cmd": "python3 /rwthfs/rz/cluster/home/vx475510/miniforge3/envs/sparkle/lib/python3.10/site-packages/sparkle/Components/smac3-v2.2.0/smac3_target_algorithm.py /rwthfs/rz/cluster/home/vx475510/satellite-operations-planning/sparkle_example/Output/Configuration/Raw_Data/SMAC3/RandomForest_Iris/RandomForest_Iris_scenario.txt 6 Output/Performance_Data/performance_data.csv", "working_dir": ".", "output_file": null, "stdout_file": "Output/Log/configure_solver_2025-04-01-11.07.33/SMAC3:_RandomForest_on_Iris-0004.out", "stderr_file": "Output/Log/configure_solver_2025-04-01-11.07.33/SMAC3:_RandomForest_on_Iris-0004.err", "slurm_job_id": "55637277_4", "job_state": null, "start_time_stamp": null, "end_time_stamp": null, "submit_time_stamp": null, "job_restarts": null, "job_qos": null, "job_partition": null, "job_nodes": null}, {"cmd": "python3 /rwthfs/rz/cluster/home/vx475510/miniforge3/envs/sparkle/lib/python3.10/site-packages/sparkle/Components/smac3-v2.2.0/smac3_target_algorithm.py /rwthfs/rz/cluster/home/vx475510/satellite-operations-planning/sparkle_example/Output/Configuration/Raw_Data/SMAC3/RandomForest_Iris/RandomForest_Iris_scenario.txt 7 Output/Performance_Data/performance_data.csv", "working_dir": ".", "output_file": null, "stdout_file": "Output/Log/configure_solver_2025-04-01-11.07.33/SMAC3:_RandomForest_on_Iris-0005.out", "stderr_file": "Output/Log/configure_solver_2025-04-01-11.07.33/SMAC3:_RandomForest_on_Iris-0005.err", "slurm_job_id": "55637277_5", "job_state": null, "start_time_stamp": null, "end_time_stamp": null, "submit_time_stamp": null, "job_restarts": null, "job_qos": null, "job_partition": null, "job_nodes": null}, {"cmd": "python3 /rwthfs/rz/cluster/home/vx475510/miniforge3/envs/sparkle/lib/python3.10/site-packages/sparkle/Components/smac3-v2.2.0/smac3_target_algorithm.py /rwthfs/rz/cluster/home/vx475510/satellite-operations-planning/sparkle_example/Output/Configuration/Raw_Data/SMAC3/RandomForest_Iris/RandomForest_Iris_scenario.txt 8 Output/Performance_Data/performance_data.csv", "working_dir": ".", "output_file": null, "stdout_file": "Output/Log/configure_solver_2025-04-01-11.07.33/SMAC3:_RandomForest_on_Iris-0006.out", "stderr_file": "Output/Log/configure_solver_2025-04-01-11.07.33/SMAC3:_RandomForest_on_Iris-0006.err", "slurm_job_id": "55637277_6", "job_state": null, "start_time_stamp": null, "end_time_stamp": null, "submit_time_stamp": null, "job_restarts": null, "job_qos": null, "job_partition": null, "job_nodes": null}, {"cmd": "python3 /rwthfs/rz/cluster/home/vx475510/miniforge3/envs/sparkle/lib/python3.10/site-packages/sparkle/Components/smac3-v2.2.0/smac3_target_algorithm.py /rwthfs/rz/cluster/home/vx475510/satellite-operations-planning/sparkle_example/Output/Configuration/Raw_Data/SMAC3/RandomForest_Iris/RandomForest_Iris_scenario.txt 9 Output/Performance_Data/performance_data.csv", "working_dir": ".", "output_file": null, "stdout_file": "Output/Log/configure_solver_2025-04-01-11.07.33/SMAC3:_RandomForest_on_Iris-0007.out", "stderr_file": "Output/Log/configure_solver_2025-04-01-11.07.33/SMAC3:_RandomForest_on_Iris-0007.err", "slurm_job_id": "55637277_7", "job_state": null, "start_time_stamp": null, "end_time_stamp": null, "submit_time_stamp": null, "job_restarts": null, "job_qos": null, "job_partition": null, "job_nodes": null}, {"cmd": "python3 /rwthfs/rz/cluster/home/vx475510/miniforge3/envs/sparkle/lib/python3.10/site-packages/sparkle/Components/smac3-v2.2.0/smac3_target_algorithm.py /rwthfs/rz/cluster/home/vx475510/satellite-operations-planning/sparkle_example/Output/Configuration/Raw_Data/SMAC3/RandomForest_Iris/RandomForest_Iris_scenario.txt 10 Output/Performance_Data/performance_data.csv", "working_dir": ".", "output_file": null, "stdout_file": "Output/Log/configure_solver_2025-04-01-11.07.33/SMAC3:_RandomForest_on_Iris-0008.out", "stderr_file": "Output/Log/configure_solver_2025-04-01-11.07.33/SMAC3:_RandomForest_on_Iris-0008.err", "slurm_job_id": "55637277_8", "job_state": null, "start_time_stamp": null, "end_time_stamp": null, "submit_time_stamp": null, "job_restarts": null, "job_qos": null, "job_partition": null, "job_nodes": null}, {"cmd": "python3 /rwthfs/rz/cluster/home/vx475510/miniforge3/envs/sparkle/lib/python3.10/site-packages/sparkle/Components/smac3-v2.2.0/smac3_target_algorithm.py /rwthfs/rz/cluster/home/vx475510/satellite-operations-planning/sparkle_example/Output/Configuration/Raw_Data/SMAC3/RandomForest_Iris/RandomForest_Iris_scenario.txt 11 Output/Performance_Data/performance_data.csv", "working_dir": ".", "output_file": null, "stdout_file": "Output/Log/configure_solver_2025-04-01-11.07.33/SMAC3:_RandomForest_on_Iris-0009.out", "stderr_file": "Output/Log/configure_solver_2025-04-01-11.07.33/SMAC3:_RandomForest_on_Iris-0009.err", "slurm_job_id": "55637277_9", "job_state": null, "start_time_stamp": null, "end_time_stamp": null, "submit_time_stamp": null, "job_restarts": null, "job_qos": null, "job_partition": null, "job_nodes": null}, {"cmd": "python3 /rwthfs/rz/cluster/home/vx475510/miniforge3/envs/sparkle/lib/python3.10/site-packages/sparkle/Components/smac3-v2.2.0/smac3_target_algorithm.py /rwthfs/rz/cluster/home/vx475510/satellite-operations-planning/sparkle_example/Output/Configuration/Raw_Data/SMAC3/RandomForest_Iris/RandomForest_Iris_scenario.txt 12 Output/Performance_Data/performance_data.csv", "working_dir": ".", "output_file": null, "stdout_file": "Output/Log/configure_solver_2025-04-01-11.07.33/SMAC3:_RandomForest_on_Iris-0010.out", "stderr_file": "Output/Log/configure_solver_2025-04-01-11.07.33/SMAC3:_RandomForest_on_Iris-0010.err", "slurm_job_id": "55637277_10", "job_state": null, "start_time_stamp": null, "end_time_stamp": null, "submit_time_stamp": null, "job_restarts": null, "job_qos": null, "job_partition": null, "job_nodes": null}, {"cmd": "python3 /rwthfs/rz/cluster/home/vx475510/miniforge3/envs/sparkle/lib/python3.10/site-packages/sparkle/Components/smac3-v2.2.0/smac3_target_algorithm.py /rwthfs/rz/cluster/home/vx475510/satellite-operations-planning/sparkle_example/Output/Configuration/Raw_Data/SMAC3/RandomForest_Iris/RandomForest_Iris_scenario.txt 13 Output/Performance_Data/performance_data.csv", "working_dir": ".", "output_file": null, "stdout_file": "Output/Log/configure_solver_2025-04-01-11.07.33/SMAC3:_RandomForest_on_Iris-0011.out", "stderr_file": "Output/Log/configure_solver_2025-04-01-11.07.33/SMAC3:_RandomForest_on_Iris-0011.err", "slurm_job_id": "55637277_11", "job_state": null, "start_time_stamp": null, "end_time_stamp": null, "submit_time_stamp": null, "job_restarts": null, "job_qos": null, "job_partition": null, "job_nodes": null}, {"cmd": "python3 /rwthfs/rz/cluster/home/vx475510/miniforge3/envs/sparkle/lib/python3.10/site-packages/sparkle/Components/smac3-v2.2.0/smac3_target_algorithm.py /rwthfs/rz/cluster/home/vx475510/satellite-operations-planning/sparkle_example/Output/Configuration/Raw_Data/SMAC3/RandomForest_Iris/RandomForest_Iris_scenario.txt 14 Output/Performance_Data/performance_data.csv", "working_dir": ".", "output_file": null, "stdout_file": "Output/Log/configure_solver_2025-04-01-11.07.33/SMAC3:_RandomForest_on_Iris-0012.out", "stderr_file": "Output/Log/configure_solver_2025-04-01-11.07.33/SMAC3:_RandomForest_on_Iris-0012.err", "slurm_job_id": "55637277_12", "job_state": null, "start_time_stamp": null, "end_time_stamp": null, "submit_time_stamp": null, "job_restarts": null, "job_qos": null, "job_partition": null, "job_nodes": null}, {"cmd": "python3 /rwthfs/rz/cluster/home/vx475510/miniforge3/envs/sparkle/lib/python3.10/site-packages/sparkle/Components/smac3-v2.2.0/smac3_target_algorithm.py /rwthfs/rz/cluster/home/vx475510/satellite-operations-planning/sparkle_example/Output/Configuration/Raw_Data/SMAC3/RandomForest_Iris/RandomForest_Iris_scenario.txt 15 Output/Performance_Data/performance_data.csv", "working_dir": ".", "output_file": null, "stdout_file": "Output/Log/configure_solver_2025-04-01-11.07.33/SMAC3:_RandomForest_on_Iris-0013.out", "stderr_file": "Output/Log/configure_solver_2025-04-01-11.07.33/SMAC3:_RandomForest_on_Iris-0013.err", "slurm_job_id": "55637277_13", "job_state": null, "start_time_stamp": null, "end_time_stamp": null, "submit_time_stamp": null, "job_restarts": null, "job_qos": null, "job_partition": null, "job_nodes": null}, {"cmd": "python3 /rwthfs/rz/cluster/home/vx475510/miniforge3/envs/sparkle/lib/python3.10/site-packages/sparkle/Components/smac3-v2.2.0/smac3_target_algorithm.py /rwthfs/rz/cluster/home/vx475510/satellite-operations-planning/sparkle_example/Output/Configuration/Raw_Data/SMAC3/RandomForest_Iris/RandomForest_Iris_scenario.txt 16 Output/Performance_Data/performance_data.csv", "working_dir": ".", "output_file": null, "stdout_file": "Output/Log/configure_solver_2025-04-01-11.07.33/SMAC3:_RandomForest_on_Iris-0014.out", "stderr_file": "Output/Log/configure_solver_2025-04-01-11.07.33/SMAC3:_RandomForest_on_Iris-0014.err", "slurm_job_id": "55637277_14", "job_state": null, "start_time_stamp": null, "end_time_stamp": null, "submit_time_stamp": null, "job_restarts": null, "job_qos": null, "job_partition": null, "job_nodes": null}, {"cmd": "python3 /rwthfs/rz/cluster/home/vx475510/miniforge3/envs/sparkle/lib/python3.10/site-packages/sparkle/Components/smac3-v2.2.0/smac3_target_algorithm.py /rwthfs/rz/cluster/home/vx475510/satellite-operations-planning/sparkle_example/Output/Configuration/Raw_Data/SMAC3/RandomForest_Iris/RandomForest_Iris_scenario.txt 17 Output/Performance_Data/performance_data.csv", "working_dir": ".", "output_file": null, "stdout_file": "Output/Log/configure_solver_2025-04-01-11.07.33/SMAC3:_RandomForest_on_Iris-0015.out", "stderr_file": "Output/Log/configure_solver_2025-04-01-11.07.33/SMAC3:_RandomForest_on_Iris-0015.err", "slurm_job_id": "55637277_15", "job_state": null, "start_time_stamp": null, "end_time_stamp": null, "submit_time_stamp": null, "job_restarts": null, "job_qos": null, "job_partition": null, "job_nodes": null}, {"cmd": "python3 /rwthfs/rz/cluster/home/vx475510/miniforge3/envs/sparkle/lib/python3.10/site-packages/sparkle/Components/smac3-v2.2.0/smac3_target_algorithm.py /rwthfs/rz/cluster/home/vx475510/satellite-operations-planning/sparkle_example/Output/Configuration/Raw_Data/SMAC3/RandomForest_Iris/RandomForest_Iris_scenario.txt 18 Output/Performance_Data/performance_data.csv", "working_dir": ".", "output_file": null, "stdout_file": "Output/Log/configure_solver_2025-04-01-11.07.33/SMAC3:_RandomForest_on_Iris-0016.out", "stderr_file": "Output/Log/configure_solver_2025-04-01-11.07.33/SMAC3:_RandomForest_on_Iris-0016.err", "slurm_job_id": "55637277_16", "job_state": null, "start_time_stamp": null, "end_time_stamp": null, "submit_time_stamp": null, "job_restarts": null, "job_qos": null, "job_partition": null, "job_nodes": null}, {"cmd": "python3 /rwthfs/rz/cluster/home/vx475510/miniforge3/envs/sparkle/lib/python3.10/site-packages/sparkle/Components/smac3-v2.2.0/smac3_target_algorithm.py /rwthfs/rz/cluster/home/vx475510/satellite-operations-planning/sparkle_example/Output/Configuration/Raw_Data/SMAC3/RandomForest_Iris/RandomForest_Iris_scenario.txt 19 Output/Performance_Data/performance_data.csv", "working_dir": ".", "output_file": null, "stdout_file": "Output/Log/configure_solver_2025-04-01-11.07.33/SMAC3:_RandomForest_on_Iris-0017.out", "stderr_file": "Output/Log/configure_solver_2025-04-01-11.07.33/SMAC3:_RandomForest_on_Iris-0017.err", "slurm_job_id": "55637277_17", "job_state": null, "start_time_stamp": null, "end_time_stamp": null, "submit_time_stamp": null, "job_restarts": null, "job_qos": null, "job_partition": null, "job_nodes": null}, {"cmd": "python3 /rwthfs/rz/cluster/home/vx475510/miniforge3/envs/sparkle/lib/python3.10/site-packages/sparkle/Components/smac3-v2.2.0/smac3_target_algorithm.py /rwthfs/rz/cluster/home/vx475510/satellite-operations-planning/sparkle_example/Output/Configuration/Raw_Data/SMAC3/RandomForest_Iris/RandomForest_Iris_scenario.txt 20 Output/Performance_Data/performance_data.csv", "working_dir": ".", "output_file": null, "stdout_file": "Output/Log/configure_solver_2025-04-01-11.07.33/SMAC3:_RandomForest_on_Iris-0018.out", "stderr_file": "Output/Log/configure_solver_2025-04-01-11.07.33/SMAC3:_RandomForest_on_Iris-0018.err", "slurm_job_id": "55637277_18", "job_state": null, "start_time_stamp": null, "end_time_stamp": null, "submit_time_stamp": null, "job_restarts": null, "job_qos": null, "job_partition": null, "job_nodes": null}, {"cmd": "python3 /rwthfs/rz/cluster/home/vx475510/miniforge3/envs/sparkle/lib/python3.10/site-packages/sparkle/Components/smac3-v2.2.0/smac3_target_algorithm.py /rwthfs/rz/cluster/home/vx475510/satellite-operations-planning/sparkle_example/Output/Configuration/Raw_Data/SMAC3/RandomForest_Iris/RandomForest_Iris_scenario.txt 21 Output/Performance_Data/performance_data.csv", "working_dir": ".", "output_file": null, "stdout_file": "Output/Log/configure_solver_2025-04-01-11.07.33/SMAC3:_RandomForest_on_Iris-0019.out", "stderr_file": "Output/Log/configure_solver_2025-04-01-11.07.33/SMAC3:_RandomForest_on_Iris-0019.err", "slurm_job_id": "55637277_19", "job_state": null, "start_time_stamp": null, "end_time_stamp": null, "submit_time_stamp": null, "job_restarts": null, "job_qos": null, "job_partition": null, "job_nodes": null}, {"cmd": "python3 /rwthfs/rz/cluster/home/vx475510/miniforge3/envs/sparkle/lib/python3.10/site-packages/sparkle/Components/smac3-v2.2.0/smac3_target_algorithm.py /rwthfs/rz/cluster/home/vx475510/satellite-operations-planning/sparkle_example/Output/Configuration/Raw_Data/SMAC3/RandomForest_Iris/RandomForest_Iris_scenario.txt 22 Output/Performance_Data/performance_data.csv", "working_dir": ".", "output_file": null, "stdout_file": "Output/Log/configure_solver_2025-04-01-11.07.33/SMAC3:_RandomForest_on_Iris-0020.out", "stderr_file": "Output/Log/configure_solver_2025-04-01-11.07.33/SMAC3:_RandomForest_on_Iris-0020.err", "slurm_job_id": "55637277_20", "job_state": null, "start_time_stamp": null, "end_time_stamp": null, "submit_time_stamp": null, "job_restarts": null, "job_qos": null, "job_partition": null, "job_nodes": null}, {"cmd": "python3 /rwthfs/rz/cluster/home/vx475510/miniforge3/envs/sparkle/lib/python3.10/site-packages/sparkle/Components/smac3-v2.2.0/smac3_target_algorithm.py /rwthfs/rz/cluster/home/vx475510/satellite-operations-planning/sparkle_example/Output/Configuration/Raw_Data/SMAC3/RandomForest_Iris/RandomForest_Iris_scenario.txt 23 Output/Performance_Data/performance_data.csv", "working_dir": ".", "output_file": null, "stdout_file": "Output/Log/configure_solver_2025-04-01-11.07.33/SMAC3:_RandomForest_on_Iris-0021.out", "stderr_file": "Output/Log/configure_solver_2025-04-01-11.07.33/SMAC3:_RandomForest_on_Iris-0021.err", "slurm_job_id": "55637277_21", "job_state": null, "start_time_stamp": null, "end_time_stamp": null, "submit_time_stamp": null, "job_restarts": null, "job_qos": null, "job_partition": null, "job_nodes": null}, {"cmd": "python3 /rwthfs/rz/cluster/home/vx475510/miniforge3/envs/sparkle/lib/python3.10/site-packages/sparkle/Components/smac3-v2.2.0/smac3_target_algorithm.py /rwthfs/rz/cluster/home/vx475510/satellite-operations-planning/sparkle_example/Output/Configuration/Raw_Data/SMAC3/RandomForest_Iris/RandomForest_Iris_scenario.txt 24 Output/Performance_Data/performance_data.csv", "working_dir": ".", "output_file": null, "stdout_file": "Output/Log/configure_solver_2025-04-01-11.07.33/SMAC3:_RandomForest_on_Iris-0022.out", "stderr_file": "Output/Log/configure_solver_2025-04-01-11.07.33/SMAC3:_RandomForest_on_Iris-0022.err", "slurm_job_id": "55637277_22", "job_state": null, "start_time_stamp": null, "end_time_stamp": null, "submit_time_stamp": null, "job_restarts": null, "job_qos": null, "job_partition": null, "job_nodes": null}, {"cmd": "python3 /rwthfs/rz/cluster/home/vx475510/miniforge3/envs/sparkle/lib/python3.10/site-packages/sparkle/Components/smac3-v2.2.0/smac3_target_algorithm.py /rwthfs/rz/cluster/home/vx475510/satellite-operations-planning/sparkle_example/Output/Configuration/Raw_Data/SMAC3/RandomForest_Iris/RandomForest_Iris_scenario.txt 25 Output/Performance_Data/performance_data.csv", "working_dir": ".", "output_file": null, "stdout_file": "Output/Log/configure_solver_2025-04-01-11.07.33/SMAC3:_RandomForest_on_Iris-0023.out", "stderr_file": "Output/Log/configure_solver_2025-04-01-11.07.33/SMAC3:_RandomForest_on_Iris-0023.err", "slurm_job_id": "55637277_23", "job_state": null, "start_time_stamp": null, "end_time_stamp": null, "submit_time_stamp": null, "job_restarts": null, "job_qos": null, "job_partition": null, "job_nodes": null}, {"cmd": "python3 /rwthfs/rz/cluster/home/vx475510/miniforge3/envs/sparkle/lib/python3.10/site-packages/sparkle/Components/smac3-v2.2.0/smac3_target_algorithm.py /rwthfs/rz/cluster/home/vx475510/satellite-operations-planning/sparkle_example/Output/Configuration/Raw_Data/SMAC3/RandomForest_Iris/RandomForest_Iris_scenario.txt 26 Output/Performance_Data/performance_data.csv", "working_dir": ".", "output_file": null, "stdout_file": "Output/Log/configure_solver_2025-04-01-11.07.33/SMAC3:_RandomForest_on_Iris-0024.out", "stderr_file": "Output/Log/configure_solver_2025-04-01-11.07.33/SMAC3:_RandomForest_on_Iris-0024.err", "slurm_job_id": "55637277_24", "job_state": null, "start_time_stamp": null, "end_time_stamp": null, "submit_time_stamp": null, "job_restarts": null, "job_qos": null, "job_partition": null, "job_nodes": null}], "parallel_jobs": 25, "submitted": true, "run_id": "55637277", "prepend": ""}], "sbatch_options": ["--qos=normal", "--mem-per-cpu=2541", "--time=3:00", "--partition=c23ms"], "srun_options": [], "jobs": [{"cmd": "python3 /rwthfs/rz/cluster/home/vx475510/miniforge3/envs/sparkle/lib/python3.10/site-packages/sparkle/solver/solver_cli.py --solver Solvers/RandomForest --instance Instances/Iris/Iris.csv --run-index 2 --performance-dataframe Output/Performance_Data/performance_data.csv --cutoff-time 60 --log-dir Output/Configuration/Raw_Data/SMAC3/RandomForest_Iris/validation   ", "working_dir": ".", "output_file": null, "stdout_file": "Output/Log/configure_solver_2025-04-01-11.07.33/SMAC3:_Validating_25_RandomForest_Configurations_on_Iris-0000.out", "stderr_file": "Output/Log/configure_solver_2025-04-01-11.07.33/SMAC3:_Validating_25_RandomForest_Configurations_on_Iris-0000.err", "slurm_job_id": "55637278_0", "job_state": null, "start_time_stamp": null, "end_time_stamp": null, "submit_time_stamp": null, "job_restarts": null, "job_qos": null, "job_partition": null, "job_nodes": null}, {"cmd": "python3 /rwthfs/rz/cluster/home/vx475510/miniforge3/envs/sparkle/lib/python3.10/site-packages/sparkle/solver/solver_cli.py --solver Solvers/RandomForest --instance Instances/Iris/Iris.csv --run-index 3 --performance-dataframe Output/Performance_Data/performance_data.csv --cutoff-time 60 --log-dir Output/Configuration/Raw_Data/SMAC3/RandomForest_Iris/validation   ", "working_dir": ".", "output_file": null, "stdout_file": "Output/Log/configure_solver_2025-04-01-11.07.33/SMAC3:_Validating_25_RandomForest_Configurations_on_Iris-0001.out", "stderr_file": "Output/Log/configure_solver_2025-04-01-11.07.33/SMAC3:_Validating_25_RandomForest_Configurations_on_Iris-0001.err", "slurm_job_id": "55637278_1", "job_state": null, "start_time_stamp": null, "end_time_stamp": null, "submit_time_stamp": null, "job_restarts": null, "job_qos": null, "job_partition": null, "job_nodes": null}, {"cmd": "python3 /rwthfs/rz/cluster/home/vx475510/miniforge3/envs/sparkle/lib/python3.10/site-packages/sparkle/solver/solver_cli.py --solver Solvers/RandomForest --instance Instances/Iris/Iris.csv --run-index 4 --performance-dataframe Output/Performance_Data/performance_data.csv --cutoff-time 60 --log-dir Output/Configuration/Raw_Data/SMAC3/RandomForest_Iris/validation   ", "working_dir": ".", "output_file": null, "stdout_file": "Output/Log/configure_solver_2025-04-01-11.07.33/SMAC3:_Validating_25_RandomForest_Configurations_on_Iris-0002.out", "stderr_file": "Output/Log/configure_solver_2025-04-01-11.07.33/SMAC3:_Validating_25_RandomForest_Configurations_on_Iris-0002.err", "slurm_job_id": "55637278_2", "job_state": null, "start_time_stamp": null, "end_time_stamp": null, "submit_time_stamp": null, "job_restarts": null, "job_qos": null, "job_partition": null, "job_nodes": null}, {"cmd": "python3 /rwthfs/rz/cluster/home/vx475510/miniforge3/envs/sparkle/lib/python3.10/site-packages/sparkle/solver/solver_cli.py --solver Solvers/RandomForest --instance Instances/Iris/Iris.csv --run-index 5 --performance-dataframe Output/Performance_Data/performance_data.csv --cutoff-time 60 --log-dir Output/Configuration/Raw_Data/SMAC3/RandomForest_Iris/validation   ", "working_dir": ".", "output_file": null, "stdout_file": "Output/Log/configure_solver_2025-04-01-11.07.33/SMAC3:_Validating_25_RandomForest_Configurations_on_Iris-0003.out", "stderr_file": "Output/Log/configure_solver_2025-04-01-11.07.33/SMAC3:_Validating_25_RandomForest_Configurations_on_Iris-0003.err", "slurm_job_id": "55637278_3", "job_state": null, "start_time_stamp": null, "end_time_stamp": null, "submit_time_stamp": null, "job_restarts": null, "job_qos": null, "job_partition": null, "job_nodes": null}, {"cmd": "python3 /rwthfs/rz/cluster/home/vx475510/miniforge3/envs/sparkle/lib/python3.10/site-packages/sparkle/solver/solver_cli.py --solver Solvers/RandomForest --instance Instances/Iris/Iris.csv --run-index 6 --performance-dataframe Output/Performance_Data/performance_data.csv --cutoff-time 60 --log-dir Output/Configuration/Raw_Data/SMAC3/RandomForest_Iris/validation   ", "working_dir": ".", "output_file": null, "stdout_file": "Output/Log/configure_solver_2025-04-01-11.07.33/SMAC3:_Validating_25_RandomForest_Configurations_on_Iris-0004.out", "stderr_file": "Output/Log/configure_solver_2025-04-01-11.07.33/SMAC3:_Validating_25_RandomForest_Configurations_on_Iris-0004.err", "slurm_job_id": "55637278_4", "job_state": null, "start_time_stamp": null, "end_time_stamp": null, "submit_time_stamp": null, "job_restarts": null, "job_qos": null, "job_partition": null, "job_nodes": null}, {"cmd": "python3 /rwthfs/rz/cluster/home/vx475510/miniforge3/envs/sparkle/lib/python3.10/site-packages/sparkle/solver/solver_cli.py --solver Solvers/RandomForest --instance Instances/Iris/Iris.csv --run-index 7 --performance-dataframe Output/Performance_Data/performance_data.csv --cutoff-time 60 --log-dir Output/Configuration/Raw_Data/SMAC3/RandomForest_Iris/validation   ", "working_dir": ".", "output_file": null, "stdout_file": "Output/Log/configure_solver_2025-04-01-11.07.33/SMAC3:_Validating_25_RandomForest_Configurations_on_Iris-0005.out", "stderr_file": "Output/Log/configure_solver_2025-04-01-11.07.33/SMAC3:_Validating_25_RandomForest_Configurations_on_Iris-0005.err", "slurm_job_id": "55637278_5", "job_state": null, "start_time_stamp": null, "end_time_stamp": null, "submit_time_stamp": null, "job_restarts": null, "job_qos": null, "job_partition": null, "job_nodes": null}, {"cmd": "python3 /rwthfs/rz/cluster/home/vx475510/miniforge3/envs/sparkle/lib/python3.10/site-packages/sparkle/solver/solver_cli.py --solver Solvers/RandomForest --instance Instances/Iris/Iris.csv --run-index 8 --performance-dataframe Output/Performance_Data/performance_data.csv --cutoff-time 60 --log-dir Output/Configuration/Raw_Data/SMAC3/RandomForest_Iris/validation   ", "working_dir": ".", "output_file": null, "stdout_file": "Output/Log/configure_solver_2025-04-01-11.07.33/SMAC3:_Validating_25_RandomForest_Configurations_on_Iris-0006.out", "stderr_file": "Output/Log/configure_solver_2025-04-01-11.07.33/SMAC3:_Validating_25_RandomForest_Configurations_on_Iris-0006.err", "slurm_job_id": "55637278_6", "job_state": null, "start_time_stamp": null, "end_time_stamp": null, "submit_time_stamp": null, "job_restarts": null, "job_qos": null, "job_partition": null, "job_nodes": null}, {"cmd": "python3 /rwthfs/rz/cluster/home/vx475510/miniforge3/envs/sparkle/lib/python3.10/site-packages/sparkle/solver/solver_cli.py --solver Solvers/RandomForest --instance Instances/Iris/Iris.csv --run-index 9 --performance-dataframe Output/Performance_Data/performance_data.csv --cutoff-time 60 --log-dir Output/Configuration/Raw_Data/SMAC3/RandomForest_Iris/validation   ", "working_dir": ".", "output_file": null, "stdout_file": "Output/Log/configure_solver_2025-04-01-11.07.33/SMAC3:_Validating_25_RandomForest_Configurations_on_Iris-0007.out", "stderr_file": "Output/Log/configure_solver_2025-04-01-11.07.33/SMAC3:_Validating_25_RandomForest_Configurations_on_Iris-0007.err", "slurm_job_id": "55637278_7", "job_state": null, "start_time_stamp": null, "end_time_stamp": null, "submit_time_stamp": null, "job_restarts": null, "job_qos": null, "job_partition": null, "job_nodes": null}, {"cmd": "python3 /rwthfs/rz/cluster/home/vx475510/miniforge3/envs/sparkle/lib/python3.10/site-packages/sparkle/solver/solver_cli.py --solver Solvers/RandomForest --instance Instances/Iris/Iris.csv --run-index 10 --performance-dataframe Output/Performance_Data/performance_data.csv --cutoff-time 60 --log-dir Output/Configuration/Raw_Data/SMAC3/RandomForest_Iris/validation   ", "working_dir": ".", "output_file": null, "stdout_file": "Output/Log/configure_solver_2025-04-01-11.07.33/SMAC3:_Validating_25_RandomForest_Configurations_on_Iris-0008.out", "stderr_file": "Output/Log/configure_solver_2025-04-01-11.07.33/SMAC3:_Validating_25_RandomForest_Configurations_on_Iris-0008.err", "slurm_job_id": "55637278_8", "job_state": null, "start_time_stamp": null, "end_time_stamp": null, "submit_time_stamp": null, "job_restarts": null, "job_qos": null, "job_partition": null, "job_nodes": null}, {"cmd": "python3 /rwthfs/rz/cluster/home/vx475510/miniforge3/envs/sparkle/lib/python3.10/site-packages/sparkle/solver/solver_cli.py --solver Solvers/RandomForest --instance Instances/Iris/Iris.csv --run-index 11 --performance-dataframe Output/Performance_Data/performance_data.csv --cutoff-time 60 --log-dir Output/Configuration/Raw_Data/SMAC3/RandomForest_Iris/validation   ", "working_dir": ".", "output_file": null, "stdout_file": "Output/Log/configure_solver_2025-04-01-11.07.33/SMAC3:_Validating_25_RandomForest_Configurations_on_Iris-0009.out", "stderr_file": "Output/Log/configure_solver_2025-04-01-11.07.33/SMAC3:_Validating_25_RandomForest_Configurations_on_Iris-0009.err", "slurm_job_id": "55637278_9", "job_state": null, "start_time_stamp": null, "end_time_stamp": null, "submit_time_stamp": null, "job_restarts": null, "job_qos": null, "job_partition": null, "job_nodes": null}, {"cmd": "python3 /rwthfs/rz/cluster/home/vx475510/miniforge3/envs/sparkle/lib/python3.10/site-packages/sparkle/solver/solver_cli.py --solver Solvers/RandomForest --instance Instances/Iris/Iris.csv --run-index 12 --performance-dataframe Output/Performance_Data/performance_data.csv --cutoff-time 60 --log-dir Output/Configuration/Raw_Data/SMAC3/RandomForest_Iris/validation   ", "working_dir": ".", "output_file": null, "stdout_file": "Output/Log/configure_solver_2025-04-01-11.07.33/SMAC3:_Validating_25_RandomForest_Configurations_on_Iris-0010.out", "stderr_file": "Output/Log/configure_solver_2025-04-01-11.07.33/SMAC3:_Validating_25_RandomForest_Configurations_on_Iris-0010.err", "slurm_job_id": "55637278_10", "job_state": null, "start_time_stamp": null, "end_time_stamp": null, "submit_time_stamp": null, "job_restarts": null, "job_qos": null, "job_partition": null, "job_nodes": null}, {"cmd": "python3 /rwthfs/rz/cluster/home/vx475510/miniforge3/envs/sparkle/lib/python3.10/site-packages/sparkle/solver/solver_cli.py --solver Solvers/RandomForest --instance Instances/Iris/Iris.csv --run-index 13 --performance-dataframe Output/Performance_Data/performance_data.csv --cutoff-time 60 --log-dir Output/Configuration/Raw_Data/SMAC3/RandomForest_Iris/validation   ", "working_dir": ".", "output_file": null, "stdout_file": "Output/Log/configure_solver_2025-04-01-11.07.33/SMAC3:_Validating_25_RandomForest_Configurations_on_Iris-0011.out", "stderr_file": "Output/Log/configure_solver_2025-04-01-11.07.33/SMAC3:_Validating_25_RandomForest_Configurations_on_Iris-0011.err", "slurm_job_id": "55637278_11", "job_state": null, "start_time_stamp": null, "end_time_stamp": null, "submit_time_stamp": null, "job_restarts": null, "job_qos": null, "job_partition": null, "job_nodes": null}, {"cmd": "python3 /rwthfs/rz/cluster/home/vx475510/miniforge3/envs/sparkle/lib/python3.10/site-packages/sparkle/solver/solver_cli.py --solver Solvers/RandomForest --instance Instances/Iris/Iris.csv --run-index 14 --performance-dataframe Output/Performance_Data/performance_data.csv --cutoff-time 60 --log-dir Output/Configuration/Raw_Data/SMAC3/RandomForest_Iris/validation   ", "working_dir": ".", "output_file": null, "stdout_file": "Output/Log/configure_solver_2025-04-01-11.07.33/SMAC3:_Validating_25_RandomForest_Configurations_on_Iris-0012.out", "stderr_file": "Output/Log/configure_solver_2025-04-01-11.07.33/SMAC3:_Validating_25_RandomForest_Configurations_on_Iris-0012.err", "slurm_job_id": "55637278_12", "job_state": null, "start_time_stamp": null, "end_time_stamp": null, "submit_time_stamp": null, "job_restarts": null, "job_qos": null, "job_partition": null, "job_nodes": null}, {"cmd": "python3 /rwthfs/rz/cluster/home/vx475510/miniforge3/envs/sparkle/lib/python3.10/site-packages/sparkle/solver/solver_cli.py --solver Solvers/RandomForest --instance Instances/Iris/Iris.csv --run-index 15 --performance-dataframe Output/Performance_Data/performance_data.csv --cutoff-time 60 --log-dir Output/Configuration/Raw_Data/SMAC3/RandomForest_Iris/validation   ", "working_dir": ".", "output_file": null, "stdout_file": "Output/Log/configure_solver_2025-04-01-11.07.33/SMAC3:_Validating_25_RandomForest_Configurations_on_Iris-0013.out", "stderr_file": "Output/Log/configure_solver_2025-04-01-11.07.33/SMAC3:_Validating_25_RandomForest_Configurations_on_Iris-0013.err", "slurm_job_id": "55637278_13", "job_state": null, "start_time_stamp": null, "end_time_stamp": null, "submit_time_stamp": null, "job_restarts": null, "job_qos": null, "job_partition": null, "job_nodes": null}, {"cmd": "python3 /rwthfs/rz/cluster/home/vx475510/miniforge3/envs/sparkle/lib/python3.10/site-packages/sparkle/solver/solver_cli.py --solver Solvers/RandomForest --instance Instances/Iris/Iris.csv --run-index 16 --performance-dataframe Output/Performance_Data/performance_data.csv --cutoff-time 60 --log-dir Output/Configuration/Raw_Data/SMAC3/RandomForest_Iris/validation   ", "working_dir": ".", "output_file": null, "stdout_file": "Output/Log/configure_solver_2025-04-01-11.07.33/SMAC3:_Validating_25_RandomForest_Configurations_on_Iris-0014.out", "stderr_file": "Output/Log/configure_solver_2025-04-01-11.07.33/SMAC3:_Validating_25_RandomForest_Configurations_on_Iris-0014.err", "slurm_job_id": "55637278_14", "job_state": null, "start_time_stamp": null, "end_time_stamp": null, "submit_time_stamp": null, "job_restarts": null, "job_qos": null, "job_partition": null, "job_nodes": null}, {"cmd": "python3 /rwthfs/rz/cluster/home/vx475510/miniforge3/envs/sparkle/lib/python3.10/site-packages/sparkle/solver/solver_cli.py --solver Solvers/RandomForest --instance Instances/Iris/Iris.csv --run-index 17 --performance-dataframe Output/Performance_Data/performance_data.csv --cutoff-time 60 --log-dir Output/Configuration/Raw_Data/SMAC3/RandomForest_Iris/validation   ", "working_dir": ".", "output_file": null, "stdout_file": "Output/Log/configure_solver_2025-04-01-11.07.33/SMAC3:_Validating_25_RandomForest_Configurations_on_Iris-0015.out", "stderr_file": "Output/Log/configure_solver_2025-04-01-11.07.33/SMAC3:_Validating_25_RandomForest_Configurations_on_Iris-0015.err", "slurm_job_id": "55637278_15", "job_state": null, "start_time_stamp": null, "end_time_stamp": null, "submit_time_stamp": null, "job_restarts": null, "job_qos": null, "job_partition": null, "job_nodes": null}, {"cmd": "python3 /rwthfs/rz/cluster/home/vx475510/miniforge3/envs/sparkle/lib/python3.10/site-packages/sparkle/solver/solver_cli.py --solver Solvers/RandomForest --instance Instances/Iris/Iris.csv --run-index 18 --performance-dataframe Output/Performance_Data/performance_data.csv --cutoff-time 60 --log-dir Output/Configuration/Raw_Data/SMAC3/RandomForest_Iris/validation   ", "working_dir": ".", "output_file": null, "stdout_file": "Output/Log/configure_solver_2025-04-01-11.07.33/SMAC3:_Validating_25_RandomForest_Configurations_on_Iris-0016.out", "stderr_file": "Output/Log/configure_solver_2025-04-01-11.07.33/SMAC3:_Validating_25_RandomForest_Configurations_on_Iris-0016.err", "slurm_job_id": "55637278_16", "job_state": null, "start_time_stamp": null, "end_time_stamp": null, "submit_time_stamp": null, "job_restarts": null, "job_qos": null, "job_partition": null, "job_nodes": null}, {"cmd": "python3 /rwthfs/rz/cluster/home/vx475510/miniforge3/envs/sparkle/lib/python3.10/site-packages/sparkle/solver/solver_cli.py --solver Solvers/RandomForest --instance Instances/Iris/Iris.csv --run-index 19 --performance-dataframe Output/Performance_Data/performance_data.csv --cutoff-time 60 --log-dir Output/Configuration/Raw_Data/SMAC3/RandomForest_Iris/validation   ", "working_dir": ".", "output_file": null, "stdout_file": "Output/Log/configure_solver_2025-04-01-11.07.33/SMAC3:_Validating_25_RandomForest_Configurations_on_Iris-0017.out", "stderr_file": "Output/Log/configure_solver_2025-04-01-11.07.33/SMAC3:_Validating_25_RandomForest_Configurations_on_Iris-0017.err", "slurm_job_id": "55637278_17", "job_state": null, "start_time_stamp": null, "end_time_stamp": null, "submit_time_stamp": null, "job_restarts": null, "job_qos": null, "job_partition": null, "job_nodes": null}, {"cmd": "python3 /rwthfs/rz/cluster/home/vx475510/miniforge3/envs/sparkle/lib/python3.10/site-packages/sparkle/solver/solver_cli.py --solver Solvers/RandomForest --instance Instances/Iris/Iris.csv --run-index 20 --performance-dataframe Output/Performance_Data/performance_data.csv --cutoff-time 60 --log-dir Output/Configuration/Raw_Data/SMAC3/RandomForest_Iris/validation   ", "working_dir": ".", "output_file": null, "stdout_file": "Output/Log/configure_solver_2025-04-01-11.07.33/SMAC3:_Validating_25_RandomForest_Configurations_on_Iris-0018.out", "stderr_file": "Output/Log/configure_solver_2025-04-01-11.07.33/SMAC3:_Validating_25_RandomForest_Configurations_on_Iris-0018.err", "slurm_job_id": "55637278_18", "job_state": null, "start_time_stamp": null, "end_time_stamp": null, "submit_time_stamp": null, "job_restarts": null, "job_qos": null, "job_partition": null, "job_nodes": null}, {"cmd": "python3 /rwthfs/rz/cluster/home/vx475510/miniforge3/envs/sparkle/lib/python3.10/site-packages/sparkle/solver/solver_cli.py --solver Solvers/RandomForest --instance Instances/Iris/Iris.csv --run-index 21 --performance-dataframe Output/Performance_Data/performance_data.csv --cutoff-time 60 --log-dir Output/Configuration/Raw_Data/SMAC3/RandomForest_Iris/validation   ", "working_dir": ".", "output_file": null, "stdout_file": "Output/Log/configure_solver_2025-04-01-11.07.33/SMAC3:_Validating_25_RandomForest_Configurations_on_Iris-0019.out", "stderr_file": "Output/Log/configure_solver_2025-04-01-11.07.33/SMAC3:_Validating_25_RandomForest_Configurations_on_Iris-0019.err", "slurm_job_id": "55637278_19", "job_state": null, "start_time_stamp": null, "end_time_stamp": null, "submit_time_stamp": null, "job_restarts": null, "job_qos": null, "job_partition": null, "job_nodes": null}, {"cmd": "python3 /rwthfs/rz/cluster/home/vx475510/miniforge3/envs/sparkle/lib/python3.10/site-packages/sparkle/solver/solver_cli.py --solver Solvers/RandomForest --instance Instances/Iris/Iris.csv --run-index 22 --performance-dataframe Output/Performance_Data/performance_data.csv --cutoff-time 60 --log-dir Output/Configuration/Raw_Data/SMAC3/RandomForest_Iris/validation   ", "working_dir": ".", "output_file": null, "stdout_file": "Output/Log/configure_solver_2025-04-01-11.07.33/SMAC3:_Validating_25_RandomForest_Configurations_on_Iris-0020.out", "stderr_file": "Output/Log/configure_solver_2025-04-01-11.07.33/SMAC3:_Validating_25_RandomForest_Configurations_on_Iris-0020.err", "slurm_job_id": "55637278_20", "job_state": null, "start_time_stamp": null, "end_time_stamp": null, "submit_time_stamp": null, "job_restarts": null, "job_qos": null, "job_partition": null, "job_nodes": null}, {"cmd": "python3 /rwthfs/rz/cluster/home/vx475510/miniforge3/envs/sparkle/lib/python3.10/site-packages/sparkle/solver/solver_cli.py --solver Solvers/RandomForest --instance Instances/Iris/Iris.csv --run-index 23 --performance-dataframe Output/Performance_Data/performance_data.csv --cutoff-time 60 --log-dir Output/Configuration/Raw_Data/SMAC3/RandomForest_Iris/validation   ", "working_dir": ".", "output_file": null, "stdout_file": "Output/Log/configure_solver_2025-04-01-11.07.33/SMAC3:_Validating_25_RandomForest_Configurations_on_Iris-0021.out", "stderr_file": "Output/Log/configure_solver_2025-04-01-11.07.33/SMAC3:_Validating_25_RandomForest_Configurations_on_Iris-0021.err", "slurm_job_id": "55637278_21", "job_state": null, "start_time_stamp": null, "end_time_stamp": null, "submit_time_stamp": null, "job_restarts": null, "job_qos": null, "job_partition": null, "job_nodes": null}, {"cmd": "python3 /rwthfs/rz/cluster/home/vx475510/miniforge3/envs/sparkle/lib/python3.10/site-packages/sparkle/solver/solver_cli.py --solver Solvers/RandomForest --instance Instances/Iris/Iris.csv --run-index 24 --performance-dataframe Output/Performance_Data/performance_data.csv --cutoff-time 60 --log-dir Output/Configuration/Raw_Data/SMAC3/RandomForest_Iris/validation   ", "working_dir": ".", "output_file": null, "stdout_file": "Output/Log/configure_solver_2025-04-01-11.07.33/SMAC3:_Validating_25_RandomForest_Configurations_on_Iris-0022.out", "stderr_file": "Output/Log/configure_solver_2025-04-01-11.07.33/SMAC3:_Validating_25_RandomForest_Configurations_on_Iris-0022.err", "slurm_job_id": "55637278_22", "job_state": null, "start_time_stamp": null, "end_time_stamp": null, "submit_time_stamp": null, "job_restarts": null, "job_qos": null, "job_partition": null, "job_nodes": null}, {"cmd": "python3 /rwthfs/rz/cluster/home/vx475510/miniforge3/envs/sparkle/lib/python3.10/site-packages/sparkle/solver/solver_cli.py --solver Solvers/RandomForest --instance Instances/Iris/Iris.csv --run-index 25 --performance-dataframe Output/Performance_Data/performance_data.csv --cutoff-time 60 --log-dir Output/Configuration/Raw_Data/SMAC3/RandomForest_Iris/validation   ", "working_dir": ".", "output_file": null, "stdout_file": "Output/Log/configure_solver_2025-04-01-11.07.33/SMAC3:_Validating_25_RandomForest_Configurations_on_Iris-0023.out", "stderr_file": "Output/Log/configure_solver_2025-04-01-11.07.33/SMAC3:_Validating_25_RandomForest_Configurations_on_Iris-0023.err", "slurm_job_id": "55637278_23", "job_state": null, "start_time_stamp": null, "end_time_stamp": null, "submit_time_stamp": null, "job_restarts": null, "job_qos": null, "job_partition": null, "job_nodes": null}, {"cmd": "python3 /rwthfs/rz/cluster/home/vx475510/miniforge3/envs/sparkle/lib/python3.10/site-packages/sparkle/solver/solver_cli.py --solver Solvers/RandomForest --instance Instances/Iris/Iris.csv --run-index 26 --performance-dataframe Output/Performance_Data/performance_data.csv --cutoff-time 60 --log-dir Output/Configuration/Raw_Data/SMAC3/RandomForest_Iris/validation   ", "working_dir": ".", "output_file": null, "stdout_file": "Output/Log/configure_solver_2025-04-01-11.07.33/SMAC3:_Validating_25_RandomForest_Configurations_on_Iris-0024.out", "stderr_file": "Output/Log/configure_solver_2025-04-01-11.07.33/SMAC3:_Validating_25_RandomForest_Configurations_on_Iris-0024.err", "slurm_job_id": "55637278_24", "job_state": null, "start_time_stamp": null, "end_time_stamp": null, "submit_time_stamp": null, "job_restarts": null, "job_qos": null, "job_partition": null, "job_nodes": null}], "parallel_jobs": 25, "submitted": true, "run_id": "55637278", "prepend": ""}