Solver,,,Solvers/TestSolver,Solvers/TestSolver,Solvers/TestSolver
Meta,,,Value,Seed,Configuration
Objective,Instance,Run,,,
cpu_time:metric,Instances/Basic_6h_year/problem_instance_europe_apr_6h.json,1,,,
cpu_time:metric,Instances/Basic_6h_year/problem_instance_europe_aug_6h.json,1,,,
cpu_time:metric,Instances/Basic_6h_year/problem_instance_europe_dec_6h.json,1,,,
cpu_time:metric,Instances/Basic_6h_year/problem_instance_europe_feb_6h.json,1,,,
cpu_time:metric,Instances/Basic_6h_year/problem_instance_europe_jan_6h.json,1,,,
cpu_time:metric,Instances/Basic_6h_year/problem_instance_europe_jul_6h.json,1,,,
cpu_time:metric,Instances/Basic_6h_year/problem_instance_europe_jun_6h.json,1,,,
cpu_time:metric,Instances/Basic_6h_year/problem_instance_europe_mar_6h.json,1,,,
cpu_time:metric,Instances/Basic_6h_year/problem_instance_europe_may_6h.json,1,,,
cpu_time:metric,Instances/Basic_6h_year/problem_instance_europe_nov_6h.json,1,,,
cpu_time:metric,Instances/Basic_6h_year/problem_instance_europe_oct_6h.json,1,,,
cpu_time:metric,Instances/Basic_6h_year/problem_instance_europe_sep_6h.json,1,,,
memory:metric,Instances/Basic_6h_year/problem_instance_europe_apr_6h.json,1,,,
memory:metric,Instances/Basic_6h_year/problem_instance_europe_aug_6h.json,1,,,
memory:metric,Instances/Basic_6h_year/problem_instance_europe_dec_6h.json,1,,,
memory:metric,Instances/Basic_6h_year/problem_instance_europe_feb_6h.json,1,,,
memory:metric,Instances/Basic_6h_year/problem_instance_europe_jan_6h.json,1,,,
memory:metric,Instances/Basic_6h_year/problem_instance_europe_jul_6h.json,1,,,
memory:metric,Instances/Basic_6h_year/problem_instance_europe_jun_6h.json,1,,,
memory:metric,Instances/Basic_6h_year/problem_instance_europe_mar_6h.json,1,,,
memory:metric,Instances/Basic_6h_year/problem_instance_europe_may_6h.json,1,,,
memory:metric,Instances/Basic_6h_year/problem_instance_europe_nov_6h.json,1,,,
memory:metric,Instances/Basic_6h_year/problem_instance_europe_oct_6h.json,1,,,
memory:metric,Instances/Basic_6h_year/problem_instance_europe_sep_6h.json,1,,,
runtime,Instances/Basic_6h_year/problem_instance_europe_apr_6h.json,1,,,
runtime,Instances/Basic_6h_year/problem_instance_europe_aug_6h.json,1,,,
runtime,Instances/Basic_6h_year/problem_instance_europe_dec_6h.json,1,,,
runtime,Instances/Basic_6h_year/problem_instance_europe_feb_6h.json,1,,,
runtime,Instances/Basic_6h_year/problem_instance_europe_jan_6h.json,1,,,
runtime,Instances/Basic_6h_year/problem_instance_europe_jul_6h.json,1,,,
runtime,Instances/Basic_6h_year/problem_instance_europe_jun_6h.json,1,,,
runtime,Instances/Basic_6h_year/problem_instance_europe_mar_6h.json,1,,,
runtime,Instances/Basic_6h_year/problem_instance_europe_may_6h.json,1,,,
runtime,Instances/Basic_6h_year/problem_instance_europe_nov_6h.json,1,,,
runtime,Instances/Basic_6h_year/problem_instance_europe_oct_6h.json,1,,,
runtime,Instances/Basic_6h_year/problem_instance_europe_sep_6h.json,1,,,
status:metric,Instances/Basic_6h_year/problem_instance_europe_apr_6h.json,1,,,
status:metric,Instances/Basic_6h_year/problem_instance_europe_aug_6h.json,1,,,
status:metric,Instances/Basic_6h_year/problem_instance_europe_dec_6h.json,1,,,
status:metric,Instances/Basic_6h_year/problem_instance_europe_feb_6h.json,1,,,
status:metric,Instances/Basic_6h_year/problem_instance_europe_jan_6h.json,1,,,
status:metric,Instances/Basic_6h_year/problem_instance_europe_jul_6h.json,1,,,
status:metric,Instances/Basic_6h_year/problem_instance_europe_jun_6h.json,1,,,
status:metric,Instances/Basic_6h_year/problem_instance_europe_mar_6h.json,1,,,
status:metric,Instances/Basic_6h_year/problem_instance_europe_may_6h.json,1,,,
status:metric,Instances/Basic_6h_year/problem_instance_europe_nov_6h.json,1,,,
status:metric,Instances/Basic_6h_year/problem_instance_europe_oct_6h.json,1,,,
status:metric,Instances/Basic_6h_year/problem_instance_europe_sep_6h.json,1,,,
wall_time:metric,Instances/Basic_6h_year/problem_instance_europe_apr_6h.json,1,,,
wall_time:metric,Instances/Basic_6h_year/problem_instance_europe_aug_6h.json,1,,,
wall_time:metric,Instances/Basic_6h_year/problem_instance_europe_dec_6h.json,1,,,
wall_time:metric,Instances/Basic_6h_year/problem_instance_europe_feb_6h.json,1,,,
wall_time:metric,Instances/Basic_6h_year/problem_instance_europe_jan_6h.json,1,,,
wall_time:metric,Instances/Basic_6h_year/problem_instance_europe_jul_6h.json,1,,,
wall_time:metric,Instances/Basic_6h_year/problem_instance_europe_jun_6h.json,1,,,
wall_time:metric,Instances/Basic_6h_year/problem_instance_europe_mar_6h.json,1,,,
wall_time:metric,Instances/Basic_6h_year/problem_instance_europe_may_6h.json,1,,,
wall_time:metric,Instances/Basic_6h_year/problem_instance_europe_nov_6h.json,1,,,
wall_time:metric,Instances/Basic_6h_year/problem_instance_europe_oct_6h.json,1,,,
wall_time:metric,Instances/Basic_6h_year/problem_instance_europe_sep_6h.json,1,,,
