{"name": "Run: RandomForest on instances", "base_dir": "Output/Log/run_solvers_2025-04-01-10.29.06", "dependencies": [], "sbatch_options": ["--qos=normal", "--mem-per-cpu=2541", "--time=3:00", "--partition=c23ms"], "srun_options": [], "jobs": [{"cmd": "python3 /rwthfs/rz/cluster/home/vx475510/miniforge3/envs/sparkle/lib/python3.10/site-packages/sparkle/solver/solver_cli.py --solver Solvers/RandomForest --instance Instances/Iris/Iris.csv --run-index 1 --performance-dataframe Output/Performance_Data/performance_data.csv --cutoff-time 60 --log-dir Output/Log/run_solvers_2025-04-01-10.29.06   ", "working_dir": ".", "output_file": null, "stdout_file": "Output/Log/run_solvers_2025-04-01-10.29.06/Run:_RandomForest_on_instances-0000.out", "stderr_file": "Output/Log/run_solvers_2025-04-01-10.29.06/Run:_RandomForest_on_instances-0000.err", "slurm_job_id": "55635551_0", "job_state": null, "start_time_stamp": null, "end_time_stamp": null, "submit_time_stamp": null, "job_restarts": null, "job_qos": null, "job_partition": null, "job_nodes": null}, {"cmd": "python3 /rwthfs/rz/cluster/home/vx475510/miniforge3/envs/sparkle/lib/python3.10/site-packages/sparkle/solver/solver_cli.py --solver Solvers/RandomForest --instance Instances/Iris/Iris.csv --run-index 2 --performance-dataframe Output/Performance_Data/performance_data.csv --cutoff-time 60 --log-dir Output/Log/run_solvers_2025-04-01-10.29.06   ", "working_dir": ".", "output_file": null, "stdout_file": "Output/Log/run_solvers_2025-04-01-10.29.06/Run:_RandomForest_on_instances-0001.out", "stderr_file": "Output/Log/run_solvers_2025-04-01-10.29.06/Run:_RandomForest_on_instances-0001.err", "slurm_job_id": "55635551_1", "job_state": null, "start_time_stamp": null, "end_time_stamp": null, "submit_time_stamp": null, "job_restarts": null, "job_qos": null, "job_partition": null, "job_nodes": null}, {"cmd": "python3 /rwthfs/rz/cluster/home/vx475510/miniforge3/envs/sparkle/lib/python3.10/site-packages/sparkle/solver/solver_cli.py --solver Solvers/RandomForest --instance Instances/Iris/Iris.csv --run-index 3 --performance-dataframe Output/Performance_Data/performance_data.csv --cutoff-time 60 --log-dir Output/Log/run_solvers_2025-04-01-10.29.06   ", "working_dir": ".", "output_file": null, "stdout_file": "Output/Log/run_solvers_2025-04-01-10.29.06/Run:_RandomForest_on_instances-0002.out", "stderr_file": "Output/Log/run_solvers_2025-04-01-10.29.06/Run:_RandomForest_on_instances-0002.err", "slurm_job_id": "55635551_2", "job_state": null, "start_time_stamp": null, "end_time_stamp": null, "submit_time_stamp": null, "job_restarts": null, "job_qos": null, "job_partition": null, "job_nodes": null}, {"cmd": "python3 /rwthfs/rz/cluster/home/vx475510/miniforge3/envs/sparkle/lib/python3.10/site-packages/sparkle/solver/solver_cli.py --solver Solvers/RandomForest --instance Instances/Iris/Iris.csv --run-index 4 --performance-dataframe Output/Performance_Data/performance_data.csv --cutoff-time 60 --log-dir Output/Log/run_solvers_2025-04-01-10.29.06   ", "working_dir": ".", "output_file": null, "stdout_file": "Output/Log/run_solvers_2025-04-01-10.29.06/Run:_RandomForest_on_instances-0003.out", "stderr_file": "Output/Log/run_solvers_2025-04-01-10.29.06/Run:_RandomForest_on_instances-0003.err", "slurm_job_id": "55635551_3", "job_state": null, "start_time_stamp": null, "end_time_stamp": null, "submit_time_stamp": null, "job_restarts": null, "job_qos": null, "job_partition": null, "job_nodes": null}, {"cmd": "python3 /rwthfs/rz/cluster/home/vx475510/miniforge3/envs/sparkle/lib/python3.10/site-packages/sparkle/solver/solver_cli.py --solver Solvers/RandomForest --instance Instances/Iris/Iris.csv --run-index 5 --performance-dataframe Output/Performance_Data/performance_data.csv --cutoff-time 60 --log-dir Output/Log/run_solvers_2025-04-01-10.29.06   ", "working_dir": ".", "output_file": null, "stdout_file": "Output/Log/run_solvers_2025-04-01-10.29.06/Run:_RandomForest_on_instances-0004.out", "stderr_file": "Output/Log/run_solvers_2025-04-01-10.29.06/Run:_RandomForest_on_instances-0004.err", "slurm_job_id": "55635551_4", "job_state": null, "start_time_stamp": null, "end_time_stamp": null, "submit_time_stamp": null, "job_restarts": null, "job_qos": null, "job_partition": null, "job_nodes": null}, {"cmd": "python3 /rwthfs/rz/cluster/home/vx475510/miniforge3/envs/sparkle/lib/python3.10/site-packages/sparkle/solver/solver_cli.py --solver Solvers/RandomForest --instance Instances/Iris/Iris.csv --run-index 6 --performance-dataframe Output/Performance_Data/performance_data.csv --cutoff-time 60 --log-dir Output/Log/run_solvers_2025-04-01-10.29.06   ", "working_dir": ".", "output_file": null, "stdout_file": "Output/Log/run_solvers_2025-04-01-10.29.06/Run:_RandomForest_on_instances-0005.out", "stderr_file": "Output/Log/run_solvers_2025-04-01-10.29.06/Run:_RandomForest_on_instances-0005.err", "slurm_job_id": "55635551_5", "job_state": null, "start_time_stamp": null, "end_time_stamp": null, "submit_time_stamp": null, "job_restarts": null, "job_qos": null, "job_partition": null, "job_nodes": null}, {"cmd": "python3 /rwthfs/rz/cluster/home/vx475510/miniforge3/envs/sparkle/lib/python3.10/site-packages/sparkle/solver/solver_cli.py --solver Solvers/RandomForest --instance Instances/Iris/Iris.csv --run-index 7 --performance-dataframe Output/Performance_Data/performance_data.csv --cutoff-time 60 --log-dir Output/Log/run_solvers_2025-04-01-10.29.06   ", "working_dir": ".", "output_file": null, "stdout_file": "Output/Log/run_solvers_2025-04-01-10.29.06/Run:_RandomForest_on_instances-0006.out", "stderr_file": "Output/Log/run_solvers_2025-04-01-10.29.06/Run:_RandomForest_on_instances-0006.err", "slurm_job_id": "55635551_6", "job_state": null, "start_time_stamp": null, "end_time_stamp": null, "submit_time_stamp": null, "job_restarts": null, "job_qos": null, "job_partition": null, "job_nodes": null}, {"cmd": "python3 /rwthfs/rz/cluster/home/vx475510/miniforge3/envs/sparkle/lib/python3.10/site-packages/sparkle/solver/solver_cli.py --solver Solvers/RandomForest --instance Instances/Iris/Iris.csv --run-index 8 --performance-dataframe Output/Performance_Data/performance_data.csv --cutoff-time 60 --log-dir Output/Log/run_solvers_2025-04-01-10.29.06   ", "working_dir": ".", "output_file": null, "stdout_file": "Output/Log/run_solvers_2025-04-01-10.29.06/Run:_RandomForest_on_instances-0007.out", "stderr_file": "Output/Log/run_solvers_2025-04-01-10.29.06/Run:_RandomForest_on_instances-0007.err", "slurm_job_id": "55635551_7", "job_state": null, "start_time_stamp": null, "end_time_stamp": null, "submit_time_stamp": null, "job_restarts": null, "job_qos": null, "job_partition": null, "job_nodes": null}, {"cmd": "python3 /rwthfs/rz/cluster/home/vx475510/miniforge3/envs/sparkle/lib/python3.10/site-packages/sparkle/solver/solver_cli.py --solver Solvers/RandomForest --instance Instances/Iris/Iris.csv --run-index 9 --performance-dataframe Output/Performance_Data/performance_data.csv --cutoff-time 60 --log-dir Output/Log/run_solvers_2025-04-01-10.29.06   ", "working_dir": ".", "output_file": null, "stdout_file": "Output/Log/run_solvers_2025-04-01-10.29.06/Run:_RandomForest_on_instances-0008.out", "stderr_file": "Output/Log/run_solvers_2025-04-01-10.29.06/Run:_RandomForest_on_instances-0008.err", "slurm_job_id": "55635551_8", "job_state": null, "start_time_stamp": null, "end_time_stamp": null, "submit_time_stamp": null, "job_restarts": null, "job_qos": null, "job_partition": null, "job_nodes": null}, {"cmd": "python3 /rwthfs/rz/cluster/home/vx475510/miniforge3/envs/sparkle/lib/python3.10/site-packages/sparkle/solver/solver_cli.py --solver Solvers/RandomForest --instance Instances/Iris/Iris.csv --run-index 10 --performance-dataframe Output/Performance_Data/performance_data.csv --cutoff-time 60 --log-dir Output/Log/run_solvers_2025-04-01-10.29.06   ", "working_dir": ".", "output_file": null, "stdout_file": "Output/Log/run_solvers_2025-04-01-10.29.06/Run:_RandomForest_on_instances-0009.out", "stderr_file": "Output/Log/run_solvers_2025-04-01-10.29.06/Run:_RandomForest_on_instances-0009.err", "slurm_job_id": "55635551_9", "job_state": null, "start_time_stamp": null, "end_time_stamp": null, "submit_time_stamp": null, "job_restarts": null, "job_qos": null, "job_partition": null, "job_nodes": null}, {"cmd": "python3 /rwthfs/rz/cluster/home/vx475510/miniforge3/envs/sparkle/lib/python3.10/site-packages/sparkle/solver/solver_cli.py --solver Solvers/RandomForest --instance Instances/Iris/Iris.csv --run-index 11 --performance-dataframe Output/Performance_Data/performance_data.csv --cutoff-time 60 --log-dir Output/Log/run_solvers_2025-04-01-10.29.06   ", "working_dir": ".", "output_file": null, "stdout_file": "Output/Log/run_solvers_2025-04-01-10.29.06/Run:_RandomForest_on_instances-0010.out", "stderr_file": "Output/Log/run_solvers_2025-04-01-10.29.06/Run:_RandomForest_on_instances-0010.err", "slurm_job_id": "55635551_10", "job_state": null, "start_time_stamp": null, "end_time_stamp": null, "submit_time_stamp": null, "job_restarts": null, "job_qos": null, "job_partition": null, "job_nodes": null}, {"cmd": "python3 /rwthfs/rz/cluster/home/vx475510/miniforge3/envs/sparkle/lib/python3.10/site-packages/sparkle/solver/solver_cli.py --solver Solvers/RandomForest --instance Instances/Iris/Iris.csv --run-index 12 --performance-dataframe Output/Performance_Data/performance_data.csv --cutoff-time 60 --log-dir Output/Log/run_solvers_2025-04-01-10.29.06   ", "working_dir": ".", "output_file": null, "stdout_file": "Output/Log/run_solvers_2025-04-01-10.29.06/Run:_RandomForest_on_instances-0011.out", "stderr_file": "Output/Log/run_solvers_2025-04-01-10.29.06/Run:_RandomForest_on_instances-0011.err", "slurm_job_id": "55635551_11", "job_state": null, "start_time_stamp": null, "end_time_stamp": null, "submit_time_stamp": null, "job_restarts": null, "job_qos": null, "job_partition": null, "job_nodes": null}, {"cmd": "python3 /rwthfs/rz/cluster/home/vx475510/miniforge3/envs/sparkle/lib/python3.10/site-packages/sparkle/solver/solver_cli.py --solver Solvers/RandomForest --instance Instances/Iris/Iris.csv --run-index 13 --performance-dataframe Output/Performance_Data/performance_data.csv --cutoff-time 60 --log-dir Output/Log/run_solvers_2025-04-01-10.29.06   ", "working_dir": ".", "output_file": null, "stdout_file": "Output/Log/run_solvers_2025-04-01-10.29.06/Run:_RandomForest_on_instances-0012.out", "stderr_file": "Output/Log/run_solvers_2025-04-01-10.29.06/Run:_RandomForest_on_instances-0012.err", "slurm_job_id": "55635551_12", "job_state": null, "start_time_stamp": null, "end_time_stamp": null, "submit_time_stamp": null, "job_restarts": null, "job_qos": null, "job_partition": null, "job_nodes": null}, {"cmd": "python3 /rwthfs/rz/cluster/home/vx475510/miniforge3/envs/sparkle/lib/python3.10/site-packages/sparkle/solver/solver_cli.py --solver Solvers/RandomForest --instance Instances/Iris/Iris.csv --run-index 14 --performance-dataframe Output/Performance_Data/performance_data.csv --cutoff-time 60 --log-dir Output/Log/run_solvers_2025-04-01-10.29.06   ", "working_dir": ".", "output_file": null, "stdout_file": "Output/Log/run_solvers_2025-04-01-10.29.06/Run:_RandomForest_on_instances-0013.out", "stderr_file": "Output/Log/run_solvers_2025-04-01-10.29.06/Run:_RandomForest_on_instances-0013.err", "slurm_job_id": "55635551_13", "job_state": null, "start_time_stamp": null, "end_time_stamp": null, "submit_time_stamp": null, "job_restarts": null, "job_qos": null, "job_partition": null, "job_nodes": null}, {"cmd": "python3 /rwthfs/rz/cluster/home/vx475510/miniforge3/envs/sparkle/lib/python3.10/site-packages/sparkle/solver/solver_cli.py --solver Solvers/RandomForest --instance Instances/Iris/Iris.csv --run-index 15 --performance-dataframe Output/Performance_Data/performance_data.csv --cutoff-time 60 --log-dir Output/Log/run_solvers_2025-04-01-10.29.06   ", "working_dir": ".", "output_file": null, "stdout_file": "Output/Log/run_solvers_2025-04-01-10.29.06/Run:_RandomForest_on_instances-0014.out", "stderr_file": "Output/Log/run_solvers_2025-04-01-10.29.06/Run:_RandomForest_on_instances-0014.err", "slurm_job_id": "55635551_14", "job_state": null, "start_time_stamp": null, "end_time_stamp": null, "submit_time_stamp": null, "job_restarts": null, "job_qos": null, "job_partition": null, "job_nodes": null}, {"cmd": "python3 /rwthfs/rz/cluster/home/vx475510/miniforge3/envs/sparkle/lib/python3.10/site-packages/sparkle/solver/solver_cli.py --solver Solvers/RandomForest --instance Instances/Iris/Iris.csv --run-index 16 --performance-dataframe Output/Performance_Data/performance_data.csv --cutoff-time 60 --log-dir Output/Log/run_solvers_2025-04-01-10.29.06   ", "working_dir": ".", "output_file": null, "stdout_file": "Output/Log/run_solvers_2025-04-01-10.29.06/Run:_RandomForest_on_instances-0015.out", "stderr_file": "Output/Log/run_solvers_2025-04-01-10.29.06/Run:_RandomForest_on_instances-0015.err", "slurm_job_id": "55635551_15", "job_state": null, "start_time_stamp": null, "end_time_stamp": null, "submit_time_stamp": null, "job_restarts": null, "job_qos": null, "job_partition": null, "job_nodes": null}, {"cmd": "python3 /rwthfs/rz/cluster/home/vx475510/miniforge3/envs/sparkle/lib/python3.10/site-packages/sparkle/solver/solver_cli.py --solver Solvers/RandomForest --instance Instances/Iris/Iris.csv --run-index 17 --performance-dataframe Output/Performance_Data/performance_data.csv --cutoff-time 60 --log-dir Output/Log/run_solvers_2025-04-01-10.29.06   ", "working_dir": ".", "output_file": null, "stdout_file": "Output/Log/run_solvers_2025-04-01-10.29.06/Run:_RandomForest_on_instances-0016.out", "stderr_file": "Output/Log/run_solvers_2025-04-01-10.29.06/Run:_RandomForest_on_instances-0016.err", "slurm_job_id": "55635551_16", "job_state": null, "start_time_stamp": null, "end_time_stamp": null, "submit_time_stamp": null, "job_restarts": null, "job_qos": null, "job_partition": null, "job_nodes": null}, {"cmd": "python3 /rwthfs/rz/cluster/home/vx475510/miniforge3/envs/sparkle/lib/python3.10/site-packages/sparkle/solver/solver_cli.py --solver Solvers/RandomForest --instance Instances/Iris/Iris.csv --run-index 18 --performance-dataframe Output/Performance_Data/performance_data.csv --cutoff-time 60 --log-dir Output/Log/run_solvers_2025-04-01-10.29.06   ", "working_dir": ".", "output_file": null, "stdout_file": "Output/Log/run_solvers_2025-04-01-10.29.06/Run:_RandomForest_on_instances-0017.out", "stderr_file": "Output/Log/run_solvers_2025-04-01-10.29.06/Run:_RandomForest_on_instances-0017.err", "slurm_job_id": "55635551_17", "job_state": null, "start_time_stamp": null, "end_time_stamp": null, "submit_time_stamp": null, "job_restarts": null, "job_qos": null, "job_partition": null, "job_nodes": null}, {"cmd": "python3 /rwthfs/rz/cluster/home/vx475510/miniforge3/envs/sparkle/lib/python3.10/site-packages/sparkle/solver/solver_cli.py --solver Solvers/RandomForest --instance Instances/Iris/Iris.csv --run-index 19 --performance-dataframe Output/Performance_Data/performance_data.csv --cutoff-time 60 --log-dir Output/Log/run_solvers_2025-04-01-10.29.06   ", "working_dir": ".", "output_file": null, "stdout_file": "Output/Log/run_solvers_2025-04-01-10.29.06/Run:_RandomForest_on_instances-0018.out", "stderr_file": "Output/Log/run_solvers_2025-04-01-10.29.06/Run:_RandomForest_on_instances-0018.err", "slurm_job_id": "55635551_18", "job_state": null, "start_time_stamp": null, "end_time_stamp": null, "submit_time_stamp": null, "job_restarts": null, "job_qos": null, "job_partition": null, "job_nodes": null}, {"cmd": "python3 /rwthfs/rz/cluster/home/vx475510/miniforge3/envs/sparkle/lib/python3.10/site-packages/sparkle/solver/solver_cli.py --solver Solvers/RandomForest --instance Instances/Iris/Iris.csv --run-index 20 --performance-dataframe Output/Performance_Data/performance_data.csv --cutoff-time 60 --log-dir Output/Log/run_solvers_2025-04-01-10.29.06   ", "working_dir": ".", "output_file": null, "stdout_file": "Output/Log/run_solvers_2025-04-01-10.29.06/Run:_RandomForest_on_instances-0019.out", "stderr_file": "Output/Log/run_solvers_2025-04-01-10.29.06/Run:_RandomForest_on_instances-0019.err", "slurm_job_id": "55635551_19", "job_state": null, "start_time_stamp": null, "end_time_stamp": null, "submit_time_stamp": null, "job_restarts": null, "job_qos": null, "job_partition": null, "job_nodes": null}, {"cmd": "python3 /rwthfs/rz/cluster/home/vx475510/miniforge3/envs/sparkle/lib/python3.10/site-packages/sparkle/solver/solver_cli.py --solver Solvers/RandomForest --instance Instances/Iris/Iris.csv --run-index 21 --performance-dataframe Output/Performance_Data/performance_data.csv --cutoff-time 60 --log-dir Output/Log/run_solvers_2025-04-01-10.29.06   ", "working_dir": ".", "output_file": null, "stdout_file": "Output/Log/run_solvers_2025-04-01-10.29.06/Run:_RandomForest_on_instances-0020.out", "stderr_file": "Output/Log/run_solvers_2025-04-01-10.29.06/Run:_RandomForest_on_instances-0020.err", "slurm_job_id": "55635551_20", "job_state": null, "start_time_stamp": null, "end_time_stamp": null, "submit_time_stamp": null, "job_restarts": null, "job_qos": null, "job_partition": null, "job_nodes": null}, {"cmd": "python3 /rwthfs/rz/cluster/home/vx475510/miniforge3/envs/sparkle/lib/python3.10/site-packages/sparkle/solver/solver_cli.py --solver Solvers/RandomForest --instance Instances/Iris/Iris.csv --run-index 22 --performance-dataframe Output/Performance_Data/performance_data.csv --cutoff-time 60 --log-dir Output/Log/run_solvers_2025-04-01-10.29.06   ", "working_dir": ".", "output_file": null, "stdout_file": "Output/Log/run_solvers_2025-04-01-10.29.06/Run:_RandomForest_on_instances-0021.out", "stderr_file": "Output/Log/run_solvers_2025-04-01-10.29.06/Run:_RandomForest_on_instances-0021.err", "slurm_job_id": "55635551_21", "job_state": null, "start_time_stamp": null, "end_time_stamp": null, "submit_time_stamp": null, "job_restarts": null, "job_qos": null, "job_partition": null, "job_nodes": null}, {"cmd": "python3 /rwthfs/rz/cluster/home/vx475510/miniforge3/envs/sparkle/lib/python3.10/site-packages/sparkle/solver/solver_cli.py --solver Solvers/RandomForest --instance Instances/Iris/Iris.csv --run-index 23 --performance-dataframe Output/Performance_Data/performance_data.csv --cutoff-time 60 --log-dir Output/Log/run_solvers_2025-04-01-10.29.06   ", "working_dir": ".", "output_file": null, "stdout_file": "Output/Log/run_solvers_2025-04-01-10.29.06/Run:_RandomForest_on_instances-0022.out", "stderr_file": "Output/Log/run_solvers_2025-04-01-10.29.06/Run:_RandomForest_on_instances-0022.err", "slurm_job_id": "55635551_22", "job_state": null, "start_time_stamp": null, "end_time_stamp": null, "submit_time_stamp": null, "job_restarts": null, "job_qos": null, "job_partition": null, "job_nodes": null}, {"cmd": "python3 /rwthfs/rz/cluster/home/vx475510/miniforge3/envs/sparkle/lib/python3.10/site-packages/sparkle/solver/solver_cli.py --solver Solvers/RandomForest --instance Instances/Iris/Iris.csv --run-index 24 --performance-dataframe Output/Performance_Data/performance_data.csv --cutoff-time 60 --log-dir Output/Log/run_solvers_2025-04-01-10.29.06   ", "working_dir": ".", "output_file": null, "stdout_file": "Output/Log/run_solvers_2025-04-01-10.29.06/Run:_RandomForest_on_instances-0023.out", "stderr_file": "Output/Log/run_solvers_2025-04-01-10.29.06/Run:_RandomForest_on_instances-0023.err", "slurm_job_id": "55635551_23", "job_state": null, "start_time_stamp": null, "end_time_stamp": null, "submit_time_stamp": null, "job_restarts": null, "job_qos": null, "job_partition": null, "job_nodes": null}, {"cmd": "python3 /rwthfs/rz/cluster/home/vx475510/miniforge3/envs/sparkle/lib/python3.10/site-packages/sparkle/solver/solver_cli.py --solver Solvers/RandomForest --instance Instances/Iris/Iris.csv --run-index 25 --performance-dataframe Output/Performance_Data/performance_data.csv --cutoff-time 60 --log-dir Output/Log/run_solvers_2025-04-01-10.29.06   ", "working_dir": ".", "output_file": null, "stdout_file": "Output/Log/run_solvers_2025-04-01-10.29.06/Run:_RandomForest_on_instances-0024.out", "stderr_file": "Output/Log/run_solvers_2025-04-01-10.29.06/Run:_RandomForest_on_instances-0024.err", "slurm_job_id": "55635551_24", "job_state": null, "start_time_stamp": null, "end_time_stamp": null, "submit_time_stamp": null, "job_restarts": null, "job_qos": null, "job_partition": null, "job_nodes": null}, {"cmd": "python3 /rwthfs/rz/cluster/home/vx475510/miniforge3/envs/sparkle/lib/python3.10/site-packages/sparkle/solver/solver_cli.py --solver Solvers/RandomForest --instance Instances/Iris/Iris.csv --run-index 26 --performance-dataframe Output/Performance_Data/performance_data.csv --cutoff-time 60 --log-dir Output/Log/run_solvers_2025-04-01-10.29.06   ", "working_dir": ".", "output_file": null, "stdout_file": "Output/Log/run_solvers_2025-04-01-10.29.06/Run:_RandomForest_on_instances-0025.out", "stderr_file": "Output/Log/run_solvers_2025-04-01-10.29.06/Run:_RandomForest_on_instances-0025.err", "slurm_job_id": "55635551_25", "job_state": null, "start_time_stamp": null, "end_time_stamp": null, "submit_time_stamp": null, "job_restarts": null, "job_qos": null, "job_partition": null, "job_nodes": null}, {"cmd": "python3 /rwthfs/rz/cluster/home/vx475510/miniforge3/envs/sparkle/lib/python3.10/site-packages/sparkle/solver/solver_cli.py --solver Solvers/RandomForest --instance Instances/Iris/Iris.csv --run-index 27 --performance-dataframe Output/Performance_Data/performance_data.csv --cutoff-time 60 --log-dir Output/Log/run_solvers_2025-04-01-10.29.06   ", "working_dir": ".", "output_file": null, "stdout_file": "Output/Log/run_solvers_2025-04-01-10.29.06/Run:_RandomForest_on_instances-0026.out", "stderr_file": "Output/Log/run_solvers_2025-04-01-10.29.06/Run:_RandomForest_on_instances-0026.err", "slurm_job_id": "55635551_26", "job_state": null, "start_time_stamp": null, "end_time_stamp": null, "submit_time_stamp": null, "job_restarts": null, "job_qos": null, "job_partition": null, "job_nodes": null}, {"cmd": "python3 /rwthfs/rz/cluster/home/vx475510/miniforge3/envs/sparkle/lib/python3.10/site-packages/sparkle/solver/solver_cli.py --solver Solvers/RandomForest --instance Instances/Iris/Iris.csv --run-index 28 --performance-dataframe Output/Performance_Data/performance_data.csv --cutoff-time 60 --log-dir Output/Log/run_solvers_2025-04-01-10.29.06   ", "working_dir": ".", "output_file": null, "stdout_file": "Output/Log/run_solvers_2025-04-01-10.29.06/Run:_RandomForest_on_instances-0027.out", "stderr_file": "Output/Log/run_solvers_2025-04-01-10.29.06/Run:_RandomForest_on_instances-0027.err", "slurm_job_id": "55635551_27", "job_state": null, "start_time_stamp": null, "end_time_stamp": null, "submit_time_stamp": null, "job_restarts": null, "job_qos": null, "job_partition": null, "job_nodes": null}, {"cmd": "python3 /rwthfs/rz/cluster/home/vx475510/miniforge3/envs/sparkle/lib/python3.10/site-packages/sparkle/solver/solver_cli.py --solver Solvers/RandomForest --instance Instances/Iris/Iris.csv --run-index 29 --performance-dataframe Output/Performance_Data/performance_data.csv --cutoff-time 60 --log-dir Output/Log/run_solvers_2025-04-01-10.29.06   ", "working_dir": ".", "output_file": null, "stdout_file": "Output/Log/run_solvers_2025-04-01-10.29.06/Run:_RandomForest_on_instances-0028.out", "stderr_file": "Output/Log/run_solvers_2025-04-01-10.29.06/Run:_RandomForest_on_instances-0028.err", "slurm_job_id": "55635551_28", "job_state": null, "start_time_stamp": null, "end_time_stamp": null, "submit_time_stamp": null, "job_restarts": null, "job_qos": null, "job_partition": null, "job_nodes": null}, {"cmd": "python3 /rwthfs/rz/cluster/home/vx475510/miniforge3/envs/sparkle/lib/python3.10/site-packages/sparkle/solver/solver_cli.py --solver Solvers/RandomForest --instance Instances/Iris/Iris.csv --run-index 30 --performance-dataframe Output/Performance_Data/performance_data.csv --cutoff-time 60 --log-dir Output/Log/run_solvers_2025-04-01-10.29.06   ", "working_dir": ".", "output_file": null, "stdout_file": "Output/Log/run_solvers_2025-04-01-10.29.06/Run:_RandomForest_on_instances-0029.out", "stderr_file": "Output/Log/run_solvers_2025-04-01-10.29.06/Run:_RandomForest_on_instances-0029.err", "slurm_job_id": "55635551_29", "job_state": null, "start_time_stamp": null, "end_time_stamp": null, "submit_time_stamp": null, "job_restarts": null, "job_qos": null, "job_partition": null, "job_nodes": null}, {"cmd": "python3 /rwthfs/rz/cluster/home/vx475510/miniforge3/envs/sparkle/lib/python3.10/site-packages/sparkle/solver/solver_cli.py --solver Solvers/RandomForest --instance Instances/Iris/Iris.csv --run-index 31 --performance-dataframe Output/Performance_Data/performance_data.csv --cutoff-time 60 --log-dir Output/Log/run_solvers_2025-04-01-10.29.06   ", "working_dir": ".", "output_file": null, "stdout_file": "Output/Log/run_solvers_2025-04-01-10.29.06/Run:_RandomForest_on_instances-0030.out", "stderr_file": "Output/Log/run_solvers_2025-04-01-10.29.06/Run:_RandomForest_on_instances-0030.err", "slurm_job_id": "55635551_30", "job_state": null, "start_time_stamp": null, "end_time_stamp": null, "submit_time_stamp": null, "job_restarts": null, "job_qos": null, "job_partition": null, "job_nodes": null}, {"cmd": "python3 /rwthfs/rz/cluster/home/vx475510/miniforge3/envs/sparkle/lib/python3.10/site-packages/sparkle/solver/solver_cli.py --solver Solvers/RandomForest --instance Instances/Iris/Iris.csv --run-index 32 --performance-dataframe Output/Performance_Data/performance_data.csv --cutoff-time 60 --log-dir Output/Log/run_solvers_2025-04-01-10.29.06   ", "working_dir": ".", "output_file": null, "stdout_file": "Output/Log/run_solvers_2025-04-01-10.29.06/Run:_RandomForest_on_instances-0031.out", "stderr_file": "Output/Log/run_solvers_2025-04-01-10.29.06/Run:_RandomForest_on_instances-0031.err", "slurm_job_id": "55635551_31", "job_state": null, "start_time_stamp": null, "end_time_stamp": null, "submit_time_stamp": null, "job_restarts": null, "job_qos": null, "job_partition": null, "job_nodes": null}, {"cmd": "python3 /rwthfs/rz/cluster/home/vx475510/miniforge3/envs/sparkle/lib/python3.10/site-packages/sparkle/solver/solver_cli.py --solver Solvers/RandomForest --instance Instances/Iris/Iris.csv --run-index 33 --performance-dataframe Output/Performance_Data/performance_data.csv --cutoff-time 60 --log-dir Output/Log/run_solvers_2025-04-01-10.29.06   ", "working_dir": ".", "output_file": null, "stdout_file": "Output/Log/run_solvers_2025-04-01-10.29.06/Run:_RandomForest_on_instances-0032.out", "stderr_file": "Output/Log/run_solvers_2025-04-01-10.29.06/Run:_RandomForest_on_instances-0032.err", "slurm_job_id": "55635551_32", "job_state": null, "start_time_stamp": null, "end_time_stamp": null, "submit_time_stamp": null, "job_restarts": null, "job_qos": null, "job_partition": null, "job_nodes": null}, {"cmd": "python3 /rwthfs/rz/cluster/home/vx475510/miniforge3/envs/sparkle/lib/python3.10/site-packages/sparkle/solver/solver_cli.py --solver Solvers/RandomForest --instance Instances/Iris/Iris.csv --run-index 34 --performance-dataframe Output/Performance_Data/performance_data.csv --cutoff-time 60 --log-dir Output/Log/run_solvers_2025-04-01-10.29.06   ", "working_dir": ".", "output_file": null, "stdout_file": "Output/Log/run_solvers_2025-04-01-10.29.06/Run:_RandomForest_on_instances-0033.out", "stderr_file": "Output/Log/run_solvers_2025-04-01-10.29.06/Run:_RandomForest_on_instances-0033.err", "slurm_job_id": "55635551_33", "job_state": null, "start_time_stamp": null, "end_time_stamp": null, "submit_time_stamp": null, "job_restarts": null, "job_qos": null, "job_partition": null, "job_nodes": null}, {"cmd": "python3 /rwthfs/rz/cluster/home/vx475510/miniforge3/envs/sparkle/lib/python3.10/site-packages/sparkle/solver/solver_cli.py --solver Solvers/RandomForest --instance Instances/Iris/Iris.csv --run-index 35 --performance-dataframe Output/Performance_Data/performance_data.csv --cutoff-time 60 --log-dir Output/Log/run_solvers_2025-04-01-10.29.06   ", "working_dir": ".", "output_file": null, "stdout_file": "Output/Log/run_solvers_2025-04-01-10.29.06/Run:_RandomForest_on_instances-0034.out", "stderr_file": "Output/Log/run_solvers_2025-04-01-10.29.06/Run:_RandomForest_on_instances-0034.err", "slurm_job_id": "55635551_34", "job_state": null, "start_time_stamp": null, "end_time_stamp": null, "submit_time_stamp": null, "job_restarts": null, "job_qos": null, "job_partition": null, "job_nodes": null}, {"cmd": "python3 /rwthfs/rz/cluster/home/vx475510/miniforge3/envs/sparkle/lib/python3.10/site-packages/sparkle/solver/solver_cli.py --solver Solvers/RandomForest --instance Instances/Iris/Iris.csv --run-index 36 --performance-dataframe Output/Performance_Data/performance_data.csv --cutoff-time 60 --log-dir Output/Log/run_solvers_2025-04-01-10.29.06   ", "working_dir": ".", "output_file": null, "stdout_file": "Output/Log/run_solvers_2025-04-01-10.29.06/Run:_RandomForest_on_instances-0035.out", "stderr_file": "Output/Log/run_solvers_2025-04-01-10.29.06/Run:_RandomForest_on_instances-0035.err", "slurm_job_id": "55635551_35", "job_state": null, "start_time_stamp": null, "end_time_stamp": null, "submit_time_stamp": null, "job_restarts": null, "job_qos": null, "job_partition": null, "job_nodes": null}, {"cmd": "python3 /rwthfs/rz/cluster/home/vx475510/miniforge3/envs/sparkle/lib/python3.10/site-packages/sparkle/solver/solver_cli.py --solver Solvers/RandomForest --instance Instances/Iris/Iris.csv --run-index 37 --performance-dataframe Output/Performance_Data/performance_data.csv --cutoff-time 60 --log-dir Output/Log/run_solvers_2025-04-01-10.29.06   ", "working_dir": ".", "output_file": null, "stdout_file": "Output/Log/run_solvers_2025-04-01-10.29.06/Run:_RandomForest_on_instances-0036.out", "stderr_file": "Output/Log/run_solvers_2025-04-01-10.29.06/Run:_RandomForest_on_instances-0036.err", "slurm_job_id": "55635551_36", "job_state": null, "start_time_stamp": null, "end_time_stamp": null, "submit_time_stamp": null, "job_restarts": null, "job_qos": null, "job_partition": null, "job_nodes": null}, {"cmd": "python3 /rwthfs/rz/cluster/home/vx475510/miniforge3/envs/sparkle/lib/python3.10/site-packages/sparkle/solver/solver_cli.py --solver Solvers/RandomForest --instance Instances/Iris/Iris.csv --run-index 38 --performance-dataframe Output/Performance_Data/performance_data.csv --cutoff-time 60 --log-dir Output/Log/run_solvers_2025-04-01-10.29.06   ", "working_dir": ".", "output_file": null, "stdout_file": "Output/Log/run_solvers_2025-04-01-10.29.06/Run:_RandomForest_on_instances-0037.out", "stderr_file": "Output/Log/run_solvers_2025-04-01-10.29.06/Run:_RandomForest_on_instances-0037.err", "slurm_job_id": "55635551_37", "job_state": null, "start_time_stamp": null, "end_time_stamp": null, "submit_time_stamp": null, "job_restarts": null, "job_qos": null, "job_partition": null, "job_nodes": null}, {"cmd": "python3 /rwthfs/rz/cluster/home/vx475510/miniforge3/envs/sparkle/lib/python3.10/site-packages/sparkle/solver/solver_cli.py --solver Solvers/RandomForest --instance Instances/Iris/Iris.csv --run-index 39 --performance-dataframe Output/Performance_Data/performance_data.csv --cutoff-time 60 --log-dir Output/Log/run_solvers_2025-04-01-10.29.06   ", "working_dir": ".", "output_file": null, "stdout_file": "Output/Log/run_solvers_2025-04-01-10.29.06/Run:_RandomForest_on_instances-0038.out", "stderr_file": "Output/Log/run_solvers_2025-04-01-10.29.06/Run:_RandomForest_on_instances-0038.err", "slurm_job_id": "55635551_38", "job_state": null, "start_time_stamp": null, "end_time_stamp": null, "submit_time_stamp": null, "job_restarts": null, "job_qos": null, "job_partition": null, "job_nodes": null}, {"cmd": "python3 /rwthfs/rz/cluster/home/vx475510/miniforge3/envs/sparkle/lib/python3.10/site-packages/sparkle/solver/solver_cli.py --solver Solvers/RandomForest --instance Instances/Iris/Iris.csv --run-index 40 --performance-dataframe Output/Performance_Data/performance_data.csv --cutoff-time 60 --log-dir Output/Log/run_solvers_2025-04-01-10.29.06   ", "working_dir": ".", "output_file": null, "stdout_file": "Output/Log/run_solvers_2025-04-01-10.29.06/Run:_RandomForest_on_instances-0039.out", "stderr_file": "Output/Log/run_solvers_2025-04-01-10.29.06/Run:_RandomForest_on_instances-0039.err", "slurm_job_id": "55635551_39", "job_state": null, "start_time_stamp": null, "end_time_stamp": null, "submit_time_stamp": null, "job_restarts": null, "job_qos": null, "job_partition": null, "job_nodes": null}, {"cmd": "python3 /rwthfs/rz/cluster/home/vx475510/miniforge3/envs/sparkle/lib/python3.10/site-packages/sparkle/solver/solver_cli.py --solver Solvers/RandomForest --instance Instances/Iris/Iris.csv --run-index 41 --performance-dataframe Output/Performance_Data/performance_data.csv --cutoff-time 60 --log-dir Output/Log/run_solvers_2025-04-01-10.29.06   ", "working_dir": ".", "output_file": null, "stdout_file": "Output/Log/run_solvers_2025-04-01-10.29.06/Run:_RandomForest_on_instances-0040.out", "stderr_file": "Output/Log/run_solvers_2025-04-01-10.29.06/Run:_RandomForest_on_instances-0040.err", "slurm_job_id": "55635551_40", "job_state": null, "start_time_stamp": null, "end_time_stamp": null, "submit_time_stamp": null, "job_restarts": null, "job_qos": null, "job_partition": null, "job_nodes": null}, {"cmd": "python3 /rwthfs/rz/cluster/home/vx475510/miniforge3/envs/sparkle/lib/python3.10/site-packages/sparkle/solver/solver_cli.py --solver Solvers/RandomForest --instance Instances/Iris/Iris.csv --run-index 42 --performance-dataframe Output/Performance_Data/performance_data.csv --cutoff-time 60 --log-dir Output/Log/run_solvers_2025-04-01-10.29.06   ", "working_dir": ".", "output_file": null, "stdout_file": "Output/Log/run_solvers_2025-04-01-10.29.06/Run:_RandomForest_on_instances-0041.out", "stderr_file": "Output/Log/run_solvers_2025-04-01-10.29.06/Run:_RandomForest_on_instances-0041.err", "slurm_job_id": "55635551_41", "job_state": null, "start_time_stamp": null, "end_time_stamp": null, "submit_time_stamp": null, "job_restarts": null, "job_qos": null, "job_partition": null, "job_nodes": null}, {"cmd": "python3 /rwthfs/rz/cluster/home/vx475510/miniforge3/envs/sparkle/lib/python3.10/site-packages/sparkle/solver/solver_cli.py --solver Solvers/RandomForest --instance Instances/Iris/Iris.csv --run-index 43 --performance-dataframe Output/Performance_Data/performance_data.csv --cutoff-time 60 --log-dir Output/Log/run_solvers_2025-04-01-10.29.06   ", "working_dir": ".", "output_file": null, "stdout_file": "Output/Log/run_solvers_2025-04-01-10.29.06/Run:_RandomForest_on_instances-0042.out", "stderr_file": "Output/Log/run_solvers_2025-04-01-10.29.06/Run:_RandomForest_on_instances-0042.err", "slurm_job_id": "55635551_42", "job_state": null, "start_time_stamp": null, "end_time_stamp": null, "submit_time_stamp": null, "job_restarts": null, "job_qos": null, "job_partition": null, "job_nodes": null}, {"cmd": "python3 /rwthfs/rz/cluster/home/vx475510/miniforge3/envs/sparkle/lib/python3.10/site-packages/sparkle/solver/solver_cli.py --solver Solvers/RandomForest --instance Instances/Iris/Iris.csv --run-index 44 --performance-dataframe Output/Performance_Data/performance_data.csv --cutoff-time 60 --log-dir Output/Log/run_solvers_2025-04-01-10.29.06   ", "working_dir": ".", "output_file": null, "stdout_file": "Output/Log/run_solvers_2025-04-01-10.29.06/Run:_RandomForest_on_instances-0043.out", "stderr_file": "Output/Log/run_solvers_2025-04-01-10.29.06/Run:_RandomForest_on_instances-0043.err", "slurm_job_id": "55635551_43", "job_state": null, "start_time_stamp": null, "end_time_stamp": null, "submit_time_stamp": null, "job_restarts": null, "job_qos": null, "job_partition": null, "job_nodes": null}, {"cmd": "python3 /rwthfs/rz/cluster/home/vx475510/miniforge3/envs/sparkle/lib/python3.10/site-packages/sparkle/solver/solver_cli.py --solver Solvers/RandomForest --instance Instances/Iris/Iris.csv --run-index 45 --performance-dataframe Output/Performance_Data/performance_data.csv --cutoff-time 60 --log-dir Output/Log/run_solvers_2025-04-01-10.29.06   ", "working_dir": ".", "output_file": null, "stdout_file": "Output/Log/run_solvers_2025-04-01-10.29.06/Run:_RandomForest_on_instances-0044.out", "stderr_file": "Output/Log/run_solvers_2025-04-01-10.29.06/Run:_RandomForest_on_instances-0044.err", "slurm_job_id": "55635551_44", "job_state": null, "start_time_stamp": null, "end_time_stamp": null, "submit_time_stamp": null, "job_restarts": null, "job_qos": null, "job_partition": null, "job_nodes": null}, {"cmd": "python3 /rwthfs/rz/cluster/home/vx475510/miniforge3/envs/sparkle/lib/python3.10/site-packages/sparkle/solver/solver_cli.py --solver Solvers/RandomForest --instance Instances/Iris/Iris.csv --run-index 46 --performance-dataframe Output/Performance_Data/performance_data.csv --cutoff-time 60 --log-dir Output/Log/run_solvers_2025-04-01-10.29.06   ", "working_dir": ".", "output_file": null, "stdout_file": "Output/Log/run_solvers_2025-04-01-10.29.06/Run:_RandomForest_on_instances-0045.out", "stderr_file": "Output/Log/run_solvers_2025-04-01-10.29.06/Run:_RandomForest_on_instances-0045.err", "slurm_job_id": "55635551_45", "job_state": null, "start_time_stamp": null, "end_time_stamp": null, "submit_time_stamp": null, "job_restarts": null, "job_qos": null, "job_partition": null, "job_nodes": null}, {"cmd": "python3 /rwthfs/rz/cluster/home/vx475510/miniforge3/envs/sparkle/lib/python3.10/site-packages/sparkle/solver/solver_cli.py --solver Solvers/RandomForest --instance Instances/Iris/Iris.csv --run-index 47 --performance-dataframe Output/Performance_Data/performance_data.csv --cutoff-time 60 --log-dir Output/Log/run_solvers_2025-04-01-10.29.06   ", "working_dir": ".", "output_file": null, "stdout_file": "Output/Log/run_solvers_2025-04-01-10.29.06/Run:_RandomForest_on_instances-0046.out", "stderr_file": "Output/Log/run_solvers_2025-04-01-10.29.06/Run:_RandomForest_on_instances-0046.err", "slurm_job_id": "55635551_46", "job_state": null, "start_time_stamp": null, "end_time_stamp": null, "submit_time_stamp": null, "job_restarts": null, "job_qos": null, "job_partition": null, "job_nodes": null}, {"cmd": "python3 /rwthfs/rz/cluster/home/vx475510/miniforge3/envs/sparkle/lib/python3.10/site-packages/sparkle/solver/solver_cli.py --solver Solvers/RandomForest --instance Instances/Iris/Iris.csv --run-index 48 --performance-dataframe Output/Performance_Data/performance_data.csv --cutoff-time 60 --log-dir Output/Log/run_solvers_2025-04-01-10.29.06   ", "working_dir": ".", "output_file": null, "stdout_file": "Output/Log/run_solvers_2025-04-01-10.29.06/Run:_RandomForest_on_instances-0047.out", "stderr_file": "Output/Log/run_solvers_2025-04-01-10.29.06/Run:_RandomForest_on_instances-0047.err", "slurm_job_id": "55635551_47", "job_state": null, "start_time_stamp": null, "end_time_stamp": null, "submit_time_stamp": null, "job_restarts": null, "job_qos": null, "job_partition": null, "job_nodes": null}, {"cmd": "python3 /rwthfs/rz/cluster/home/vx475510/miniforge3/envs/sparkle/lib/python3.10/site-packages/sparkle/solver/solver_cli.py --solver Solvers/RandomForest --instance Instances/Iris/Iris.csv --run-index 49 --performance-dataframe Output/Performance_Data/performance_data.csv --cutoff-time 60 --log-dir Output/Log/run_solvers_2025-04-01-10.29.06   ", "working_dir": ".", "output_file": null, "stdout_file": "Output/Log/run_solvers_2025-04-01-10.29.06/Run:_RandomForest_on_instances-0048.out", "stderr_file": "Output/Log/run_solvers_2025-04-01-10.29.06/Run:_RandomForest_on_instances-0048.err", "slurm_job_id": "55635551_48", "job_state": null, "start_time_stamp": null, "end_time_stamp": null, "submit_time_stamp": null, "job_restarts": null, "job_qos": null, "job_partition": null, "job_nodes": null}, {"cmd": "python3 /rwthfs/rz/cluster/home/vx475510/miniforge3/envs/sparkle/lib/python3.10/site-packages/sparkle/solver/solver_cli.py --solver Solvers/RandomForest --instance Instances/Iris/Iris.csv --run-index 50 --performance-dataframe Output/Performance_Data/performance_data.csv --cutoff-time 60 --log-dir Output/Log/run_solvers_2025-04-01-10.29.06   ", "working_dir": ".", "output_file": null, "stdout_file": "Output/Log/run_solvers_2025-04-01-10.29.06/Run:_RandomForest_on_instances-0049.out", "stderr_file": "Output/Log/run_solvers_2025-04-01-10.29.06/Run:_RandomForest_on_instances-0049.err", "slurm_job_id": "55635551_49", "job_state": null, "start_time_stamp": null, "end_time_stamp": null, "submit_time_stamp": null, "job_restarts": null, "job_qos": null, "job_partition": null, "job_nodes": null}, {"cmd": "python3 /rwthfs/rz/cluster/home/vx475510/miniforge3/envs/sparkle/lib/python3.10/site-packages/sparkle/solver/solver_cli.py --solver Solvers/RandomForest --instance Instances/Iris/Iris.csv --run-index 51 --performance-dataframe Output/Performance_Data/performance_data.csv --cutoff-time 60 --log-dir Output/Log/run_solvers_2025-04-01-10.29.06   ", "working_dir": ".", "output_file": null, "stdout_file": "Output/Log/run_solvers_2025-04-01-10.29.06/Run:_RandomForest_on_instances-0050.out", "stderr_file": "Output/Log/run_solvers_2025-04-01-10.29.06/Run:_RandomForest_on_instances-0050.err", "slurm_job_id": "55635551_50", "job_state": null, "start_time_stamp": null, "end_time_stamp": null, "submit_time_stamp": null, "job_restarts": null, "job_qos": null, "job_partition": null, "job_nodes": null}], "parallel_jobs": 51, "submitted": true, "run_id": "55635551", "prepend": ""}