{"name": "SMAC3: Validating 25 RandomForest Configurations on Iris", "base_dir": "Output/Log/configure_solver_2025-04-01-11.05.05", "dependencies": [{"name": "SMAC3: RandomForest on Iris", "base_dir": "Output/Log/configure_solver_2025-04-01-11.05.05", "dependencies": [], "sbatch_options": ["--qos=normal", "--mem-per-cpu=2541", "--time=3:00", "--partition=c23ms"], "srun_options": [], "jobs": [{"cmd": "python3 /rwthfs/rz/cluster/home/vx475510/miniforge3/envs/sparkle/lib/python3.10/site-packages/sparkle/Components/smac3-v2.2.0/smac3_target_algorithm.py /rwthfs/rz/cluster/home/vx475510/satellite-operations-planning/sparkle_example/Output/Configuration/Raw_Data/SMAC3/RandomForest_Iris/RandomForest_Iris_scenario.txt 27 Output/Performance_Data/performance_data.csv", "working_dir": ".", "output_file": null, "stdout_file": "Output/Log/configure_solver_2025-04-01-11.05.05/SMAC3:_RandomForest_on_Iris-0000.out", "stderr_file": "Output/Log/configure_solver_2025-04-01-11.05.05/SMAC3:_RandomForest_on_Iris-0000.err", "slurm_job_id": "55636881_0", "job_state": null, "start_time_stamp": null, "end_time_stamp": null, "submit_time_stamp": null, "job_restarts": null, "job_qos": null, "job_partition": null, "job_nodes": null}, {"cmd": "python3 /rwthfs/rz/cluster/home/vx475510/miniforge3/envs/sparkle/lib/python3.10/site-packages/sparkle/Components/smac3-v2.2.0/smac3_target_algorithm.py /rwthfs/rz/cluster/home/vx475510/satellite-operations-planning/sparkle_example/Output/Configuration/Raw_Data/SMAC3/RandomForest_Iris/RandomForest_Iris_scenario.txt 28 Output/Performance_Data/performance_data.csv", "working_dir": ".", "output_file": null, "stdout_file": "Output/Log/configure_solver_2025-04-01-11.05.05/SMAC3:_RandomForest_on_Iris-0001.out", "stderr_file": "Output/Log/configure_solver_2025-04-01-11.05.05/SMAC3:_RandomForest_on_Iris-0001.err", "slurm_job_id": "55636881_1", "job_state": null, "start_time_stamp": null, "end_time_stamp": null, "submit_time_stamp": null, "job_restarts": null, "job_qos": null, "job_partition": null, "job_nodes": null}, {"cmd": "python3 /rwthfs/rz/cluster/home/vx475510/miniforge3/envs/sparkle/lib/python3.10/site-packages/sparkle/Components/smac3-v2.2.0/smac3_target_algorithm.py /rwthfs/rz/cluster/home/vx475510/satellite-operations-planning/sparkle_example/Output/Configuration/Raw_Data/SMAC3/RandomForest_Iris/RandomForest_Iris_scenario.txt 29 Output/Performance_Data/performance_data.csv", "working_dir": ".", "output_file": null, "stdout_file": "Output/Log/configure_solver_2025-04-01-11.05.05/SMAC3:_RandomForest_on_Iris-0002.out", "stderr_file": "Output/Log/configure_solver_2025-04-01-11.05.05/SMAC3:_RandomForest_on_Iris-0002.err", "slurm_job_id": "55636881_2", "job_state": null, "start_time_stamp": null, "end_time_stamp": null, "submit_time_stamp": null, "job_restarts": null, "job_qos": null, "job_partition": null, "job_nodes": null}, {"cmd": "python3 /rwthfs/rz/cluster/home/vx475510/miniforge3/envs/sparkle/lib/python3.10/site-packages/sparkle/Components/smac3-v2.2.0/smac3_target_algorithm.py /rwthfs/rz/cluster/home/vx475510/satellite-operations-planning/sparkle_example/Output/Configuration/Raw_Data/SMAC3/RandomForest_Iris/RandomForest_Iris_scenario.txt 30 Output/Performance_Data/performance_data.csv", "working_dir": ".", "output_file": null, "stdout_file": "Output/Log/configure_solver_2025-04-01-11.05.05/SMAC3:_RandomForest_on_Iris-0003.out", "stderr_file": "Output/Log/configure_solver_2025-04-01-11.05.05/SMAC3:_RandomForest_on_Iris-0003.err", "slurm_job_id": "55636881_3", "job_state": null, "start_time_stamp": null, "end_time_stamp": null, "submit_time_stamp": null, "job_restarts": null, "job_qos": null, "job_partition": null, "job_nodes": null}, {"cmd": "python3 /rwthfs/rz/cluster/home/vx475510/miniforge3/envs/sparkle/lib/python3.10/site-packages/sparkle/Components/smac3-v2.2.0/smac3_target_algorithm.py /rwthfs/rz/cluster/home/vx475510/satellite-operations-planning/sparkle_example/Output/Configuration/Raw_Data/SMAC3/RandomForest_Iris/RandomForest_Iris_scenario.txt 31 Output/Performance_Data/performance_data.csv", "working_dir": ".", "output_file": null, "stdout_file": "Output/Log/configure_solver_2025-04-01-11.05.05/SMAC3:_RandomForest_on_Iris-0004.out", "stderr_file": "Output/Log/configure_solver_2025-04-01-11.05.05/SMAC3:_RandomForest_on_Iris-0004.err", "slurm_job_id": "55636881_4", "job_state": null, "start_time_stamp": null, "end_time_stamp": null, "submit_time_stamp": null, "job_restarts": null, "job_qos": null, "job_partition": null, "job_nodes": null}, {"cmd": "python3 /rwthfs/rz/cluster/home/vx475510/miniforge3/envs/sparkle/lib/python3.10/site-packages/sparkle/Components/smac3-v2.2.0/smac3_target_algorithm.py /rwthfs/rz/cluster/home/vx475510/satellite-operations-planning/sparkle_example/Output/Configuration/Raw_Data/SMAC3/RandomForest_Iris/RandomForest_Iris_scenario.txt 32 Output/Performance_Data/performance_data.csv", "working_dir": ".", "output_file": null, "stdout_file": "Output/Log/configure_solver_2025-04-01-11.05.05/SMAC3:_RandomForest_on_Iris-0005.out", "stderr_file": "Output/Log/configure_solver_2025-04-01-11.05.05/SMAC3:_RandomForest_on_Iris-0005.err", "slurm_job_id": "55636881_5", "job_state": null, "start_time_stamp": null, "end_time_stamp": null, "submit_time_stamp": null, "job_restarts": null, "job_qos": null, "job_partition": null, "job_nodes": null}, {"cmd": "python3 /rwthfs/rz/cluster/home/vx475510/miniforge3/envs/sparkle/lib/python3.10/site-packages/sparkle/Components/smac3-v2.2.0/smac3_target_algorithm.py /rwthfs/rz/cluster/home/vx475510/satellite-operations-planning/sparkle_example/Output/Configuration/Raw_Data/SMAC3/RandomForest_Iris/RandomForest_Iris_scenario.txt 33 Output/Performance_Data/performance_data.csv", "working_dir": ".", "output_file": null, "stdout_file": "Output/Log/configure_solver_2025-04-01-11.05.05/SMAC3:_RandomForest_on_Iris-0006.out", "stderr_file": "Output/Log/configure_solver_2025-04-01-11.05.05/SMAC3:_RandomForest_on_Iris-0006.err", "slurm_job_id": "55636881_6", "job_state": null, "start_time_stamp": null, "end_time_stamp": null, "submit_time_stamp": null, "job_restarts": null, "job_qos": null, "job_partition": null, "job_nodes": null}, {"cmd": "python3 /rwthfs/rz/cluster/home/vx475510/miniforge3/envs/sparkle/lib/python3.10/site-packages/sparkle/Components/smac3-v2.2.0/smac3_target_algorithm.py /rwthfs/rz/cluster/home/vx475510/satellite-operations-planning/sparkle_example/Output/Configuration/Raw_Data/SMAC3/RandomForest_Iris/RandomForest_Iris_scenario.txt 34 Output/Performance_Data/performance_data.csv", "working_dir": ".", "output_file": null, "stdout_file": "Output/Log/configure_solver_2025-04-01-11.05.05/SMAC3:_RandomForest_on_Iris-0007.out", "stderr_file": "Output/Log/configure_solver_2025-04-01-11.05.05/SMAC3:_RandomForest_on_Iris-0007.err", "slurm_job_id": "55636881_7", "job_state": null, "start_time_stamp": null, "end_time_stamp": null, "submit_time_stamp": null, "job_restarts": null, "job_qos": null, "job_partition": null, "job_nodes": null}, {"cmd": "python3 /rwthfs/rz/cluster/home/vx475510/miniforge3/envs/sparkle/lib/python3.10/site-packages/sparkle/Components/smac3-v2.2.0/smac3_target_algorithm.py /rwthfs/rz/cluster/home/vx475510/satellite-operations-planning/sparkle_example/Output/Configuration/Raw_Data/SMAC3/RandomForest_Iris/RandomForest_Iris_scenario.txt 35 Output/Performance_Data/performance_data.csv", "working_dir": ".", "output_file": null, "stdout_file": "Output/Log/configure_solver_2025-04-01-11.05.05/SMAC3:_RandomForest_on_Iris-0008.out", "stderr_file": "Output/Log/configure_solver_2025-04-01-11.05.05/SMAC3:_RandomForest_on_Iris-0008.err", "slurm_job_id": "55636881_8", "job_state": null, "start_time_stamp": null, "end_time_stamp": null, "submit_time_stamp": null, "job_restarts": null, "job_qos": null, "job_partition": null, "job_nodes": null}, {"cmd": "python3 /rwthfs/rz/cluster/home/vx475510/miniforge3/envs/sparkle/lib/python3.10/site-packages/sparkle/Components/smac3-v2.2.0/smac3_target_algorithm.py /rwthfs/rz/cluster/home/vx475510/satellite-operations-planning/sparkle_example/Output/Configuration/Raw_Data/SMAC3/RandomForest_Iris/RandomForest_Iris_scenario.txt 36 Output/Performance_Data/performance_data.csv", "working_dir": ".", "output_file": null, "stdout_file": "Output/Log/configure_solver_2025-04-01-11.05.05/SMAC3:_RandomForest_on_Iris-0009.out", "stderr_file": "Output/Log/configure_solver_2025-04-01-11.05.05/SMAC3:_RandomForest_on_Iris-0009.err", "slurm_job_id": "55636881_9", "job_state": null, "start_time_stamp": null, "end_time_stamp": null, "submit_time_stamp": null, "job_restarts": null, "job_qos": null, "job_partition": null, "job_nodes": null}, {"cmd": "python3 /rwthfs/rz/cluster/home/vx475510/miniforge3/envs/sparkle/lib/python3.10/site-packages/sparkle/Components/smac3-v2.2.0/smac3_target_algorithm.py /rwthfs/rz/cluster/home/vx475510/satellite-operations-planning/sparkle_example/Output/Configuration/Raw_Data/SMAC3/RandomForest_Iris/RandomForest_Iris_scenario.txt 37 Output/Performance_Data/performance_data.csv", "working_dir": ".", "output_file": null, "stdout_file": "Output/Log/configure_solver_2025-04-01-11.05.05/SMAC3:_RandomForest_on_Iris-0010.out", "stderr_file": "Output/Log/configure_solver_2025-04-01-11.05.05/SMAC3:_RandomForest_on_Iris-0010.err", "slurm_job_id": "55636881_10", "job_state": null, "start_time_stamp": null, "end_time_stamp": null, "submit_time_stamp": null, "job_restarts": null, "job_qos": null, "job_partition": null, "job_nodes": null}, {"cmd": "python3 /rwthfs/rz/cluster/home/vx475510/miniforge3/envs/sparkle/lib/python3.10/site-packages/sparkle/Components/smac3-v2.2.0/smac3_target_algorithm.py /rwthfs/rz/cluster/home/vx475510/satellite-operations-planning/sparkle_example/Output/Configuration/Raw_Data/SMAC3/RandomForest_Iris/RandomForest_Iris_scenario.txt 38 Output/Performance_Data/performance_data.csv", "working_dir": ".", "output_file": null, "stdout_file": "Output/Log/configure_solver_2025-04-01-11.05.05/SMAC3:_RandomForest_on_Iris-0011.out", "stderr_file": "Output/Log/configure_solver_2025-04-01-11.05.05/SMAC3:_RandomForest_on_Iris-0011.err", "slurm_job_id": "55636881_11", "job_state": null, "start_time_stamp": null, "end_time_stamp": null, "submit_time_stamp": null, "job_restarts": null, "job_qos": null, "job_partition": null, "job_nodes": null}, {"cmd": "python3 /rwthfs/rz/cluster/home/vx475510/miniforge3/envs/sparkle/lib/python3.10/site-packages/sparkle/Components/smac3-v2.2.0/smac3_target_algorithm.py /rwthfs/rz/cluster/home/vx475510/satellite-operations-planning/sparkle_example/Output/Configuration/Raw_Data/SMAC3/RandomForest_Iris/RandomForest_Iris_scenario.txt 39 Output/Performance_Data/performance_data.csv", "working_dir": ".", "output_file": null, "stdout_file": "Output/Log/configure_solver_2025-04-01-11.05.05/SMAC3:_RandomForest_on_Iris-0012.out", "stderr_file": "Output/Log/configure_solver_2025-04-01-11.05.05/SMAC3:_RandomForest_on_Iris-0012.err", "slurm_job_id": "55636881_12", "job_state": null, "start_time_stamp": null, "end_time_stamp": null, "submit_time_stamp": null, "job_restarts": null, "job_qos": null, "job_partition": null, "job_nodes": null}, {"cmd": "python3 /rwthfs/rz/cluster/home/vx475510/miniforge3/envs/sparkle/lib/python3.10/site-packages/sparkle/Components/smac3-v2.2.0/smac3_target_algorithm.py /rwthfs/rz/cluster/home/vx475510/satellite-operations-planning/sparkle_example/Output/Configuration/Raw_Data/SMAC3/RandomForest_Iris/RandomForest_Iris_scenario.txt 40 Output/Performance_Data/performance_data.csv", "working_dir": ".", "output_file": null, "stdout_file": "Output/Log/configure_solver_2025-04-01-11.05.05/SMAC3:_RandomForest_on_Iris-0013.out", "stderr_file": "Output/Log/configure_solver_2025-04-01-11.05.05/SMAC3:_RandomForest_on_Iris-0013.err", "slurm_job_id": "55636881_13", "job_state": null, "start_time_stamp": null, "end_time_stamp": null, "submit_time_stamp": null, "job_restarts": null, "job_qos": null, "job_partition": null, "job_nodes": null}, {"cmd": "python3 /rwthfs/rz/cluster/home/vx475510/miniforge3/envs/sparkle/lib/python3.10/site-packages/sparkle/Components/smac3-v2.2.0/smac3_target_algorithm.py /rwthfs/rz/cluster/home/vx475510/satellite-operations-planning/sparkle_example/Output/Configuration/Raw_Data/SMAC3/RandomForest_Iris/RandomForest_Iris_scenario.txt 41 Output/Performance_Data/performance_data.csv", "working_dir": ".", "output_file": null, "stdout_file": "Output/Log/configure_solver_2025-04-01-11.05.05/SMAC3:_RandomForest_on_Iris-0014.out", "stderr_file": "Output/Log/configure_solver_2025-04-01-11.05.05/SMAC3:_RandomForest_on_Iris-0014.err", "slurm_job_id": "55636881_14", "job_state": null, "start_time_stamp": null, "end_time_stamp": null, "submit_time_stamp": null, "job_restarts": null, "job_qos": null, "job_partition": null, "job_nodes": null}, {"cmd": "python3 /rwthfs/rz/cluster/home/vx475510/miniforge3/envs/sparkle/lib/python3.10/site-packages/sparkle/Components/smac3-v2.2.0/smac3_target_algorithm.py /rwthfs/rz/cluster/home/vx475510/satellite-operations-planning/sparkle_example/Output/Configuration/Raw_Data/SMAC3/RandomForest_Iris/RandomForest_Iris_scenario.txt 42 Output/Performance_Data/performance_data.csv", "working_dir": ".", "output_file": null, "stdout_file": "Output/Log/configure_solver_2025-04-01-11.05.05/SMAC3:_RandomForest_on_Iris-0015.out", "stderr_file": "Output/Log/configure_solver_2025-04-01-11.05.05/SMAC3:_RandomForest_on_Iris-0015.err", "slurm_job_id": "55636881_15", "job_state": null, "start_time_stamp": null, "end_time_stamp": null, "submit_time_stamp": null, "job_restarts": null, "job_qos": null, "job_partition": null, "job_nodes": null}, {"cmd": "python3 /rwthfs/rz/cluster/home/vx475510/miniforge3/envs/sparkle/lib/python3.10/site-packages/sparkle/Components/smac3-v2.2.0/smac3_target_algorithm.py /rwthfs/rz/cluster/home/vx475510/satellite-operations-planning/sparkle_example/Output/Configuration/Raw_Data/SMAC3/RandomForest_Iris/RandomForest_Iris_scenario.txt 43 Output/Performance_Data/performance_data.csv", "working_dir": ".", "output_file": null, "stdout_file": "Output/Log/configure_solver_2025-04-01-11.05.05/SMAC3:_RandomForest_on_Iris-0016.out", "stderr_file": "Output/Log/configure_solver_2025-04-01-11.05.05/SMAC3:_RandomForest_on_Iris-0016.err", "slurm_job_id": "55636881_16", "job_state": null, "start_time_stamp": null, "end_time_stamp": null, "submit_time_stamp": null, "job_restarts": null, "job_qos": null, "job_partition": null, "job_nodes": null}, {"cmd": "python3 /rwthfs/rz/cluster/home/vx475510/miniforge3/envs/sparkle/lib/python3.10/site-packages/sparkle/Components/smac3-v2.2.0/smac3_target_algorithm.py /rwthfs/rz/cluster/home/vx475510/satellite-operations-planning/sparkle_example/Output/Configuration/Raw_Data/SMAC3/RandomForest_Iris/RandomForest_Iris_scenario.txt 44 Output/Performance_Data/performance_data.csv", "working_dir": ".", "output_file": null, "stdout_file": "Output/Log/configure_solver_2025-04-01-11.05.05/SMAC3:_RandomForest_on_Iris-0017.out", "stderr_file": "Output/Log/configure_solver_2025-04-01-11.05.05/SMAC3:_RandomForest_on_Iris-0017.err", "slurm_job_id": "55636881_17", "job_state": null, "start_time_stamp": null, "end_time_stamp": null, "submit_time_stamp": null, "job_restarts": null, "job_qos": null, "job_partition": null, "job_nodes": null}, {"cmd": "python3 /rwthfs/rz/cluster/home/vx475510/miniforge3/envs/sparkle/lib/python3.10/site-packages/sparkle/Components/smac3-v2.2.0/smac3_target_algorithm.py /rwthfs/rz/cluster/home/vx475510/satellite-operations-planning/sparkle_example/Output/Configuration/Raw_Data/SMAC3/RandomForest_Iris/RandomForest_Iris_scenario.txt 45 Output/Performance_Data/performance_data.csv", "working_dir": ".", "output_file": null, "stdout_file": "Output/Log/configure_solver_2025-04-01-11.05.05/SMAC3:_RandomForest_on_Iris-0018.out", "stderr_file": "Output/Log/configure_solver_2025-04-01-11.05.05/SMAC3:_RandomForest_on_Iris-0018.err", "slurm_job_id": "55636881_18", "job_state": null, "start_time_stamp": null, "end_time_stamp": null, "submit_time_stamp": null, "job_restarts": null, "job_qos": null, "job_partition": null, "job_nodes": null}, {"cmd": "python3 /rwthfs/rz/cluster/home/vx475510/miniforge3/envs/sparkle/lib/python3.10/site-packages/sparkle/Components/smac3-v2.2.0/smac3_target_algorithm.py /rwthfs/rz/cluster/home/vx475510/satellite-operations-planning/sparkle_example/Output/Configuration/Raw_Data/SMAC3/RandomForest_Iris/RandomForest_Iris_scenario.txt 46 Output/Performance_Data/performance_data.csv", "working_dir": ".", "output_file": null, "stdout_file": "Output/Log/configure_solver_2025-04-01-11.05.05/SMAC3:_RandomForest_on_Iris-0019.out", "stderr_file": "Output/Log/configure_solver_2025-04-01-11.05.05/SMAC3:_RandomForest_on_Iris-0019.err", "slurm_job_id": "55636881_19", "job_state": null, "start_time_stamp": null, "end_time_stamp": null, "submit_time_stamp": null, "job_restarts": null, "job_qos": null, "job_partition": null, "job_nodes": null}, {"cmd": "python3 /rwthfs/rz/cluster/home/vx475510/miniforge3/envs/sparkle/lib/python3.10/site-packages/sparkle/Components/smac3-v2.2.0/smac3_target_algorithm.py /rwthfs/rz/cluster/home/vx475510/satellite-operations-planning/sparkle_example/Output/Configuration/Raw_Data/SMAC3/RandomForest_Iris/RandomForest_Iris_scenario.txt 47 Output/Performance_Data/performance_data.csv", "working_dir": ".", "output_file": null, "stdout_file": "Output/Log/configure_solver_2025-04-01-11.05.05/SMAC3:_RandomForest_on_Iris-0020.out", "stderr_file": "Output/Log/configure_solver_2025-04-01-11.05.05/SMAC3:_RandomForest_on_Iris-0020.err", "slurm_job_id": "55636881_20", "job_state": null, "start_time_stamp": null, "end_time_stamp": null, "submit_time_stamp": null, "job_restarts": null, "job_qos": null, "job_partition": null, "job_nodes": null}, {"cmd": "python3 /rwthfs/rz/cluster/home/vx475510/miniforge3/envs/sparkle/lib/python3.10/site-packages/sparkle/Components/smac3-v2.2.0/smac3_target_algorithm.py /rwthfs/rz/cluster/home/vx475510/satellite-operations-planning/sparkle_example/Output/Configuration/Raw_Data/SMAC3/RandomForest_Iris/RandomForest_Iris_scenario.txt 48 Output/Performance_Data/performance_data.csv", "working_dir": ".", "output_file": null, "stdout_file": "Output/Log/configure_solver_2025-04-01-11.05.05/SMAC3:_RandomForest_on_Iris-0021.out", "stderr_file": "Output/Log/configure_solver_2025-04-01-11.05.05/SMAC3:_RandomForest_on_Iris-0021.err", "slurm_job_id": "55636881_21", "job_state": null, "start_time_stamp": null, "end_time_stamp": null, "submit_time_stamp": null, "job_restarts": null, "job_qos": null, "job_partition": null, "job_nodes": null}, {"cmd": "python3 /rwthfs/rz/cluster/home/vx475510/miniforge3/envs/sparkle/lib/python3.10/site-packages/sparkle/Components/smac3-v2.2.0/smac3_target_algorithm.py /rwthfs/rz/cluster/home/vx475510/satellite-operations-planning/sparkle_example/Output/Configuration/Raw_Data/SMAC3/RandomForest_Iris/RandomForest_Iris_scenario.txt 49 Output/Performance_Data/performance_data.csv", "working_dir": ".", "output_file": null, "stdout_file": "Output/Log/configure_solver_2025-04-01-11.05.05/SMAC3:_RandomForest_on_Iris-0022.out", "stderr_file": "Output/Log/configure_solver_2025-04-01-11.05.05/SMAC3:_RandomForest_on_Iris-0022.err", "slurm_job_id": "55636881_22", "job_state": null, "start_time_stamp": null, "end_time_stamp": null, "submit_time_stamp": null, "job_restarts": null, "job_qos": null, "job_partition": null, "job_nodes": null}, {"cmd": "python3 /rwthfs/rz/cluster/home/vx475510/miniforge3/envs/sparkle/lib/python3.10/site-packages/sparkle/Components/smac3-v2.2.0/smac3_target_algorithm.py /rwthfs/rz/cluster/home/vx475510/satellite-operations-planning/sparkle_example/Output/Configuration/Raw_Data/SMAC3/RandomForest_Iris/RandomForest_Iris_scenario.txt 50 Output/Performance_Data/performance_data.csv", "working_dir": ".", "output_file": null, "stdout_file": "Output/Log/configure_solver_2025-04-01-11.05.05/SMAC3:_RandomForest_on_Iris-0023.out", "stderr_file": "Output/Log/configure_solver_2025-04-01-11.05.05/SMAC3:_RandomForest_on_Iris-0023.err", "slurm_job_id": "55636881_23", "job_state": null, "start_time_stamp": null, "end_time_stamp": null, "submit_time_stamp": null, "job_restarts": null, "job_qos": null, "job_partition": null, "job_nodes": null}, {"cmd": "python3 /rwthfs/rz/cluster/home/vx475510/miniforge3/envs/sparkle/lib/python3.10/site-packages/sparkle/Components/smac3-v2.2.0/smac3_target_algorithm.py /rwthfs/rz/cluster/home/vx475510/satellite-operations-planning/sparkle_example/Output/Configuration/Raw_Data/SMAC3/RandomForest_Iris/RandomForest_Iris_scenario.txt 51 Output/Performance_Data/performance_data.csv", "working_dir": ".", "output_file": null, "stdout_file": "Output/Log/configure_solver_2025-04-01-11.05.05/SMAC3:_RandomForest_on_Iris-0024.out", "stderr_file": "Output/Log/configure_solver_2025-04-01-11.05.05/SMAC3:_RandomForest_on_Iris-0024.err", "slurm_job_id": "55636881_24", "job_state": null, "start_time_stamp": null, "end_time_stamp": null, "submit_time_stamp": null, "job_restarts": null, "job_qos": null, "job_partition": null, "job_nodes": null}], "parallel_jobs": 25, "submitted": true, "run_id": "55636881", "prepend": ""}], "sbatch_options": ["--qos=normal", "--mem-per-cpu=2541", "--time=3:00", "--partition=c23ms"], "srun_options": [], "jobs": [{"cmd": "python3 /rwthfs/rz/cluster/home/vx475510/miniforge3/envs/sparkle/lib/python3.10/site-packages/sparkle/solver/solver_cli.py --solver Solvers/RandomForest --instance Instances/Iris/Iris.csv --run-index 27 --performance-dataframe Output/Performance_Data/performance_data.csv --cutoff-time 60 --log-dir Output/Configuration/Raw_Data/SMAC3/RandomForest_Iris/validation   ", "working_dir": ".", "output_file": null, "stdout_file": "Output/Log/configure_solver_2025-04-01-11.05.05/SMAC3:_Validating_25_RandomForest_Configurations_on_Iris-0000.out", "stderr_file": "Output/Log/configure_solver_2025-04-01-11.05.05/SMAC3:_Validating_25_RandomForest_Configurations_on_Iris-0000.err", "slurm_job_id": "55636882_0", "job_state": null, "start_time_stamp": null, "end_time_stamp": null, "submit_time_stamp": null, "job_restarts": null, "job_qos": null, "job_partition": null, "job_nodes": null}, {"cmd": "python3 /rwthfs/rz/cluster/home/vx475510/miniforge3/envs/sparkle/lib/python3.10/site-packages/sparkle/solver/solver_cli.py --solver Solvers/RandomForest --instance Instances/Iris/Iris.csv --run-index 28 --performance-dataframe Output/Performance_Data/performance_data.csv --cutoff-time 60 --log-dir Output/Configuration/Raw_Data/SMAC3/RandomForest_Iris/validation   ", "working_dir": ".", "output_file": null, "stdout_file": "Output/Log/configure_solver_2025-04-01-11.05.05/SMAC3:_Validating_25_RandomForest_Configurations_on_Iris-0001.out", "stderr_file": "Output/Log/configure_solver_2025-04-01-11.05.05/SMAC3:_Validating_25_RandomForest_Configurations_on_Iris-0001.err", "slurm_job_id": "55636882_1", "job_state": null, "start_time_stamp": null, "end_time_stamp": null, "submit_time_stamp": null, "job_restarts": null, "job_qos": null, "job_partition": null, "job_nodes": null}, {"cmd": "python3 /rwthfs/rz/cluster/home/vx475510/miniforge3/envs/sparkle/lib/python3.10/site-packages/sparkle/solver/solver_cli.py --solver Solvers/RandomForest --instance Instances/Iris/Iris.csv --run-index 29 --performance-dataframe Output/Performance_Data/performance_data.csv --cutoff-time 60 --log-dir Output/Configuration/Raw_Data/SMAC3/RandomForest_Iris/validation   ", "working_dir": ".", "output_file": null, "stdout_file": "Output/Log/configure_solver_2025-04-01-11.05.05/SMAC3:_Validating_25_RandomForest_Configurations_on_Iris-0002.out", "stderr_file": "Output/Log/configure_solver_2025-04-01-11.05.05/SMAC3:_Validating_25_RandomForest_Configurations_on_Iris-0002.err", "slurm_job_id": "55636882_2", "job_state": null, "start_time_stamp": null, "end_time_stamp": null, "submit_time_stamp": null, "job_restarts": null, "job_qos": null, "job_partition": null, "job_nodes": null}, {"cmd": "python3 /rwthfs/rz/cluster/home/vx475510/miniforge3/envs/sparkle/lib/python3.10/site-packages/sparkle/solver/solver_cli.py --solver Solvers/RandomForest --instance Instances/Iris/Iris.csv --run-index 30 --performance-dataframe Output/Performance_Data/performance_data.csv --cutoff-time 60 --log-dir Output/Configuration/Raw_Data/SMAC3/RandomForest_Iris/validation   ", "working_dir": ".", "output_file": null, "stdout_file": "Output/Log/configure_solver_2025-04-01-11.05.05/SMAC3:_Validating_25_RandomForest_Configurations_on_Iris-0003.out", "stderr_file": "Output/Log/configure_solver_2025-04-01-11.05.05/SMAC3:_Validating_25_RandomForest_Configurations_on_Iris-0003.err", "slurm_job_id": "55636882_3", "job_state": null, "start_time_stamp": null, "end_time_stamp": null, "submit_time_stamp": null, "job_restarts": null, "job_qos": null, "job_partition": null, "job_nodes": null}, {"cmd": "python3 /rwthfs/rz/cluster/home/vx475510/miniforge3/envs/sparkle/lib/python3.10/site-packages/sparkle/solver/solver_cli.py --solver Solvers/RandomForest --instance Instances/Iris/Iris.csv --run-index 31 --performance-dataframe Output/Performance_Data/performance_data.csv --cutoff-time 60 --log-dir Output/Configuration/Raw_Data/SMAC3/RandomForest_Iris/validation   ", "working_dir": ".", "output_file": null, "stdout_file": "Output/Log/configure_solver_2025-04-01-11.05.05/SMAC3:_Validating_25_RandomForest_Configurations_on_Iris-0004.out", "stderr_file": "Output/Log/configure_solver_2025-04-01-11.05.05/SMAC3:_Validating_25_RandomForest_Configurations_on_Iris-0004.err", "slurm_job_id": "55636882_4", "job_state": null, "start_time_stamp": null, "end_time_stamp": null, "submit_time_stamp": null, "job_restarts": null, "job_qos": null, "job_partition": null, "job_nodes": null}, {"cmd": "python3 /rwthfs/rz/cluster/home/vx475510/miniforge3/envs/sparkle/lib/python3.10/site-packages/sparkle/solver/solver_cli.py --solver Solvers/RandomForest --instance Instances/Iris/Iris.csv --run-index 32 --performance-dataframe Output/Performance_Data/performance_data.csv --cutoff-time 60 --log-dir Output/Configuration/Raw_Data/SMAC3/RandomForest_Iris/validation   ", "working_dir": ".", "output_file": null, "stdout_file": "Output/Log/configure_solver_2025-04-01-11.05.05/SMAC3:_Validating_25_RandomForest_Configurations_on_Iris-0005.out", "stderr_file": "Output/Log/configure_solver_2025-04-01-11.05.05/SMAC3:_Validating_25_RandomForest_Configurations_on_Iris-0005.err", "slurm_job_id": "55636882_5", "job_state": null, "start_time_stamp": null, "end_time_stamp": null, "submit_time_stamp": null, "job_restarts": null, "job_qos": null, "job_partition": null, "job_nodes": null}, {"cmd": "python3 /rwthfs/rz/cluster/home/vx475510/miniforge3/envs/sparkle/lib/python3.10/site-packages/sparkle/solver/solver_cli.py --solver Solvers/RandomForest --instance Instances/Iris/Iris.csv --run-index 33 --performance-dataframe Output/Performance_Data/performance_data.csv --cutoff-time 60 --log-dir Output/Configuration/Raw_Data/SMAC3/RandomForest_Iris/validation   ", "working_dir": ".", "output_file": null, "stdout_file": "Output/Log/configure_solver_2025-04-01-11.05.05/SMAC3:_Validating_25_RandomForest_Configurations_on_Iris-0006.out", "stderr_file": "Output/Log/configure_solver_2025-04-01-11.05.05/SMAC3:_Validating_25_RandomForest_Configurations_on_Iris-0006.err", "slurm_job_id": "55636882_6", "job_state": null, "start_time_stamp": null, "end_time_stamp": null, "submit_time_stamp": null, "job_restarts": null, "job_qos": null, "job_partition": null, "job_nodes": null}, {"cmd": "python3 /rwthfs/rz/cluster/home/vx475510/miniforge3/envs/sparkle/lib/python3.10/site-packages/sparkle/solver/solver_cli.py --solver Solvers/RandomForest --instance Instances/Iris/Iris.csv --run-index 34 --performance-dataframe Output/Performance_Data/performance_data.csv --cutoff-time 60 --log-dir Output/Configuration/Raw_Data/SMAC3/RandomForest_Iris/validation   ", "working_dir": ".", "output_file": null, "stdout_file": "Output/Log/configure_solver_2025-04-01-11.05.05/SMAC3:_Validating_25_RandomForest_Configurations_on_Iris-0007.out", "stderr_file": "Output/Log/configure_solver_2025-04-01-11.05.05/SMAC3:_Validating_25_RandomForest_Configurations_on_Iris-0007.err", "slurm_job_id": "55636882_7", "job_state": null, "start_time_stamp": null, "end_time_stamp": null, "submit_time_stamp": null, "job_restarts": null, "job_qos": null, "job_partition": null, "job_nodes": null}, {"cmd": "python3 /rwthfs/rz/cluster/home/vx475510/miniforge3/envs/sparkle/lib/python3.10/site-packages/sparkle/solver/solver_cli.py --solver Solvers/RandomForest --instance Instances/Iris/Iris.csv --run-index 35 --performance-dataframe Output/Performance_Data/performance_data.csv --cutoff-time 60 --log-dir Output/Configuration/Raw_Data/SMAC3/RandomForest_Iris/validation   ", "working_dir": ".", "output_file": null, "stdout_file": "Output/Log/configure_solver_2025-04-01-11.05.05/SMAC3:_Validating_25_RandomForest_Configurations_on_Iris-0008.out", "stderr_file": "Output/Log/configure_solver_2025-04-01-11.05.05/SMAC3:_Validating_25_RandomForest_Configurations_on_Iris-0008.err", "slurm_job_id": "55636882_8", "job_state": null, "start_time_stamp": null, "end_time_stamp": null, "submit_time_stamp": null, "job_restarts": null, "job_qos": null, "job_partition": null, "job_nodes": null}, {"cmd": "python3 /rwthfs/rz/cluster/home/vx475510/miniforge3/envs/sparkle/lib/python3.10/site-packages/sparkle/solver/solver_cli.py --solver Solvers/RandomForest --instance Instances/Iris/Iris.csv --run-index 36 --performance-dataframe Output/Performance_Data/performance_data.csv --cutoff-time 60 --log-dir Output/Configuration/Raw_Data/SMAC3/RandomForest_Iris/validation   ", "working_dir": ".", "output_file": null, "stdout_file": "Output/Log/configure_solver_2025-04-01-11.05.05/SMAC3:_Validating_25_RandomForest_Configurations_on_Iris-0009.out", "stderr_file": "Output/Log/configure_solver_2025-04-01-11.05.05/SMAC3:_Validating_25_RandomForest_Configurations_on_Iris-0009.err", "slurm_job_id": "55636882_9", "job_state": null, "start_time_stamp": null, "end_time_stamp": null, "submit_time_stamp": null, "job_restarts": null, "job_qos": null, "job_partition": null, "job_nodes": null}, {"cmd": "python3 /rwthfs/rz/cluster/home/vx475510/miniforge3/envs/sparkle/lib/python3.10/site-packages/sparkle/solver/solver_cli.py --solver Solvers/RandomForest --instance Instances/Iris/Iris.csv --run-index 37 --performance-dataframe Output/Performance_Data/performance_data.csv --cutoff-time 60 --log-dir Output/Configuration/Raw_Data/SMAC3/RandomForest_Iris/validation   ", "working_dir": ".", "output_file": null, "stdout_file": "Output/Log/configure_solver_2025-04-01-11.05.05/SMAC3:_Validating_25_RandomForest_Configurations_on_Iris-0010.out", "stderr_file": "Output/Log/configure_solver_2025-04-01-11.05.05/SMAC3:_Validating_25_RandomForest_Configurations_on_Iris-0010.err", "slurm_job_id": "55636882_10", "job_state": null, "start_time_stamp": null, "end_time_stamp": null, "submit_time_stamp": null, "job_restarts": null, "job_qos": null, "job_partition": null, "job_nodes": null}, {"cmd": "python3 /rwthfs/rz/cluster/home/vx475510/miniforge3/envs/sparkle/lib/python3.10/site-packages/sparkle/solver/solver_cli.py --solver Solvers/RandomForest --instance Instances/Iris/Iris.csv --run-index 38 --performance-dataframe Output/Performance_Data/performance_data.csv --cutoff-time 60 --log-dir Output/Configuration/Raw_Data/SMAC3/RandomForest_Iris/validation   ", "working_dir": ".", "output_file": null, "stdout_file": "Output/Log/configure_solver_2025-04-01-11.05.05/SMAC3:_Validating_25_RandomForest_Configurations_on_Iris-0011.out", "stderr_file": "Output/Log/configure_solver_2025-04-01-11.05.05/SMAC3:_Validating_25_RandomForest_Configurations_on_Iris-0011.err", "slurm_job_id": "55636882_11", "job_state": null, "start_time_stamp": null, "end_time_stamp": null, "submit_time_stamp": null, "job_restarts": null, "job_qos": null, "job_partition": null, "job_nodes": null}, {"cmd": "python3 /rwthfs/rz/cluster/home/vx475510/miniforge3/envs/sparkle/lib/python3.10/site-packages/sparkle/solver/solver_cli.py --solver Solvers/RandomForest --instance Instances/Iris/Iris.csv --run-index 39 --performance-dataframe Output/Performance_Data/performance_data.csv --cutoff-time 60 --log-dir Output/Configuration/Raw_Data/SMAC3/RandomForest_Iris/validation   ", "working_dir": ".", "output_file": null, "stdout_file": "Output/Log/configure_solver_2025-04-01-11.05.05/SMAC3:_Validating_25_RandomForest_Configurations_on_Iris-0012.out", "stderr_file": "Output/Log/configure_solver_2025-04-01-11.05.05/SMAC3:_Validating_25_RandomForest_Configurations_on_Iris-0012.err", "slurm_job_id": "55636882_12", "job_state": null, "start_time_stamp": null, "end_time_stamp": null, "submit_time_stamp": null, "job_restarts": null, "job_qos": null, "job_partition": null, "job_nodes": null}, {"cmd": "python3 /rwthfs/rz/cluster/home/vx475510/miniforge3/envs/sparkle/lib/python3.10/site-packages/sparkle/solver/solver_cli.py --solver Solvers/RandomForest --instance Instances/Iris/Iris.csv --run-index 40 --performance-dataframe Output/Performance_Data/performance_data.csv --cutoff-time 60 --log-dir Output/Configuration/Raw_Data/SMAC3/RandomForest_Iris/validation   ", "working_dir": ".", "output_file": null, "stdout_file": "Output/Log/configure_solver_2025-04-01-11.05.05/SMAC3:_Validating_25_RandomForest_Configurations_on_Iris-0013.out", "stderr_file": "Output/Log/configure_solver_2025-04-01-11.05.05/SMAC3:_Validating_25_RandomForest_Configurations_on_Iris-0013.err", "slurm_job_id": "55636882_13", "job_state": null, "start_time_stamp": null, "end_time_stamp": null, "submit_time_stamp": null, "job_restarts": null, "job_qos": null, "job_partition": null, "job_nodes": null}, {"cmd": "python3 /rwthfs/rz/cluster/home/vx475510/miniforge3/envs/sparkle/lib/python3.10/site-packages/sparkle/solver/solver_cli.py --solver Solvers/RandomForest --instance Instances/Iris/Iris.csv --run-index 41 --performance-dataframe Output/Performance_Data/performance_data.csv --cutoff-time 60 --log-dir Output/Configuration/Raw_Data/SMAC3/RandomForest_Iris/validation   ", "working_dir": ".", "output_file": null, "stdout_file": "Output/Log/configure_solver_2025-04-01-11.05.05/SMAC3:_Validating_25_RandomForest_Configurations_on_Iris-0014.out", "stderr_file": "Output/Log/configure_solver_2025-04-01-11.05.05/SMAC3:_Validating_25_RandomForest_Configurations_on_Iris-0014.err", "slurm_job_id": "55636882_14", "job_state": null, "start_time_stamp": null, "end_time_stamp": null, "submit_time_stamp": null, "job_restarts": null, "job_qos": null, "job_partition": null, "job_nodes": null}, {"cmd": "python3 /rwthfs/rz/cluster/home/vx475510/miniforge3/envs/sparkle/lib/python3.10/site-packages/sparkle/solver/solver_cli.py --solver Solvers/RandomForest --instance Instances/Iris/Iris.csv --run-index 42 --performance-dataframe Output/Performance_Data/performance_data.csv --cutoff-time 60 --log-dir Output/Configuration/Raw_Data/SMAC3/RandomForest_Iris/validation   ", "working_dir": ".", "output_file": null, "stdout_file": "Output/Log/configure_solver_2025-04-01-11.05.05/SMAC3:_Validating_25_RandomForest_Configurations_on_Iris-0015.out", "stderr_file": "Output/Log/configure_solver_2025-04-01-11.05.05/SMAC3:_Validating_25_RandomForest_Configurations_on_Iris-0015.err", "slurm_job_id": "55636882_15", "job_state": null, "start_time_stamp": null, "end_time_stamp": null, "submit_time_stamp": null, "job_restarts": null, "job_qos": null, "job_partition": null, "job_nodes": null}, {"cmd": "python3 /rwthfs/rz/cluster/home/vx475510/miniforge3/envs/sparkle/lib/python3.10/site-packages/sparkle/solver/solver_cli.py --solver Solvers/RandomForest --instance Instances/Iris/Iris.csv --run-index 43 --performance-dataframe Output/Performance_Data/performance_data.csv --cutoff-time 60 --log-dir Output/Configuration/Raw_Data/SMAC3/RandomForest_Iris/validation   ", "working_dir": ".", "output_file": null, "stdout_file": "Output/Log/configure_solver_2025-04-01-11.05.05/SMAC3:_Validating_25_RandomForest_Configurations_on_Iris-0016.out", "stderr_file": "Output/Log/configure_solver_2025-04-01-11.05.05/SMAC3:_Validating_25_RandomForest_Configurations_on_Iris-0016.err", "slurm_job_id": "55636882_16", "job_state": null, "start_time_stamp": null, "end_time_stamp": null, "submit_time_stamp": null, "job_restarts": null, "job_qos": null, "job_partition": null, "job_nodes": null}, {"cmd": "python3 /rwthfs/rz/cluster/home/vx475510/miniforge3/envs/sparkle/lib/python3.10/site-packages/sparkle/solver/solver_cli.py --solver Solvers/RandomForest --instance Instances/Iris/Iris.csv --run-index 44 --performance-dataframe Output/Performance_Data/performance_data.csv --cutoff-time 60 --log-dir Output/Configuration/Raw_Data/SMAC3/RandomForest_Iris/validation   ", "working_dir": ".", "output_file": null, "stdout_file": "Output/Log/configure_solver_2025-04-01-11.05.05/SMAC3:_Validating_25_RandomForest_Configurations_on_Iris-0017.out", "stderr_file": "Output/Log/configure_solver_2025-04-01-11.05.05/SMAC3:_Validating_25_RandomForest_Configurations_on_Iris-0017.err", "slurm_job_id": "55636882_17", "job_state": null, "start_time_stamp": null, "end_time_stamp": null, "submit_time_stamp": null, "job_restarts": null, "job_qos": null, "job_partition": null, "job_nodes": null}, {"cmd": "python3 /rwthfs/rz/cluster/home/vx475510/miniforge3/envs/sparkle/lib/python3.10/site-packages/sparkle/solver/solver_cli.py --solver Solvers/RandomForest --instance Instances/Iris/Iris.csv --run-index 45 --performance-dataframe Output/Performance_Data/performance_data.csv --cutoff-time 60 --log-dir Output/Configuration/Raw_Data/SMAC3/RandomForest_Iris/validation   ", "working_dir": ".", "output_file": null, "stdout_file": "Output/Log/configure_solver_2025-04-01-11.05.05/SMAC3:_Validating_25_RandomForest_Configurations_on_Iris-0018.out", "stderr_file": "Output/Log/configure_solver_2025-04-01-11.05.05/SMAC3:_Validating_25_RandomForest_Configurations_on_Iris-0018.err", "slurm_job_id": "55636882_18", "job_state": null, "start_time_stamp": null, "end_time_stamp": null, "submit_time_stamp": null, "job_restarts": null, "job_qos": null, "job_partition": null, "job_nodes": null}, {"cmd": "python3 /rwthfs/rz/cluster/home/vx475510/miniforge3/envs/sparkle/lib/python3.10/site-packages/sparkle/solver/solver_cli.py --solver Solvers/RandomForest --instance Instances/Iris/Iris.csv --run-index 46 --performance-dataframe Output/Performance_Data/performance_data.csv --cutoff-time 60 --log-dir Output/Configuration/Raw_Data/SMAC3/RandomForest_Iris/validation   ", "working_dir": ".", "output_file": null, "stdout_file": "Output/Log/configure_solver_2025-04-01-11.05.05/SMAC3:_Validating_25_RandomForest_Configurations_on_Iris-0019.out", "stderr_file": "Output/Log/configure_solver_2025-04-01-11.05.05/SMAC3:_Validating_25_RandomForest_Configurations_on_Iris-0019.err", "slurm_job_id": "55636882_19", "job_state": null, "start_time_stamp": null, "end_time_stamp": null, "submit_time_stamp": null, "job_restarts": null, "job_qos": null, "job_partition": null, "job_nodes": null}, {"cmd": "python3 /rwthfs/rz/cluster/home/vx475510/miniforge3/envs/sparkle/lib/python3.10/site-packages/sparkle/solver/solver_cli.py --solver Solvers/RandomForest --instance Instances/Iris/Iris.csv --run-index 47 --performance-dataframe Output/Performance_Data/performance_data.csv --cutoff-time 60 --log-dir Output/Configuration/Raw_Data/SMAC3/RandomForest_Iris/validation   ", "working_dir": ".", "output_file": null, "stdout_file": "Output/Log/configure_solver_2025-04-01-11.05.05/SMAC3:_Validating_25_RandomForest_Configurations_on_Iris-0020.out", "stderr_file": "Output/Log/configure_solver_2025-04-01-11.05.05/SMAC3:_Validating_25_RandomForest_Configurations_on_Iris-0020.err", "slurm_job_id": "55636882_20", "job_state": null, "start_time_stamp": null, "end_time_stamp": null, "submit_time_stamp": null, "job_restarts": null, "job_qos": null, "job_partition": null, "job_nodes": null}, {"cmd": "python3 /rwthfs/rz/cluster/home/vx475510/miniforge3/envs/sparkle/lib/python3.10/site-packages/sparkle/solver/solver_cli.py --solver Solvers/RandomForest --instance Instances/Iris/Iris.csv --run-index 48 --performance-dataframe Output/Performance_Data/performance_data.csv --cutoff-time 60 --log-dir Output/Configuration/Raw_Data/SMAC3/RandomForest_Iris/validation   ", "working_dir": ".", "output_file": null, "stdout_file": "Output/Log/configure_solver_2025-04-01-11.05.05/SMAC3:_Validating_25_RandomForest_Configurations_on_Iris-0021.out", "stderr_file": "Output/Log/configure_solver_2025-04-01-11.05.05/SMAC3:_Validating_25_RandomForest_Configurations_on_Iris-0021.err", "slurm_job_id": "55636882_21", "job_state": null, "start_time_stamp": null, "end_time_stamp": null, "submit_time_stamp": null, "job_restarts": null, "job_qos": null, "job_partition": null, "job_nodes": null}, {"cmd": "python3 /rwthfs/rz/cluster/home/vx475510/miniforge3/envs/sparkle/lib/python3.10/site-packages/sparkle/solver/solver_cli.py --solver Solvers/RandomForest --instance Instances/Iris/Iris.csv --run-index 49 --performance-dataframe Output/Performance_Data/performance_data.csv --cutoff-time 60 --log-dir Output/Configuration/Raw_Data/SMAC3/RandomForest_Iris/validation   ", "working_dir": ".", "output_file": null, "stdout_file": "Output/Log/configure_solver_2025-04-01-11.05.05/SMAC3:_Validating_25_RandomForest_Configurations_on_Iris-0022.out", "stderr_file": "Output/Log/configure_solver_2025-04-01-11.05.05/SMAC3:_Validating_25_RandomForest_Configurations_on_Iris-0022.err", "slurm_job_id": "55636882_22", "job_state": null, "start_time_stamp": null, "end_time_stamp": null, "submit_time_stamp": null, "job_restarts": null, "job_qos": null, "job_partition": null, "job_nodes": null}, {"cmd": "python3 /rwthfs/rz/cluster/home/vx475510/miniforge3/envs/sparkle/lib/python3.10/site-packages/sparkle/solver/solver_cli.py --solver Solvers/RandomForest --instance Instances/Iris/Iris.csv --run-index 50 --performance-dataframe Output/Performance_Data/performance_data.csv --cutoff-time 60 --log-dir Output/Configuration/Raw_Data/SMAC3/RandomForest_Iris/validation   ", "working_dir": ".", "output_file": null, "stdout_file": "Output/Log/configure_solver_2025-04-01-11.05.05/SMAC3:_Validating_25_RandomForest_Configurations_on_Iris-0023.out", "stderr_file": "Output/Log/configure_solver_2025-04-01-11.05.05/SMAC3:_Validating_25_RandomForest_Configurations_on_Iris-0023.err", "slurm_job_id": "55636882_23", "job_state": null, "start_time_stamp": null, "end_time_stamp": null, "submit_time_stamp": null, "job_restarts": null, "job_qos": null, "job_partition": null, "job_nodes": null}, {"cmd": "python3 /rwthfs/rz/cluster/home/vx475510/miniforge3/envs/sparkle/lib/python3.10/site-packages/sparkle/solver/solver_cli.py --solver Solvers/RandomForest --instance Instances/Iris/Iris.csv --run-index 51 --performance-dataframe Output/Performance_Data/performance_data.csv --cutoff-time 60 --log-dir Output/Configuration/Raw_Data/SMAC3/RandomForest_Iris/validation   ", "working_dir": ".", "output_file": null, "stdout_file": "Output/Log/configure_solver_2025-04-01-11.05.05/SMAC3:_Validating_25_RandomForest_Configurations_on_Iris-0024.out", "stderr_file": "Output/Log/configure_solver_2025-04-01-11.05.05/SMAC3:_Validating_25_RandomForest_Configurations_on_Iris-0024.err", "slurm_job_id": "55636882_24", "job_state": null, "start_time_stamp": null, "end_time_stamp": null, "submit_time_stamp": null, "job_restarts": null, "job_qos": null, "job_partition": null, "job_nodes": null}], "parallel_jobs": 25, "submitted": true, "run_id": "55636882", "prepend": ""}